file_path;file_id;curve_idx;kcanti;defl_sens;scan_size_x_y_m;map_size_x_y_pixels;z_at_setpoint;hertz_ind_geometry;hertz_tip_parameter;hertz_apply_BEC;hertz_BEC_model;hertz_fit_hline_on_baseline;hertz_delta0;hertz_E;hertz_f0;hertz_slope;hertz_poisson_ratio;hertz_sample_height;hertz_MAE;hertz_MSE;hertz_RMSE;hertz_Rsquared;hertz_chisq;hertz_redchi;hertz_z_c;hertz_max_ind;ting_ind_geometry;ting_tip_parameter;ting_modelFt;ting_apply_BEC;ting_BEC_model;ting_fit_hline_on_baseline;ting_t0;ting_E0;ting_tc;ting_betaE;ting_f0;ting_poisson_ratio;ting_vdrag;ting_smooth_w;ting_idx_tm;ting_MAE;ting_MSE;ting_RMSE;ting_Rsquared;ting_chisq;ting_redchi;ting_v0t_app_vel;ting_v0r_ret_vel
C:/Users/rlolo/Documents/Thèse/MEB et AFM/AFM/Résultats AFM Dynamo/06062025/Plaque hydrophobique_ethanol_PEI 0.5_Incubation 1h/cell2/force mapp/map-data-2025.06.06-11.56.16.356.jpk-force-map;map-data-2025.06.06-11.56.16.356.jpk-force-map;0;0.142;7.801310208055;[2.5e-05, 2.5e-05];[32, 32];5.4737551874628E-06;paraboloid;0.000000032;False;;False;8.46609487687912E-08;9535438.50085047;-1.53708616377418E-11;;0.5;;-4.69461197452566E-19;6.97832387534589E-22;2.64165173241021E-11;0.937091305689363;3.32348902938768E-08;1.10782967646256E-08;7.54722625687402E-07;5.78021618336604E-09;paraboloid;0.000000032;analytical;False;;False;1;501365.51007234;-0.00048794044494848;0.0100245203775939;8.00839453194522E-11;0.5;5,00E-07;5;157;1.27578384095505E-10;1.47629152290218E-19;3.84225392563034E-10;0.973517417813756;1.55754749195962E-07;3.89386872989906E-08;9.9933038626245E-05;9.761737565635E-05
C:/Users/rlolo/Documents/Thèse/MEB et AFM/AFM/Résultats AFM Dynamo/06062025/Plaque hydrophobique_ethanol_PEI 0.5_Incubation 1h/cell2/force mapp/map-data-2025.06.06-11.56.16.356.jpk-force-map;map-data-2025.06.06-11.56.16.356.jpk-force-map;1;0.142;7.801310208055;[2.5e-05, 2.5e-05];[32, 32];5.4907382927987E-06;paraboloid;0.000000032;False;;False;9.0272415232564E-08;12803124.220535;-1.74858423912953E-11;;0.5;;-2.76224360081531E-19;6.83099617420486E-22;2.6136174498585E-11;0.93099079719354;9.93400677355047E-09;3.31133559118349E-09;7.90273610812551E-07;4.92099184275804E-09;paraboloid;0.000000032;analytical;False;;False;1;481942.637926693;-0.00060464616971369;0.0100747753776303;5.94735994475117E-11;0.5;5,00E-07;5;155;1.21551968497746E-10;2.14169569832848E-19;4.62784582535814E-10;0.961235065262247;-1.34444934868012E-06;-3.3611233717003E-07;9.9226276526751E-05;9.7395980299882E-05
C:/Users/rlolo/Documents/Thèse/MEB et AFM/AFM/Résultats AFM Dynamo/06062025/Plaque hydrophobique_ethanol_PEI 0.5_Incubation 1h/cell2/force mapp/map-data-2025.06.06-11.56.16.356.jpk-force-map;map-data-2025.06.06-11.56.16.356.jpk-force-map;2;0.142;7.801310208055;[2.5e-05, 2.5e-05];[32, 32];5.4854872490876E-06;paraboloid;0.000000032;False;;False;8.62734579780348E-08;9198545.2999797;-1.10874574030601E-11;;0.5;;-5.39291561099621E-19;6.90423354664189E-22;2.62759082557424E-11;0.937211681009926;7.77556758200882E-09;2.59185586066961E-09;7.86465421454502E-07;6.01452392647456E-09;paraboloid;0.000000032;analytical;False;;False;1;463684.787067926;-0.000599591035276303;0.0101895986862339;1.19439994780502E-11;0.5;5,00E-07;5;156;8.63980593490344E-11;1.79796958318266E-19;4.24024714277677E-10;0.967273484184185;3.58033297662039E-07;8.95083244155097E-08;9.954275835042E-05;9.7318397311718E-05
C:/Users/rlolo/Documents/Thèse/MEB et AFM/AFM/Résultats AFM Dynamo/06062025/Plaque hydrophobique_ethanol_PEI 0.5_Incubation 1h/cell2/force mapp/map-data-2025.06.06-11.56.16.356.jpk-force-map;map-data-2025.06.06-11.56.16.356.jpk-force-map;3;0.142;7.801310208055;[2.5e-05, 2.5e-05];[32, 32];5.4932928546041E-06;paraboloid;0.000000032;False;;False;8.52650566691405E-08;11757332.3193762;-9.45853928145895E-12;;0.5;;-7.40443428331657E-20;6.06962815363545E-22;2.46366153390344E-11;0.950230749849327;3.95112739966451E-09;1.31704246655484E-09;7.95311774373201E-07;5.27490170594075E-09;paraboloid;0.000000032;analytical;False;;False;1;455887.037153835;-0.000592292962744146;0.0101796488875853;-1.86614502529611E-12;0.5;5,00E-07;5;156;6.02938991499538E-11;1.67334990304463E-19;4.09065997492413E-10;0.966390889493823;8.08310367967387E-07;2.02077591991847E-07;9.9389957709097E-05;9.728149808564E-05
C:/Users/rlolo/Documents/Thèse/MEB et AFM/AFM/Résultats AFM Dynamo/06062025/Plaque hydrophobique_ethanol_PEI 0.5_Incubation 1h/cell2/force mapp/map-data-2025.06.06-11.56.16.356.jpk-force-map;map-data-2025.06.06-11.56.16.356.jpk-force-map;4;0.142;7.801310208055;[2.5e-05, 2.5e-05];[32, 32];5.5056872100303E-06;paraboloid;0.000000032;False;;False;8.32896429724667E-08;4617004.06200483;2.17505157366594E-10;;0.5;;-1.66297319612269E-19;1.27844694533174E-21;3.57553764535034E-11;0.855487684989594;6.04708443319463E-09;2.01569481106488E-09;8.09054370752252E-07;8.26798758974257E-09;paraboloid;0.000000032;analytical;False;;False;1;441462.724498477;-0.000538349054041402;0.010000454746772;2.35370518088183E-11;0.5;5,00E-07;5;157;8.37549395500152E-11;1.21644749498721E-19;3.48776073575469E-10;0.974679531052991;4.50742066945078E-07;1.1268551673627E-07;9.9368669694052E-05;9.724365272556E-05
C:/Users/rlolo/Documents/Thèse/MEB et AFM/AFM/Résultats AFM Dynamo/06062025/Plaque hydrophobique_ethanol_PEI 0.5_Incubation 1h/cell2/force mapp/map-data-2025.06.06-11.56.16.356.jpk-force-map;map-data-2025.06.06-11.56.16.356.jpk-force-map;5;0.142;7.801310208055;[2.5e-05, 2.5e-05];[32, 32];5.52061247391185E-06;paraboloid;0.000000032;False;;False;8.62946684952849E-08;8040329.02795381;4.477298101156E-10;;0.5;;-3.40715606921748E-19;5.78048175782637E-22;2.404263246366E-11;0.843364645615465;1.37016479679059E-09;4.56721598930197E-10;8.23009847281751E-07;4.85779185147599E-09;paraboloid;0.000000032;analytical;False;;False;1;446658.972964174;-0.000623908894365271;0.010004680551288;-2.27287846726012E-11;0.5;5,00E-07;5;156;5.85754350394838E-11;1.59351311245185E-19;3.99188315516856E-10;0.967176612979357;2.24711889152374E-07;5.61779722880935E-08;9.9358735287031E-05;9.722473004552E-05
C:/Users/rlolo/Documents/Thèse/MEB et AFM/AFM/Résultats AFM Dynamo/06062025/Plaque hydrophobique_ethanol_PEI 0.5_Incubation 1h/cell2/force mapp/map-data-2025.06.06-11.56.16.356.jpk-force-map;map-data-2025.06.06-11.56.16.356.jpk-force-map;6;0.142;7.801310208055;[2.5e-05, 2.5e-05];[32, 32];5.53532485764295E-06;paraboloid;0.000000032;False;;False;8.73306216816567E-08;7303567.21702704;2.90369045214254E-10;;0.5;;-1.62429328503799E-19;1.04180499307907E-21;3.2277004090824E-11;0.805846303459293;3.86258183228769E-09;1.28752727742923E-09;8.39827379167301E-07;5.82229145368089E-09;paraboloid;0.000000032;analytical;False;;False;1;449934.469941351;-0.000575548984839443;0.0100162616109231;-3.88999939758625E-11;0.5;5,00E-07;5;156;7.61092780902987E-11;1.37087268918289E-19;3.70252979621082E-10;0.9701472865345;-3.21634029820422E-07;-8.04085074551054E-08;9.9368669694052E-05;9.7212430303494E-05
C:/Users/rlolo/Documents/Thèse/MEB et AFM/AFM/Résultats AFM Dynamo/06062025/Plaque hydrophobique_ethanol_PEI 0.5_Incubation 1h/cell2/force mapp/map-data-2025.06.06-11.56.16.356.jpk-force-map;map-data-2025.06.06-11.56.16.356.jpk-force-map;7;0.142;7.801310208055;[2.5e-05, 2.5e-05];[32, 32];5.5423972093079E-06;paraboloid;0.000000032;False;;False;8.49774090860278E-08;6452261.26279813;1.70405587098398E-10;;0.5;;-1.36882550116813E-19;6.90222135658441E-22;2.62720790128692E-11;0.880489951196641;3.95832487417015E-09;1.31944162472338E-09;8.44747275977702E-07;6.33733856610173E-09;paraboloid;0.000000032;analytical;False;;False;1;461119.989974485;-0.000628542839487356;0.010029373319;1.17337698740112E-11;0.5;5,00E-07;5;156;1.27255010853658E-10;2.00819378388812E-19;4.48128752022019E-10;0.963976060984029;-6.17557950570812E-07;-1.54389487642703E-07;9.942922227018E-05;9.7222837777516E-05
C:/Users/rlolo/Documents/Thèse/MEB et AFM/AFM/Résultats AFM Dynamo/06062025/Plaque hydrophobique_ethanol_PEI 0.5_Incubation 1h/cell2/force mapp/map-data-2025.06.06-11.56.16.356.jpk-force-map;map-data-2025.06.06-11.56.16.356.jpk-force-map;8;0.142;7.801310208055;[2.5e-05, 2.5e-05];[32, 32];5.55079414857565E-06;paraboloid;0.000000032;False;;False;6.68353673449162E-08;201415.457953248;6.12914025651145E-11;;0.5;;-2.61198376677084E-21;9.51737434030745E-22;3.08502420416882E-11;0.928588073976024;1.61090485306305E-08;5.36968284354352E-09;8.86046025165002E-07;5.67978646247588E-08;paraboloid;0.000000032;analytical;False;;False;1;434015.414103399;-6.1224920659804E-05;0.0100000000012362;-1.0558183788197E-10;0.5;5,00E-07;5;164;7.25682428663595E-19;9.31438827842745E-20;3.05194827584405E-10;0.978629952481488;4.86323000533413E-08;1.21580750133353E-08;9.939610758011E-05;9.7207699633484E-05
C:/Users/rlolo/Documents/Thèse/MEB et AFM/AFM/Résultats AFM Dynamo/06062025/Plaque hydrophobique_ethanol_PEI 0.5_Incubation 1h/cell2/force mapp/map-data-2025.06.06-11.56.16.356.jpk-force-map;map-data-2025.06.06-11.56.16.356.jpk-force-map;9;0.142;7.801310208055;[2.5e-05, 2.5e-05];[32, 32];5.56389810450335E-06;paraboloid;0.000000032;False;;False;8.92140345496563E-08;8454439.69268276;-1.86237985443924E-11;;0.5;;-5.84545404970089E-20;9.50689369622523E-22;3.0833251038814E-11;0.878769848873753;2.0838798390677E-08;6.94626613022567E-09;8.70056360531202E-07;5.37237361511218E-09;paraboloid;0.000000032;analytical;False;;False;1;494685.658029261;-0.000644968812206688;0.0100561138699682;4.72963537394236E-11;0.5;5,00E-07;5;156;1.13868347138205E-10;2.46377838063107E-19;4.96364622090562E-10;0.961741030919052;1.14169861852076E-06;2.85424654630189E-07;9.9376238766068E-05;9.7207226566483E-05
C:/Users/rlolo/Documents/Thèse/MEB et AFM/AFM/Résultats AFM Dynamo/06062025/Plaque hydrophobique_ethanol_PEI 0.5_Incubation 1h/cell2/force mapp/map-data-2025.06.06-11.56.16.356.jpk-force-map;map-data-2025.06.06-11.56.16.356.jpk-force-map;10;0.142;7.801310208055;[2.5e-05, 2.5e-05];[32, 32];5.5756538194782E-06;paraboloid;0.000000032;False;;False;8.68901125917146E-08;8320467.56336046;-1.89946576188539E-11;;0.5;;-4.00892697656222E-20;5.70368123462271E-22;2.38823810258163E-11;0.921078567195841;3.21777486667858E-08;1.07259162222619E-08;8.79399433800952E-07;5.41468898285437E-09;paraboloid;0.000000032;analytical;False;;False;1;439465.619827217;-0.000600335457510893;0.0100036326809939;4.22746217612339E-11;0.5;5,00E-07;5;156;8.80855129151299E-11;1.43397675183596E-19;3.78678854946505E-10;0.969931046432124;1.74330882913232E-07;4.35827207283079E-08;0.0000993913769101;9.7213376437496E-05
C:/Users/rlolo/Documents/Thèse/MEB et AFM/AFM/Résultats AFM Dynamo/06062025/Plaque hydrophobique_ethanol_PEI 0.5_Incubation 1h/cell2/force mapp/map-data-2025.06.06-11.56.16.356.jpk-force-map;map-data-2025.06.06-11.56.16.356.jpk-force-map;11;0.142;7.801310208055;[2.5e-05, 2.5e-05];[32, 32];5.5862032136005E-06;paraboloid;0.000000032;False;;False;8.85926025518487E-08;14764565.0505572;1.66702948446887E-11;;0.5;;-2.02223994505318E-19;5.34435308856628E-22;2.31178569261216E-11;0.921916324648938;-4.52940882763076E-09;-1.50980294254359E-09;8.90540161674502E-07;4.03025439554706E-09;paraboloid;0.000000032;analytical;False;;False;1;460784.009425014;-0.000655363163301182;0.0100042514241446;2.55218734379126E-11;0.5;5,00E-07;5;156;1.28556390671834E-10;2.03211447642222E-19;4.50789804279359E-10;0.965591392964885;-2.16038704319955E-05;-5.40096760799886E-06;9.9374346498064E-05;9.7198238293464E-05
C:/Users/rlolo/Documents/Thèse/MEB et AFM/AFM/Résultats AFM Dynamo/06062025/Plaque hydrophobique_ethanol_PEI 0.5_Incubation 1h/cell2/force mapp/map-data-2025.06.06-11.56.16.356.jpk-force-map;map-data-2025.06.06-11.56.16.356.jpk-force-map;12;0.142;7.801310208055;[2.5e-05, 2.5e-05];[32, 32];5.6013886643326E-06;paraboloid;0.000000032;False;;False;8.57913650501845E-08;3321653.78744116;8.45986080056293E-11;;0.5;;-1.60994828336752E-19;6.08337735260749E-22;2.46645035478266E-11;0.895159038505371;8.02163118518318E-09;2.67387706172773E-09;9.07334040210001E-07;9.46110462333061E-09;paraboloid;0.000000032;analytical;False;;False;1;453363.113974819;-0.000620881542822568;0.0100000419014687;-1.39517123160858E-11;0.5;5,00E-07;5;156;7.60336844047826E-11;2.00346726290375E-19;4.47601079411539E-10;0.960559033912094;1.22783569314458E-06;3.06958923286146E-07;9.9350693148014E-05;9.7202022829472E-05
C:/Users/rlolo/Documents/Thèse/MEB et AFM/AFM/Résultats AFM Dynamo/06062025/Plaque hydrophobique_ethanol_PEI 0.5_Incubation 1h/cell2/force mapp/map-data-2025.06.06-11.56.16.356.jpk-force-map;map-data-2025.06.06-11.56.16.356.jpk-force-map;13;0.142;7.801310208055;[2.5e-05, 2.5e-05];[32, 32];5.6125530455562E-06;paraboloid;0.000000032;False;;False;8.86824146702767E-08;3896240.95782995;1.95676151287626E-10;;0.5;;-7.10076256845356E-20;6.41033172353291E-22;2.53186329084588E-11;0.877065777017874;3.15414809094012E-09;1.05138269698004E-09;9.20911063138702E-07;8.21202462530193E-09;paraboloid;0.000000032;analytical;False;;False;1;471791.973543384;-0.000634843929405892;0.0100001179157061;-1.82035608549856E-11;0.5;5,00E-07;5;156;5.53463650310643E-11;2.17460246980252E-19;4.66326330996066E-10;0.959800339818789;2.09029202496766E-07;5.22573006241916E-08;9.937245423006E-05;9.7206753499482E-05
C:/Users/rlolo/Documents/Thèse/MEB et AFM/AFM/Résultats AFM Dynamo/06062025/Plaque hydrophobique_ethanol_PEI 0.5_Incubation 1h/cell2/force mapp/map-data-2025.06.06-11.56.16.356.jpk-force-map;map-data-2025.06.06-11.56.16.356.jpk-force-map;14;0.142;7.801310208055;[2.5e-05, 2.5e-05];[32, 32];5.62381204018E-06;paraboloid;0.000000032;False;;False;8.71552880030771E-08;5069229.66174259;2.82725426101442E-10;;0.5;;-1.82007490495896E-19;5.3902397724642E-22;2.32168899133028E-11;0.883958295929128;1.90190723551801E-09;6.33969078506004E-10;9.30041256258002E-07;6.78850672490583E-09;paraboloid;0.000000032;analytical;False;;False;1;434576.800741678;-0.000552633542619788;0.0100002109509116;-5.33621247122002E-11;0.5;5,00E-07;5;156;3.76745145899689E-11;1.03058042486474E-19;3.21026544831535E-10;0.974144028124983;5.03105416862592E-07;1.25776354215648E-07;9.9378131034072E-05;9.7203442030475E-05
C:/Users/rlolo/Documents/Thèse/MEB et AFM/AFM/Résultats AFM Dynamo/06062025/Plaque hydrophobique_ethanol_PEI 0.5_Incubation 1h/cell2/force mapp/map-data-2025.06.06-11.56.16.356.jpk-force-map;map-data-2025.06.06-11.56.16.356.jpk-force-map;15;0.142;7.801310208055;[2.5e-05, 2.5e-05];[32, 32];5.6321853260977E-06;paraboloid;0.000000032;False;;False;8.56811913587619E-08;5072152.88079013;3.70307743982097E-10;;0.5;;-1.72972312029507E-19;5.46376328079498E-22;2.33746941815181E-11;0.825218499787062;1.55071765894691E-09;5.16905886315636E-10;9.35410566719352E-07;6.33029827587985E-09;paraboloid;0.000000032;analytical;False;;False;1;462271.885301366;-0.000565975189033761;0.0100005314132787;-2.63226156871484E-11;0.5;5,00E-07;5;156;7.53661714353422E-11;1.45299210155022E-19;3.81181335003463E-10;0.970019915580639;3.1266388884686E-07;7.8165972211715E-08;9.9431587605185E-05;9.7198238293464E-05
C:/Users/rlolo/Documents/Thèse/MEB et AFM/AFM/Résultats AFM Dynamo/06062025/Plaque hydrophobique_ethanol_PEI 0.5_Incubation 1h/cell2/force mapp/map-data-2025.06.06-11.56.16.356.jpk-force-map;map-data-2025.06.06-11.56.16.356.jpk-force-map;16;0.142;7.801310208055;[2.5e-05, 2.5e-05];[32, 32];5.6460934959271E-06;paraboloid;0.000000032;False;;False;8.43867347230874E-08;1959946.300571;6.26592722916692E-10;;0.5;;-1.0847024885695E-19;5.01200801027063E-22;2.23875144003765E-11;0.580257929155987;8.71664972017743E-10;2.90554990672581E-10;9.49295083198703E-07;8.04461798191853E-09;paraboloid;0.000000032;analytical;False;;False;1;457330.766065763;-0.00054216078549894;0.0100000000000401;-4.51904032026482E-11;0.5;5,00E-07;5;157;2.86574708406777E-17;1.29918959323964E-19;3.60442726829054E-10;0.972651424157883;8.46883636544447E-08;2.11720909136112E-08;9.9345962478004E-05;9.7190669221448E-05
C:/Users/rlolo/Documents/Thèse/MEB et AFM/AFM/Résultats AFM Dynamo/06062025/Plaque hydrophobique_ethanol_PEI 0.5_Incubation 1h/cell2/force mapp/map-data-2025.06.06-11.56.16.356.jpk-force-map;map-data-2025.06.06-11.56.16.356.jpk-force-map;17;0.142;7.801310208055;[2.5e-05, 2.5e-05];[32, 32];5.6468977098288E-06;paraboloid;0.000000032;False;;False;8.49754983865375E-08;3670402.17398896;5.02987660668101E-10;;0.5;;-5.6695998433615E-20;5.02037889689568E-22;2.2406202036257E-11;0.772472867198177;1.06589690584825E-09;3.55298968616083E-10;9.50383137301002E-07;6.54670868362027E-09;paraboloid;0.000000032;analytical;False;;False;1;398577.009482285;-0.00063594524826982;0.0100000270163906;-4.21753837075478E-11;0.5;5,00E-07;5;155;3.82028037466672E-11;1.2455370874536E-19;3.5292167508579E-10;0.962659840227463;2.70948698392201E-07;6.77371745980503E-08;9.9513428196358E-05;9.7184519350435E-05
C:/Users/rlolo/Documents/Thèse/MEB et AFM/AFM/Résultats AFM Dynamo/06062025/Plaque hydrophobique_ethanol_PEI 0.5_Incubation 1h/cell2/force mapp/map-data-2025.06.06-11.56.16.356.jpk-force-map;map-data-2025.06.06-11.56.16.356.jpk-force-map;18;0.142;7.801310208055;[2.5e-05, 2.5e-05];[32, 32];5.6563590498488E-06;paraboloid;0.000000032;False;;False;8.44860897665371E-08;2095650.83988252;1.04782775089431E-10;;0.5;;-1.61106244847644E-19;9.35040867614504E-22;3.05784379524936E-11;0.889361521233379;7.43154160343552E-09;2.47718053447851E-09;9.66987789036102E-07;1.31940083002326E-08;paraboloid;0.000000032;analytical;False;;False;1;456645.048953679;-0.000461899596427154;0.0100000778070836;-8.9135288890562E-12;0.5;5,00E-07;5;157;7.04205189070889E-11;1.10366781173898E-19;3.32214962296851E-10;0.97368401130944;2.21397244942873E-07;5.53493112357183E-08;9.9427330002176E-05;9.7197292159462E-05
C:/Users/rlolo/Documents/Thèse/MEB et AFM/AFM/Résultats AFM Dynamo/06062025/Plaque hydrophobique_ethanol_PEI 0.5_Incubation 1h/cell2/force mapp/map-data-2025.06.06-11.56.16.356.jpk-force-map;map-data-2025.06.06-11.56.16.356.jpk-force-map;19;0.142;7.801310208055;[2.5e-05, 2.5e-05];[32, 32];5.6712606603803E-06;paraboloid;0.000000032;False;;False;8.58359714988006E-08;11258664.7928378;2.24544303796259E-11;;0.5;;-3.48161640253783E-19;6.27050904095761E-22;2.50409844873511E-11;0.932329822561751;-1.92788697646503E-08;-6.42628992155011E-09;9.75550301754201E-07;4.86169939250514E-09;paraboloid;0.000000032;analytical;False;;False;1;459498.690936324;-0.00062764455461019;0.0100160088579809;-3.45054517864307E-12;0.5;5,00E-07;5;156;6.31033964145461E-11;1.94111869073865E-19;4.4058128543308E-10;0.963120252824379;1.92129507285724E-07;4.80323768214309E-08;9.9338393405988E-05;9.7200130561468E-05
C:/Users/rlolo/Documents/Thèse/MEB et AFM/AFM/Résultats AFM Dynamo/06062025/Plaque hydrophobique_ethanol_PEI 0.5_Incubation 1h/cell2/force mapp/map-data-2025.06.06-11.56.16.356.jpk-force-map;map-data-2025.06.06-11.56.16.356.jpk-force-map;20;0.142;7.801310208055;[2.5e-05, 2.5e-05];[32, 32];5.676322477291E-06;paraboloid;0.000000032;False;;False;8.20504527865767E-08;3934394.05221461;3.31425973859239E-11;;0.5;;-8.67187041496368E-20;1.07217391785236E-21;3.27440669106993E-11;0.894424759012413;-7.767157427714E-12;-2.58905247590467E-12;9.80848652165402E-07;9.50427762258841E-09;paraboloid;0.000000032;analytical;False;;False;1;455313.835254881;-0.000551584341976899;0.0100008876160116;1.07541126008671E-10;0.5;5,00E-07;5;157;2.1371146621624E-10;2.19994131182097E-19;4.69035319759713E-10;0.964540103046171;4.72536373646253E-07;1.18134093411563E-07;9.9454767888234E-05;9.7195399891458E-05
C:/Users/rlolo/Documents/Thèse/MEB et AFM/AFM/Résultats AFM Dynamo/06062025/Plaque hydrophobique_ethanol_PEI 0.5_Incubation 1h/cell2/force mapp/map-data-2025.06.06-11.56.16.356.jpk-force-map;map-data-2025.06.06-11.56.16.356.jpk-force-map;21;0.142;7.801310208055;[2.5e-05, 2.5e-05];[32, 32];5.6991716134393E-06;paraboloid;0.000000032;False;;False;8.50898458232783E-08;11034220.7903812;-1.28303248815271E-11;;0.5;;-1.37245980064504E-19;5.96625859557291E-22;2.44259259713381E-11;0.947839385622949;5.49579285357E-09;1.83193095119E-09;1.0036977883137E-06;5.29442350799675E-09;paraboloid;0.000000032;analytical;False;;False;1;472851.575869362;-0.000613346952000443;0.0100039843050526;3.19235683017998E-11;0.5;5,00E-07;5;156;1.03003995924423E-10;2.10643902948977E-19;4.58959587489985E-10;0.961166764934589;1.15432220346605E-06;2.88580550866513E-07;9.9257025881816E-05;9.7181207881428E-05
C:/Users/rlolo/Documents/Thèse/MEB et AFM/AFM/Résultats AFM Dynamo/06062025/Plaque hydrophobique_ethanol_PEI 0.5_Incubation 1h/cell2/force mapp/map-data-2025.06.06-11.56.16.356.jpk-force-map;map-data-2025.06.06-11.56.16.356.jpk-force-map;22;0.142;7.801310208055;[2.5e-05, 2.5e-05];[32, 32];5.6987931598385E-06;paraboloid;0.000000032;False;;False;8.64829962670543E-08;17476423.9297231;-1.12581547295594E-11;;0.5;;-3.16855633195188E-19;7.8766507401025E-22;2.80653714390216E-11;0.924341268738742;1.31390263786729E-08;4.37967545955762E-09;1.0025624275113E-06;4.00905801813055E-09;paraboloid;0.000000032;analytical;False;;False;1;491470.063192877;-0.000566709826349222;0.0108828817722995;1.46342179293223E-10;0.5;5,00E-07;5;156;1.61510502774248E-10;2.24852782318746E-19;4.74186442571639E-10;0.96104122712176;4.21516946345325E-07;1.05379236586331E-07;9.9535189278404E-05;9.717742334542E-05
C:/Users/rlolo/Documents/Thèse/MEB et AFM/AFM/Résultats AFM Dynamo/06062025/Plaque hydrophobique_ethanol_PEI 0.5_Incubation 1h/cell2/force mapp/map-data-2025.06.06-11.56.16.356.jpk-force-map;map-data-2025.06.06-11.56.16.356.jpk-force-map;23;0.142;7.801310208055;[2.5e-05, 2.5e-05];[32, 32];5.7192769609818E-06;paraboloid;0.000000032;False;;False;8.77317839104198E-08;20671696.5459285;-1.02829261116729E-11;;0.5;;-3.91818525774063E-19;7.01443378025761E-22;2.6484776344643E-11;0.925946962747319;8.13444900804183E-09;2.71148300268061E-09;1.02344833560545E-06;3.18719601859921E-09;paraboloid;0.000000032;analytical;False;;False;1;453547.869079538;-0.000629976803529048;0.0101326894833094;1.95211778734548E-11;0.5;5,00E-07;5;156;4.81418091770199E-11;1.79808684785011E-19;4.24038541626833E-10;0.965136150238189;2.4529033500607E-07;6.13225837515176E-08;9.9305278715918E-05;9.7202968963474E-05
C:/Users/rlolo/Documents/Thèse/MEB et AFM/AFM/Résultats AFM Dynamo/06062025/Plaque hydrophobique_ethanol_PEI 0.5_Incubation 1h/cell2/force mapp/map-data-2025.06.06-11.56.16.356.jpk-force-map;map-data-2025.06.06-11.56.16.356.jpk-force-map;24;0.142;7.801310208055;[2.5e-05, 2.5e-05];[32, 32];5.7219261361874E-06;paraboloid;0.000000032;False;;False;8.28518679447889E-08;8433445.77286679;-1.03063296053112E-11;;0.5;;-1.94462675116549E-19;7.20355624098939E-22;2.68394415757657E-11;0.941160371088964;7.0673520414387E-09;2.3557840138129E-09;1.0248438832584E-06;6.68682088543808E-09;paraboloid;0.000000032;analytical;False;;False;1;468553.104433117;-0.000546499025574848;0.0102907287346472;1.03153874772982E-11;0.5;5,00E-07;5;157;1.07883833826258E-10;1.56088666656397E-19;3.95080582484634E-10;0.972482049591892;-1.42972654268502E-07;-3.57431635671256E-08;9.948125964029E-05;9.7194453757456E-05
C:/Users/rlolo/Documents/Thèse/MEB et AFM/AFM/Résultats AFM Dynamo/06062025/Plaque hydrophobique_ethanol_PEI 0.5_Incubation 1h/cell2/force mapp/map-data-2025.06.06-11.56.16.356.jpk-force-map;map-data-2025.06.06-11.56.16.356.jpk-force-map;25;0.142;7.801310208055;[2.5e-05, 2.5e-05];[32, 32];5.7305832623057E-06;paraboloid;0.000000032;False;;False;7.95411428191539E-08;3902607.08131982;-1.16900893158616E-11;;0.5;;-4.48165221115253E-20;7.94521082541441E-22;2.81872503543968E-11;0.933961782823958;1.25737032744897E-08;4.19123442482991E-09;1.03343004932655E-06;1.01663873537654E-08;paraboloid;0.000000032;analytical;False;;False;1;443516.667497351;-0.000586904679590291;0.0100001710669163;-3.65613121093087E-12;0.5;5,00E-07;5;157;5.80142785478349E-11;1.66032885066648E-19;4.07471330361594E-10;0.967409781792651;6.21689358275453E-07;1.55422339568863E-07;9.9394688379107E-05;9.719634602546E-05
C:/Users/rlolo/Documents/Thèse/MEB et AFM/AFM/Résultats AFM Dynamo/06062025/Plaque hydrophobique_ethanol_PEI 0.5_Incubation 1h/cell2/force mapp/map-data-2025.06.06-11.56.16.356.jpk-force-map;map-data-2025.06.06-11.56.16.356.jpk-force-map;26;0.142;7.801310208055;[2.5e-05, 2.5e-05];[32, 32];5.75146917039985E-06;paraboloid;0.000000032;False;;False;8.66380175034727E-08;11325547.7693681;-1.18283923945027E-11;;0.5;;-9.92141743657944E-20;5.63565239937061E-22;2.37395290588727E-11;0.947310772643519;1.2130464151055E-08;4.04348805035166E-09;1.0566339857256E-06;5.18636778534032E-09;paraboloid;0.000000032;analytical;False;;False;1;409826.542930259;-0.000671772426474725;0.0100050628107717;7.3008993046101E-11;0.5;5,00E-07;5;156;9.80557612992739E-11;1.85036524065878E-19;4.30158719620883E-10;0.960351142242104;3.2495192171351E-07;8.12379804283775E-08;9.9271217891846E-05;9.7198711360465E-05
C:/Users/rlolo/Documents/Thèse/MEB et AFM/AFM/Résultats AFM Dynamo/06062025/Plaque hydrophobique_ethanol_PEI 0.5_Incubation 1h/cell2/force mapp/map-data-2025.06.06-11.56.16.356.jpk-force-map;map-data-2025.06.06-11.56.16.356.jpk-force-map;27;0.142;7.801310208055;[2.5e-05, 2.5e-05];[32, 32];5.7497424758462E-06;paraboloid;0.000000032;False;;False;8.55820074023037E-08;5115936.01864472;-1.13749045851875E-10;;0.5;;-1.99746949072477E-19;9.82924200827618E-22;3.13516219808101E-11;0.914902844244555;-5.4170386740631E-09;-1.80567955802103E-09;1.05627918547485E-06;8.09106768443446E-09;paraboloid;0.000000032;analytical;False;;False;1;448505.266655356;-0.000566211953715496;0.0100086388511827;8.49758050360952E-11;0.5;5,00E-07;5;157;1.42281988856904E-10;1.69045297464161E-19;4.11151185653357E-10;0.969511410591441;-7.36870958295601E-07;-1.842177395739E-07;9.9517212732366E-05;9.7170800407406E-05
C:/Users/rlolo/Documents/Thèse/MEB et AFM/AFM/Résultats AFM Dynamo/06062025/Plaque hydrophobique_ethanol_PEI 0.5_Incubation 1h/cell2/force mapp/map-data-2025.06.06-11.56.16.356.jpk-force-map;map-data-2025.06.06-11.56.16.356.jpk-force-map;28;0.142;7.801310208055;[2.5e-05, 2.5e-05];[32, 32];;;;;;;;;;;;;;;;;;;;;;;;;;;;;;;;;;;;;;;;;;;
C:/Users/rlolo/Documents/Thèse/MEB et AFM/AFM/Résultats AFM Dynamo/06062025/Plaque hydrophobique_ethanol_PEI 0.5_Incubation 1h/cell2/force mapp/map-data-2025.06.06-11.56.16.356.jpk-force-map;map-data-2025.06.06-11.56.16.356.jpk-force-map;29;0.142;7.801310208055;[2.5e-05, 2.5e-05];[32, 32];1.31575222978553E-05;paraboloid;0.000000032;False;;False;-7.11248804632735E-07;3865.69852542727;1.12279770141459E-10;;0.5;;-1.05893852438649E-19;1.78852446599994E-21;4.22909501666721E-11;0.987182958578168;1.06775396413107E-08;3.55917988043691E-09;8.60751657553715E-06;9.75221111253427E-07;paraboloid;0.000000032;analytical;False;;False;1;2989.36820606341;2.85665981367284E-05;0.0758691963185377;-2.86556241047959E-11;0.5;5,00E-07;5;152;3.71385731573224E-11;9.00493297974635E-21;9.48943253295283E-11;0.959950959717175;-9.07817714977806E-09;-2.26954428744452E-09;9.63246069128105E-05;9.7696850912518E-05
C:/Users/rlolo/Documents/Thèse/MEB et AFM/AFM/Résultats AFM Dynamo/06062025/Plaque hydrophobique_ethanol_PEI 0.5_Incubation 1h/cell2/force mapp/map-data-2025.06.06-11.56.16.356.jpk-force-map;map-data-2025.06.06-11.56.16.356.jpk-force-map;30;0.142;7.801310208055;[2.5e-05, 2.5e-05];[32, 32];1.43489178865237E-05;paraboloid;0.000000032;False;;False;-3.34778865507141E-07;8896.93416521165;5.69686762837748E-11;;0.5;;-2.76186432957352E-19;3.79614290550887E-21;6.16128469193631E-11;0.968517066604192;5.4706475703324E-08;1.8235491901108E-08;9.7539234924105E-06;5.61484799579808E-07;paraboloid;0.000000032;analytical;False;;False;1;12843.2920512219;0.000745565161399658;0.0100678195462675;-1.34025068873588E-11;0.5;5,00E-07;5;145;1.10453924327776E-11;6.58385728204945E-21;8.11409716607427E-11;0.96689470322156;1.45729114636863E-08;3.64322786592157E-09;9.77205875242965E-05;9.7826471270792E-05
C:/Users/rlolo/Documents/Thèse/MEB et AFM/AFM/Résultats AFM Dynamo/06062025/Plaque hydrophobique_ethanol_PEI 0.5_Incubation 1h/cell2/force mapp/map-data-2025.06.06-11.56.16.356.jpk-force-map;map-data-2025.06.06-11.56.16.356.jpk-force-map;31;0.142;7.801310208055;[2.5e-05, 2.5e-05];[32, 32];1.48733363104823E-05;paraboloid;0.000000032;False;;False;-7.72939362424608E-07;3167.90572264085;1.81747118584346E-11;;0.5;;-1.53733966495085E-19;5.71458550136051E-21;7.55948774809544E-11;0.951271383796466;6.40329269882812E-09;2.13443089960937E-09;1.03198062390067E-05;1.03810503480625E-06;paraboloid;0.000000032;analytical;False;;False;1;2538.06284098747;0.00155385265127528;0.123148777544277;-8.28028985931225E-11;0.5;5,00E-07;5;147;2.08883248261287E-11;3.1690357013197E-20;1.78017855883046E-10;0.845392876511047;3.64251922092983E-09;9.10629805232456E-10;9.81012319047412E-05;9.7770176297673E-05
C:/Users/rlolo/Documents/Thèse/MEB et AFM/AFM/Résultats AFM Dynamo/06062025/Plaque hydrophobique_ethanol_PEI 0.5_Incubation 1h/cell2/force mapp/map-data-2025.06.06-11.56.16.356.jpk-force-map;map-data-2025.06.06-11.56.16.356.jpk-force-map;32;0.142;7.801310208055;[2.5e-05, 2.5e-05];[32, 32];1.59967758244571E-05;paraboloid;0.000000032;False;;False;4.86369075483624E-08;37474.0249195286;-7.57833919553973E-12;;0.5;;-4.73598948417899E-20;8.35019526242075E-22;2.88967044183602E-11;0.988928579247465;7.13108601252884E-09;2.37702867084295E-09;1.15638305315364E-05;2.30774079076758E-07;paraboloid;0.000000032;analytical;False;;False;1;52283.5913781315;0.000251003925374638;0.010000013307973;-1.09165410610674E-10;0.5;5,00E-07;5;162;1.86875899255453E-11;1.67541220806967E-20;1.2943771506287E-10;0.955844891499149;-3.42694944020518E-08;-8.56737360051296E-09;9.76812311269925E-05;9.77625062685947E-05
C:/Users/rlolo/Documents/Thèse/MEB et AFM/AFM/Résultats AFM Dynamo/06062025/Plaque hydrophobique_ethanol_PEI 0.5_Incubation 1h/cell2/force mapp/map-data-2025.06.06-11.56.16.356.jpk-force-map;map-data-2025.06.06-11.56.16.356.jpk-force-map;33;0.142;7.801310208055;[2.5e-05, 2.5e-05];[32, 32];1.47791723239332E-05;paraboloid;0.000000032;False;;False;-6.33847703044874E-07;6158.55327664492;7.93923329772119E-11;;0.5;;3.3495132175436E-21;2.37176424301618E-21;4.87007622426608E-11;0.983511057259075;1.25126838613963E-08;4.17089462046543E-09;1.00549833318469E-05;7.25580829621779E-07;paraboloid;0.000000032;analytical;False;;False;1;4697.2402740617;0.000893136928293511;0.0958300491919413;8.80930949908109E-12;0.5;5,00E-07;5;148;3.78688503467878E-11;7.73769606418493E-21;8.79641748906049E-11;0.96953303908869;-1.20952220076297E-08;-3.02380550190742E-09;0.00010051727637248;9.7710096788546E-05
C:/Users/rlolo/Documents/Thèse/MEB et AFM/AFM/Résultats AFM Dynamo/06062025/Plaque hydrophobique_ethanol_PEI 0.5_Incubation 1h/cell2/force mapp/map-data-2025.06.06-11.56.16.356.jpk-force-map;map-data-2025.06.06-11.56.16.356.jpk-force-map;34;0.142;7.801310208055;[2.5e-05, 2.5e-05];[32, 32];1.3836728244541E-05;paraboloid;0.000000032;False;;False;-3.4595700417983E-07;6423.3074112555;6.41032922972935E-11;;0.5;;-1.20969344845223E-19;3.87819000540086E-21;6.22751154587517E-11;0.968733843763773;9.56241938031484E-09;3.18747312677161E-09;9.3630755361843E-06;6.8998744781194E-07;paraboloid;0.000000032;analytical;False;;False;1;4486.36605120974;0.00149304196741217;0.123224620876724;8.34005599055359E-11;0.5;5,00E-07;5;157;7.43311167380892E-11;1.56134350562688E-20;1.24953731662039E-10;0.941873088361556;-1.5292252919616E-08;-3.82306322990401E-09;0.000100642166060744;9.7750307483631E-05
C:/Users/rlolo/Documents/Thèse/MEB et AFM/AFM/Résultats AFM Dynamo/06062025/Plaque hydrophobique_ethanol_PEI 0.5_Incubation 1h/cell2/force mapp/map-data-2025.06.06-11.56.16.356.jpk-force-map;map-data-2025.06.06-11.56.16.356.jpk-force-map;35;0.142;7.801310208055;[2.5e-05, 2.5e-05];[32, 32];1.30037991758803E-05;paraboloid;0.000000032;False;;False;-3.65411051782334E-07;5293.70436811792;3.25939580951942E-11;;0.5;;-1.5137240849329E-19;2.21101259717157E-21;4.70214057336823E-11;0.985024368367574;-3.85735254366953E-08;-1.28578418122318E-08;8.6453382822671E-06;8.25249333991538E-07;paraboloid;0.000000032;analytical;False;;False;1;3603.85340332238;0.000967590176631807;0.101658236656162;3.15891843056865E-11;0.5;5,00E-07;5;154;4.65116855809621E-11;8.61680833039681E-21;9.28267651617615E-11;0.964783004225747;4.13329947686542E-08;1.03332486921635E-08;0.000100709341574886;9.7800925652738E-05
C:/Users/rlolo/Documents/Thèse/MEB et AFM/AFM/Résultats AFM Dynamo/06062025/Plaque hydrophobique_ethanol_PEI 0.5_Incubation 1h/cell2/force mapp/map-data-2025.06.06-11.56.16.356.jpk-force-map;map-data-2025.06.06-11.56.16.356.jpk-force-map;36;0.142;7.801310208055;[2.5e-05, 2.5e-05];[32, 32];1.15759883534621E-05;paraboloid;0.000000032;False;;False;-4.87551865212399E-07;3131.54883255467;7.16607376526024E-11;;0.5;;-2.56828692646408E-20;1.29922181099926E-21;3.60447195993985E-11;0.991941088547218;6.24006133535475E-08;2.08002044511825E-08;7.45318578639705E-06;1.18355900784039E-06;paraboloid;0.000000032;analytical;False;;False;1;1120.78158305974;0.000633716987309893;0.210002642557903;-6.80147017284848E-11;0.5;5,00E-07;5;146;9.66150808106999E-10;2.86981821212159E-18;1.69405378076423E-09;0.278627254418509;-2.81698588297877E-07;-7.04246470744693E-08;0.000100579248149611;9.7758349622648E-05
C:/Users/rlolo/Documents/Thèse/MEB et AFM/AFM/Résultats AFM Dynamo/06062025/Plaque hydrophobique_ethanol_PEI 0.5_Incubation 1h/cell2/force mapp/map-data-2025.06.06-11.56.16.356.jpk-force-map;map-data-2025.06.06-11.56.16.356.jpk-force-map;37;0.142;7.801310208055;[2.5e-05, 2.5e-05];[32, 32];5.7636979523757E-06;paraboloid;0.000000032;False;;False;8.59119351915377E-08;4486898.1985101;-1.41584583827286E-10;;0.5;;-5.11524601262186E-20;7.43501242635889E-22;2.72672191951414E-11;0.940557788586142;2.94773136622877E-09;9.82577122076257E-10;1.0479295529072E-06;9.39679525893944E-09;paraboloid;0.000000032;analytical;False;;False;1;498853.49448619;-0.000516064043647532;0.0100003356396369;-5.52727618362242E-12;0.5;5,00E-07;5;157;8.93827984803448E-11;1.65923689500241E-19;4.07337316606569E-10;0.969845465984916;-2.27029652458231E-07;-5.67574131145578E-08;9.9946757569274E-05;9.7629675398376E-05
C:/Users/rlolo/Documents/Thèse/MEB et AFM/AFM/Résultats AFM Dynamo/06062025/Plaque hydrophobique_ethanol_PEI 0.5_Incubation 1h/cell2/force mapp/map-data-2025.06.06-11.56.16.356.jpk-force-map;map-data-2025.06.06-11.56.16.356.jpk-force-map;38;0.142;7.801310208055;[2.5e-05, 2.5e-05];[32, 32];5.75326682500365E-06;paraboloid;0.000000032;False;;False;8.81195664075936E-08;14028396.9652893;-1.22853799801063E-11;;0.5;;-4.46733202745927E-19;6.07939217655453E-22;2.46564234562812E-11;0.946605148355897;1.44759275691121E-08;4.82530918970402E-09;1.0493487539102E-06;4.69810424406284E-09;paraboloid;0.000000032;analytical;False;;False;1;471231.921052434;-0.000508388992494269;0.0116706379004781;9.26876778611638E-11;0.5;5,00E-07;5;155;1.12351408797029E-10;1.75244205536242E-19;4.18621792954263E-10;0.961289582103102;2.28692584355431E-07;5.71731460888578E-08;9.9593849586528E-05;9.7419633649932E-05
C:/Users/rlolo/Documents/Thèse/MEB et AFM/AFM/Résultats AFM Dynamo/06062025/Plaque hydrophobique_ethanol_PEI 0.5_Incubation 1h/cell2/force mapp/map-data-2025.06.06-11.56.16.356.jpk-force-map;map-data-2025.06.06-11.56.16.356.jpk-force-map;39;0.142;7.801310208055;[2.5e-05, 2.5e-05];[32, 32];5.7355031591161E-06;paraboloid;0.000000032;False;;False;7.57475416936623E-08;2016407.87402515;-1.32741505279736E-11;;0.5;;-2.82961366740928E-20;7.4713874013153E-22;2.73338387375709E-11;0.943003036829307;2.00701740067813E-08;6.69005800226044E-09;1.0346836768792E-06;1.50697342323829E-08;paraboloid;0.000000032;analytical;False;;False;1;435231.970629064;-0.000442228008656701;0.0100000611690733;1.0720027857938E-11;0.5;5,00E-07;5;158;6.09303139506951E-11;1.04065654264178E-19;3.2259208648722E-10;0.976144897804939;1.8088310681529E-07;4.52207767038225E-08;9.9658186698664E-05;9.7296636229672E-05
C:/Users/rlolo/Documents/Thèse/MEB et AFM/AFM/Résultats AFM Dynamo/06062025/Plaque hydrophobique_ethanol_PEI 0.5_Incubation 1h/cell2/force mapp/map-data-2025.06.06-11.56.16.356.jpk-force-map;map-data-2025.06.06-11.56.16.356.jpk-force-map;40;0.142;7.801310208055;[2.5e-05, 2.5e-05];[32, 32];5.73216803675905E-06;paraboloid;0.000000032;False;;False;8.06676295928421E-08;3221370.07170148;-1.25532511652667E-11;;0.5;;-1.45380653661594E-19;8.1007779577238E-22;2.84618656411062E-11;0.940337660841552;1.72158354616344E-08;5.7386118205448E-09;1.03503847712995E-06;1.23457020070382E-08;paraboloid;0.000000032;analytical;False;;False;1;437552.356216473;-0.000547202424890706;0.0100000472138424;1.95909666400903E-11;0.5;5,00E-07;5;157;8.13518364672075E-11;1.57276610446585E-19;3.96581152409674E-10;0.964523436706953;9.69399816307278E-08;2.42349954076819E-08;9.9589118916518E-05;9.7241287390555E-05
C:/Users/rlolo/Documents/Thèse/MEB et AFM/AFM/Résultats AFM Dynamo/06062025/Plaque hydrophobique_ethanol_PEI 0.5_Incubation 1h/cell2/force mapp/map-data-2025.06.06-11.56.16.356.jpk-force-map;map-data-2025.06.06-11.56.16.356.jpk-force-map;41;0.142;7.801310208055;[2.5e-05, 2.5e-05];[32, 32];5.71499570462275E-06;paraboloid;0.000000032;False;;False;8.2316219821329E-08;5510004.53441202;-2.03301607988041E-11;;0.5;;-1.90707815439501E-19;5.83950748293967E-22;2.41650729006549E-11;0.951118470057689;-1.67240029450832E-09;-5.57466764836108E-10;1.0167071308412E-06;8.4314617180151E-09;paraboloid;0.000000032;analytical;False;;False;1;452007.902140385;-0.000544465592472013;0.0100168067647928;-2.22818037520379E-12;0.5;5,00E-07;5;157;8.43029219894597E-11;1.4227198503795E-19;3.77189587658448E-10;0.97091343203766;-2.23992964709628E-06;-5.59982411774069E-07;9.9704074197761E-05;9.7230879916533E-05
C:/Users/rlolo/Documents/Thèse/MEB et AFM/AFM/Résultats AFM Dynamo/06062025/Plaque hydrophobique_ethanol_PEI 0.5_Incubation 1h/cell2/force mapp/map-data-2025.06.06-11.56.16.356.jpk-force-map;map-data-2025.06.06-11.56.16.356.jpk-force-map;42;0.142;7.801310208055;[2.5e-05, 2.5e-05];[32, 32];5.6972320387352E-06;paraboloid;0.000000032;False;;False;8.09233160904371E-08;4118023.48269004;-1.65978129383293E-11;;0.5;;-1.03286263729801E-19;7.99611306982667E-22;2.82773992259307E-11;0.933734709025724;1.56291780802002E-08;5.20972602673341E-09;9.99345571904502E-07;9.60645968429432E-09;paraboloid;0.000000032;analytical;False;;False;1;467522.990555542;-0.000516277768154093;0.0100177716192417;3.91366010053039E-11;0.5;5,00E-07;5;158;1.03080228127729E-10;1.40416263339473E-19;3.74721581096516E-10;0.975388371890105;2.82954471439018E-07;7.07386178597546E-08;9.9692247522736E-05;9.7208645767486E-05
C:/Users/rlolo/Documents/Thèse/MEB et AFM/AFM/Résultats AFM Dynamo/06062025/Plaque hydrophobique_ethanol_PEI 0.5_Incubation 1h/cell2/force mapp/map-data-2025.06.06-11.56.16.356.jpk-force-map;map-data-2025.06.06-11.56.16.356.jpk-force-map;43;0.142;7.801310208055;[2.5e-05, 2.5e-05];[32, 32];5.6872503250141E-06;paraboloid;0.000000032;False;;False;7.97593448603265E-08;3359590.21551897;-1.86809267854228E-11;;0.5;;-1.2739899180072E-19;7.49982178445586E-22;2.73858024977466E-11;0.937494164906542;1.90360751231429E-08;6.34535837438098E-09;9.89789618484302E-07;1.16377517044263E-08;paraboloid;0.000000032;analytical;False;;False;1;453832.554498308;-0.00048150730188517;0.0100092289024839;1.94111780322163E-11;0.5;5,00E-07;5;158;1.08802364228556E-10;1.1971541974191E-19;3.45999161475732E-10;0.976691753367278;-1.42522241793949E-08;-3.56305604484872E-09;9.9644940822636E-05;9.7209591901488E-05
C:/Users/rlolo/Documents/Thèse/MEB et AFM/AFM/Résultats AFM Dynamo/06062025/Plaque hydrophobique_ethanol_PEI 0.5_Incubation 1h/cell2/force mapp/map-data-2025.06.06-11.56.16.356.jpk-force-map;map-data-2025.06.06-11.56.16.356.jpk-force-map;44;0.142;7.801310208055;[2.5e-05, 2.5e-05];[32, 32];5.67369695543545E-06;paraboloid;0.000000032;False;;False;7.86565019882342E-08;3034223.0570051;-9.61833788391634E-12;;0.5;;-4.08725913853801E-20;7.92374837241954E-22;2.8149153401869E-11;0.941244280117873;7.99385707523804E-09;2.66461902507935E-09;9.77229689607751E-07;1.25195100717152E-08;paraboloid;0.000000032;analytical;False;;False;1;430739.452931017;-0.000540665260859078;0.0100000000460163;-2.13407170064959E-11;0.5;5,00E-07;5;158;4.51146148563355E-11;1.32907922544457E-19;3.64565388571731E-10;0.971725976025797;3.32829715235335E-07;8.32074288088337E-08;9.9671432574692E-05;9.7197292159462E-05
C:/Users/rlolo/Documents/Thèse/MEB et AFM/AFM/Résultats AFM Dynamo/06062025/Plaque hydrophobique_ethanol_PEI 0.5_Incubation 1h/cell2/force mapp/map-data-2025.06.06-11.56.16.356.jpk-force-map;map-data-2025.06.06-11.56.16.356.jpk-force-map;45;0.142;7.801310208055;[2.5e-05, 2.5e-05];[32, 32];5.6708349000794E-06;paraboloid;0.000000032;False;;False;8.68579373827077E-08;20390256.7837923;-1.10784167186117E-11;;0.5;;-3.14069157957882E-19;6.56957297283507E-22;2.56311782265956E-11;0.94214762613451;-1.48567438435387E-08;-4.95224794784622E-09;9.74580514402151E-07;3.60571181299802E-09;paraboloid;0.000000032;analytical;False;;False;1;497953.31056067;-0.000540009271861852;0.0104780679041276;1.18949580315263E-10;0.5;5,00E-07;5;156;1.41414845966373E-10;2.2856518256298E-19;4.78084911457138E-10;0.956089917274243;8.19784640287824E-07;2.04946160071956E-07;9.9559788762456E-05;9.719161535545E-05
C:/Users/rlolo/Documents/Thèse/MEB et AFM/AFM/Résultats AFM Dynamo/06062025/Plaque hydrophobique_ethanol_PEI 0.5_Incubation 1h/cell2/force mapp/map-data-2025.06.06-11.56.16.356.jpk-force-map;map-data-2025.06.06-11.56.16.356.jpk-force-map;46;0.142;7.801310208055;[2.5e-05, 2.5e-05];[32, 32];5.65666654339945E-06;paraboloid;0.000000032;False;;False;8.73092181345789E-08;32788419.1908967;-1.51798911931418E-11;;0.5;;-1.30616651836358E-18;1.02306995633466E-21;3.19854647665883E-11;0.896906902531561;1.10555016398312E-08;3.68516721327708E-09;9.59607943820501E-07;2.33015245539886E-09;paraboloid;0.000000032;analytical;False;;False;1;456255.885514608;-0.000615608509233125;0.0100375826292647;5.7971132780055E-11;0.5;5,00E-07;5;156;9.60703272860974E-11;1.80620417111384E-19;4.24994608332134E-10;0.96394948428302;-2.32191437818091E-07;-5.80478594545227E-08;9.9673324842696E-05;9.7192088422451E-05
C:/Users/rlolo/Documents/Thèse/MEB et AFM/AFM/Résultats AFM Dynamo/06062025/Plaque hydrophobique_ethanol_PEI 0.5_Incubation 1h/cell2/force mapp/map-data-2025.06.06-11.56.16.356.jpk-force-map;map-data-2025.06.06-11.56.16.356.jpk-force-map;47;0.142;7.801310208055;[2.5e-05, 2.5e-05];[32, 32];5.66243796081165E-06;paraboloid;0.000000032;False;;False;8.62327689463249E-08;8109983.59448726;-1.70384060413208E-11;;0.5;;-2.32516282446446E-19;7.12506797715555E-22;2.66928229626534E-11;0.938048841847552;2.24098864957848E-08;7.4699621652616E-09;9.68714483589751E-07;6.33372428656256E-09;paraboloid;0.000000032;analytical;False;;False;1;439428.256085883;-0.000558415174364217;0.0104791982793814;-9.26291917372309E-12;0.5;5,00E-07;5;157;8.2484291329559E-11;1.43953478167231E-19;3.7941201637169E-10;0.971551783168577;-2.88444414417311E-07;-7.21111036043278E-08;9.9470379099267E-05;9.7205334298479E-05
C:/Users/rlolo/Documents/Thèse/MEB et AFM/AFM/Résultats AFM Dynamo/06062025/Plaque hydrophobique_ethanol_PEI 0.5_Incubation 1h/cell2/force mapp/map-data-2025.06.06-11.56.16.356.jpk-force-map;map-data-2025.06.06-11.56.16.356.jpk-force-map;48;0.142;7.801310208055;[2.5e-05, 2.5e-05];[32, 32];5.6426401068198E-06;paraboloid;0.000000032;False;;False;8.92177954405276E-08;7937593.20910539;-9.64508317324123E-12;;0.5;;-1.96099055703989E-19;6.32174064790649E-22;2.51430719044163E-11;0.943239500388139;6.43705369958595E-09;2.14568456652865E-09;9.51802338304001E-07;6.49173506399667E-09;paraboloid;0.000000032;analytical;False;;False;1;451711.331412573;-0.000638177884457527;0.0100070004565126;5.31608229087174E-11;0.5;5,00E-07;5;156;1.08690047561563E-10;1.99972325739615E-19;4.47182653665831E-10;0.961000231427625;1.28113543990592E-06;3.2028385997648E-07;9.9673797909697E-05;9.7180261747426E-05
C:/Users/rlolo/Documents/Thèse/MEB et AFM/AFM/Résultats AFM Dynamo/06062025/Plaque hydrophobique_ethanol_PEI 0.5_Incubation 1h/cell2/force mapp/map-data-2025.06.06-11.56.16.356.jpk-force-map;map-data-2025.06.06-11.56.16.356.jpk-force-map;49;0.142;7.801310208055;[2.5e-05, 2.5e-05];[32, 32];5.64554946887595E-06;paraboloid;0.000000032;False;;False;8.14213392651315E-08;5207929.30591924;-8.90335106684729E-12;;0.5;;-3.86952929327349E-20;6.83054924511529E-22;2.61353194836323E-11;0.950499855522724;1.07476532770944E-08;3.5825510923648E-09;9.50170257150552E-07;9.12636386480441E-09;paraboloid;0.000000032;analytical;False;;False;1;429171.972340357;-0.000673723480769059;0.0100001484913812;-3.3727168967822E-11;0.5;5,00E-07;5;156;5.50516278478489E-11;2.33794787863588E-19;4.83523306432676E-10;0.951542560068203;-1.47386855619923E-07;-3.68467139049807E-08;9.950491299034E-05;9.7181680948429E-05
C:/Users/rlolo/Documents/Thèse/MEB et AFM/AFM/Résultats AFM Dynamo/06062025/Plaque hydrophobique_ethanol_PEI 0.5_Incubation 1h/cell2/force mapp/map-data-2025.06.06-11.56.16.356.jpk-force-map;map-data-2025.06.06-11.56.16.356.jpk-force-map;50;0.142;7.801310208055;[2.5e-05, 2.5e-05];[32, 32];5.62317339972865E-06;paraboloid;0.000000032;False;;False;8.47929247433063E-08;8381775.32529262;-1.4409244819011E-11;;0.5;;-2.26259397081742E-19;5.67424406898721E-22;2.38206718397849E-11;0.952338565771052;1.21644920372857E-08;4.05483067909522E-09;9.28574748554902E-07;6.58611244387447E-09;paraboloid;0.000000032;analytical;False;;False;1;448449.999655495;-0.000613047095018256;0.0100277579407236;-7.35741810112539E-12;0.5;5,00E-07;5;157;6.04946891322896E-11;1.67625764757686E-19;4.09421255869411E-10;0.967856073272724;-2.41023573043719E-07;-6.02558932609296E-08;9.9733877418824E-05;9.7176004144417E-05
C:/Users/rlolo/Documents/Thèse/MEB et AFM/AFM/Résultats AFM Dynamo/06062025/Plaque hydrophobique_ethanol_PEI 0.5_Incubation 1h/cell2/force mapp/map-data-2025.06.06-11.56.16.356.jpk-force-map;map-data-2025.06.06-11.56.16.356.jpk-force-map;51;0.142;7.801310208055;[2.5e-05, 2.5e-05];[32, 32];5.6193179036705E-06;paraboloid;0.000000032;False;;False;8.07074575980596E-08;4056469.29779865;-2.16244986726034E-11;;0.5;;-2.10146179539833E-20;5.46682948369405E-22;2.33812520701823E-11;0.953460732367958;7.84540671758299E-09;2.61513557252766E-09;9.23087171343301E-07;1.01064460907358E-08;paraboloid;0.000000032;analytical;False;;False;1;458442.753155911;-0.000595399145253427;0.0100000565851097;-1.5367768643774E-11;0.5;5,00E-07;5;157;6.00184452226358E-11;1.85905477159257E-19;4.31167574336541E-10;0.963695067400829;3.77127548637253E-07;9.42818871593133E-08;9.9574926906488E-05;9.716323133539E-05
C:/Users/rlolo/Documents/Thèse/MEB et AFM/AFM/Résultats AFM Dynamo/06062025/Plaque hydrophobique_ethanol_PEI 0.5_Incubation 1h/cell2/force mapp/map-data-2025.06.06-11.56.16.356.jpk-force-map;map-data-2025.06.06-11.56.16.356.jpk-force-map;52;0.142;7.801310208055;[2.5e-05, 2.5e-05];[32, 32];5.60051349038075E-06;paraboloid;0.000000032;False;;False;7.88824803459271E-08;3203213.24041304;-5.98139931788227E-12;;0.5;;-2.2104377696526E-20;5.59634615680462E-22;2.36565977198849E-11;0.956149557530447;2.33785971759227E-09;7.79286572530755E-10;9.04637558304302E-07;1.18807518259767E-08;paraboloid;0.000000032;analytical;False;;False;1;463876.75932225;-0.000497711406274345;0.0100001920255934;-2.65481858336777E-11;0.5;5,00E-07;5;158;7.46090494183416E-11;1.41732381396662E-19;3.76473613147936E-10;0.972568465727085;5.76430432471658E-09;1.44107608117915E-09;9.9705493398764E-05;9.7162285201388E-05
C:/Users/rlolo/Documents/Thèse/MEB et AFM/AFM/Résultats AFM Dynamo/06062025/Plaque hydrophobique_ethanol_PEI 0.5_Incubation 1h/cell2/force mapp/map-data-2025.06.06-11.56.16.356.jpk-force-map;map-data-2025.06.06-11.56.16.356.jpk-force-map;53;0.142;7.801310208055;[2.5e-05, 2.5e-05];[32, 32];5.5905554300097E-06;paraboloid;0.000000032;False;;False;9.02344706490547E-08;6420194.08507431;1.55951356414143E-11;;0.5;;-3.06745413667656E-19;7.79692337791485E-22;2.79229715071925E-11;0.916208616440506;-9.63302321016318E-09;-3.21100773672106E-09;9.01184169197002E-07;7.00680091019682E-09;paraboloid;0.000000032;analytical;False;;False;1;476250.785916919;-0.000546656308866281;0.0102287891319233;6.5315480901277E-11;0.5;5,00E-07;5;157;1.33318249576935E-10;1.72002935061299E-19;4.1473236558207E-10;0.969473157988211;2.24221812522398E-08;5.60554531305995E-09;9.9620341338584E-05;9.7156608397376E-05
C:/Users/rlolo/Documents/Thèse/MEB et AFM/AFM/Résultats AFM Dynamo/06062025/Plaque hydrophobique_ethanol_PEI 0.5_Incubation 1h/cell2/force mapp/map-data-2025.06.06-11.56.16.356.jpk-force-map;map-data-2025.06.06-11.56.16.356.jpk-force-map;54;0.142;7.801310208055;[2.5e-05, 2.5e-05];[32, 32];5.5839797986958E-06;paraboloid;0.000000032;False;;False;7.83470125128872E-08;2385999.76106968;8.79314255963289E-11;;0.5;;-1.59746685925057E-19;1.41489369120729E-21;3.76150726598698E-11;0.897862421622362;1.93895366541845E-08;6.46317888472817E-09;8.91202455475902E-07;1.38934077197694E-08;paraboloid;0.000000032;analytical;False;;False;1;431020.105739176;-0.000538477926670757;0.0100000596877479;2.30133178325502E-11;0.5;5,00E-07;5;158;5.287065848717E-11;1.39479291373337E-19;3.73469264295386E-10;0.970227047456709;1.02978841986987E-07;2.57447104967467E-08;0.0000995806037105;9.7146200923354E-05
C:/Users/rlolo/Documents/Thèse/MEB et AFM/AFM/Résultats AFM Dynamo/06062025/Plaque hydrophobique_ethanol_PEI 0.5_Incubation 1h/cell2/force mapp/map-data-2025.06.06-11.56.16.356.jpk-force-map;map-data-2025.06.06-11.56.16.356.jpk-force-map;55;0.142;7.801310208055;[2.5e-05, 2.5e-05];[32, 32];5.5734304045735E-06;paraboloid;0.000000032;False;;False;8.83141618526396E-08;33102887.7930522;5.11027166724151E-12;;0.5;;-3.90743472766606E-23;1.45567699754089E-21;3.81533353396645E-11;0.842427475091945;-1.66188303952693E-09;-5.53961013175642E-10;8.78713486649501E-07;2.22994505080149E-09;paraboloid;0.000000032;analytical;False;;False;1;432218.591922331;-0.000688724127607777;0.0102516922903367;5.5467874765467E-11;0.5;5,00E-07;5;157;1.3467262650326E-10;1.91007530377763E-19;4.3704408287696E-10;0.968831746342344;-8.54151181711196E-07;-2.13537795427799E-07;9.9616556802576E-05;9.7150931593364E-05
C:/Users/rlolo/Documents/Thèse/MEB et AFM/AFM/Résultats AFM Dynamo/06062025/Plaque hydrophobique_ethanol_PEI 0.5_Incubation 1h/cell2/force mapp/map-data-2025.06.06-11.56.16.356.jpk-force-map;map-data-2025.06.06-11.56.16.356.jpk-force-map;56;0.142;7.801310208055;[2.5e-05, 2.5e-05];[32, 32];5.5712542963689E-06;paraboloid;0.000000032;False;;False;8.40832587794818E-08;2131651.12040565;3.21369152860115E-10;;0.5;;-2.41095333201144E-20;4.40443387116271E-22;2.09867431278955E-11;0.782984874621242;1.51884375020769E-09;5.06281250069231E-10;8.75780471243302E-07;9.36168772678741E-09;paraboloid;0.000000032;analytical;False;;False;1;440953.612544632;-0.00061243462742726;0.010000022794646;6.87952960307513E-12;0.5;5,00E-07;5;156;5.16115245152333E-11;1.44685859499015E-19;3.80375944953167E-10;0.966561166512455;2.43904983814245E-07;6.09762459535612E-08;9.9540866082416E-05;9.714903932536E-05
C:/Users/rlolo/Documents/Thèse/MEB et AFM/AFM/Résultats AFM Dynamo/06062025/Plaque hydrophobique_ethanol_PEI 0.5_Incubation 1h/cell2/force mapp/map-data-2025.06.06-11.56.16.356.jpk-force-map;map-data-2025.06.06-11.56.16.356.jpk-force-map;57;0.142;7.801310208055;[2.5e-05, 2.5e-05];[32, 32];9.2947173545398E-06;paraboloid;0.000000032;False;;False;-4.49552358852904E-06;1067.8696137931;-3.27805135862313E-09;;0.5;;-3.3830449451883E-17;3.48482184360667E-21;5.90323796200582E-11;0.983087905268162;-2.06914043377517E-08;-6.89713477925057E-09;5.7784576428069E-06;5.76895651855939E-06;paraboloid;0.000000032;analytical;False;;False;1;2249.26829937615;-0.00495223476570556;0.0100474853734632;-1.45797342855032E-10;0.5;5,00E-07;5;67;8.06135453663971E-10;2.50082555408293E-18;1.58139987165895E-09;0.343558466484451;-2.15742376837637E-07;-5.39355942094092E-08;9.15946857182441E-05;9.7235610586543E-05
C:/Users/rlolo/Documents/Thèse/MEB et AFM/AFM/Résultats AFM Dynamo/06062025/Plaque hydrophobique_ethanol_PEI 0.5_Incubation 1h/cell2/force mapp/map-data-2025.06.06-11.56.16.356.jpk-force-map;map-data-2025.06.06-11.56.16.356.jpk-force-map;58;0.142;7.801310208055;[2.5e-05, 2.5e-05];[32, 32];5.5609414357471E-06;paraboloid;0.000000032;False;;False;8.29173796303843E-08;5236167.23214336;2.06870757049124E-10;;0.5;;-1.68634330921381E-19;6.55800956272304E-22;2.56086109789716E-11;0.863307455800067;3.41852664352E-09;1.13950888117334E-09;8.49761786188302E-07;6.75710748335853E-09;paraboloid;0.000000032;analytical;False;;False;1;455917.382451463;-0.000634775040435015;0.0100000044976493;-9.03813955732594E-11;0.5;5,00E-07;5;155;4.20347486652035E-11;1.84032250140245E-19;4.28989801907045E-10;0.961029294847876;-3.04922799076788E-07;-7.62306997691969E-08;0.000100066916587528;9.7453694474004E-05
C:/Users/rlolo/Documents/Thèse/MEB et AFM/AFM/Résultats AFM Dynamo/06062025/Plaque hydrophobique_ethanol_PEI 0.5_Incubation 1h/cell2/force mapp/map-data-2025.06.06-11.56.16.356.jpk-force-map;map-data-2025.06.06-11.56.16.356.jpk-force-map;59;0.142;7.801310208055;[2.5e-05, 2.5e-05];[32, 32];5.53754827254765E-06;paraboloid;0.000000032;False;;False;8.16528626378079E-08;2271898.40879545;3.53515924919997E-10;;0.5;;-4.66194809349327E-20;5.60092884201696E-22;2.36662815879828E-11;0.881888831881284;1.57328971200819E-09;5.2442990400273E-10;8.40111219367902E-07;1.10508202151386E-08;paraboloid;0.000000032;analytical;False;;False;1;460610.151746248;-0.000506781301618259;0.0100000471385819;-6.84911258035693E-11;0.5;5,00E-07;5;157;3.23372460287436E-11;1.28267417040965E-19;3.5814440808278E-10;0.971627136229093;3.05489252486768E-07;7.6372313121692E-08;9.9658186698664E-05;9.7246964194567E-05
C:/Users/rlolo/Documents/Thèse/MEB et AFM/AFM/Résultats AFM Dynamo/06062025/Plaque hydrophobique_ethanol_PEI 0.5_Incubation 1h/cell2/force mapp/map-data-2025.06.06-11.56.16.356.jpk-force-map;map-data-2025.06.06-11.56.16.356.jpk-force-map;60;0.142;7.801310208055;[2.5e-05, 2.5e-05];[32, 32];5.5181761788567E-06;paraboloid;0.000000032;False;;False;7.85428096023017E-08;2391125.63119138;3.27876473445208E-10;;0.5;;-2.75861245088215E-19;1.84348676107754E-20;1.35775062551175E-10;0.238704679831789;5.96418841773056E-08;1.98806280591019E-08;8.20478938826402E-07;1.19801115850912E-08;paraboloid;0.000000032;analytical;False;;False;1;460494.671797056;-0.000482649358543273;0.0100000696015895;1.36214474137672E-10;0.5;5,00E-07;5;158;2.81533769714988E-11;1.24443883286952E-19;3.52766046108398E-10;0.97351367432698;1.28684105371357E-07;3.21710263428394E-08;9.9709277934772E-05;9.7211484169492E-05
C:/Users/rlolo/Documents/Thèse/MEB et AFM/AFM/Résultats AFM Dynamo/06062025/Plaque hydrophobique_ethanol_PEI 0.5_Incubation 1h/cell2/force mapp/map-data-2025.06.06-11.56.16.356.jpk-force-map;map-data-2025.06.06-11.56.16.356.jpk-force-map;61;0.142;7.801310208055;[2.5e-05, 2.5e-05];[32, 32];5.58797721485425E-06;paraboloid;0.000000032;False;;False;-7.90959557954674E-07;1001.11419671895;6.68990683205923E-10;;0.5;;-5.16202795778981E-17;2.9160936578237E-21;5.40008671951081E-11;0.751417292228452;4.71185947013872E-09;1.57061982337957E-09;9.68454296739201E-07;9.60528046194628E-07;paraboloid;0.000000032;analytical;False;;False;1;409.574315470807;-0.00893670657043136;0.0100000000059025;1.16807207184601E-10;0.5;5,00E-07;5;157;5.49689212599359E-17;1.20183854098682E-20;1.09628396913702E-10;0.415412015548237;2.29307158215787E-08;5.73267895539468E-09;9.8616020095461E-05;9.719161535545E-05
C:/Users/rlolo/Documents/Thèse/MEB et AFM/AFM/Résultats AFM Dynamo/06062025/Plaque hydrophobique_ethanol_PEI 0.5_Incubation 1h/cell2/force mapp/map-data-2025.06.06-11.56.16.356.jpk-force-map;map-data-2025.06.06-11.56.16.356.jpk-force-map;62;0.142;7.801310208055;[2.5e-05, 2.5e-05];[32, 32];5.5132562820463E-06;paraboloid;0.000000032;False;;False;8.04388496424392E-08;1301938.50061199;5.83365072479909E-10;;0.5;;-1.93392614864928E-19;8.8592498866869E-22;2.97644920781237E-11;0.531047438572224;1.63808599067687E-09;5.46028663558955E-10;8.14802134814402E-07;1.03547928387222E-08;paraboloid;0.000000032;analytical;False;;False;1;455747.713430559;-0.000482662664853972;0.0100000000125545;-7.79024272516295E-12;0.5;5,00E-07;5;157;7.04404658771876E-17;1.1766211607168E-19;3.4301911910516E-10;0.971078635206774;1.54005482658132E-07;3.85013706645331E-08;0.00010007732406155;9.7204861231478E-05
C:/Users/rlolo/Documents/Thèse/MEB et AFM/AFM/Résultats AFM Dynamo/06062025/Plaque hydrophobique_ethanol_PEI 0.5_Incubation 1h/cell2/force mapp/map-data-2025.06.06-11.56.16.356.jpk-force-map;map-data-2025.06.06-11.56.16.356.jpk-force-map;63;0.142;7.801310208055;[2.5e-05, 2.5e-05];[32, 32];5.498922351916E-06;paraboloid;0.000000032;False;;False;9.06175890398465E-08;1063686.51828309;5.92318946373666E-10;;0.5;;-4.20270237654619E-20;5.58247301815467E-22;2.36272576025121E-11;0.650370724342538;1.02992638141868E-09;3.43308793806226E-10;8.12484106509501E-07;1.23527627870642E-08;paraboloid;0.000000032;analytical;False;;False;1;427559.218037417;-0.000513472907794152;0.0100000000357872;-1.86525337155082E-11;0.5;5,00E-07;5;157;-8.09315689988357E-19;1.17426853527677E-19;3.42676018314204E-10;0.967160575081954;1.84522992197844E-07;4.61307480494611E-08;9.966102510067E-05;9.7176950278419E-05
C:/Users/rlolo/Documents/Thèse/MEB et AFM/AFM/Résultats AFM Dynamo/06062025/Plaque hydrophobique_ethanol_PEI 0.5_Incubation 1h/cell2/force mapp/map-data-2025.06.06-11.56.16.356.jpk-force-map;map-data-2025.06.06-11.56.16.356.jpk-force-map;64;0.142;7.801310208055;[2.5e-05, 2.5e-05];[32, 32];5.4952797360083E-06;paraboloid;0.000000032;False;;False;8.31094666008527E-08;3537824.3902161;1.5548083061926E-10;;0.5;;-2.18535361319391E-19;1.34423864911277E-21;3.66638602592904E-11;0.831731790809148;7.91408113673539E-09;2.63802704557846E-09;8.00775698234752E-07;9.42942491412301E-09;paraboloid;0.000000032;analytical;False;;False;1;462381.025151017;-0.000566011662604829;0.0100002854123952;7.18659038085177E-11;0.5;5,00E-07;5;157;1.23073961581823E-10;1.81387194385419E-19;4.25895755303359E-10;0.965410143396894;1.36651452926532E-06;3.41628632316331E-07;9.955695036045E-05;9.717269267541E-05
C:/Users/rlolo/Documents/Thèse/MEB et AFM/AFM/Résultats AFM Dynamo/06062025/Plaque hydrophobique_ethanol_PEI 0.5_Incubation 1h/cell2/force mapp/map-data-2025.06.06-11.56.16.356.jpk-force-map;map-data-2025.06.06-11.56.16.356.jpk-force-map;65;0.142;7.801310208055;[2.5e-05, 2.5e-05];[32, 32];5.5061129703312E-06;paraboloid;0.000000032;False;;False;8.55405836306152E-08;13269073.9321444;9.43099705740726E-12;;0.5;;-6.62977448533107E-19;1.91243697055975E-21;4.37314185747472E-11;0.822860571803061;-9.53290707871905E-09;-3.17763569290635E-09;8.10118771504502E-07;4.59473909010207E-09;paraboloid;0.000000032;analytical;False;;False;1;446589.175901681;-0.000668731982583194;0.0100053175838584;-9.60204920619121E-11;0.5;5,00E-07;5;156;5.37168618262083E-11;2.22284644625356E-19;4.71470725098978E-10;0.958737056146105;-2.92633311609722E-08;-7.31583279024305E-09;9.941976093016E-05;9.720107669547E-05
C:/Users/rlolo/Documents/Thèse/MEB et AFM/AFM/Résultats AFM Dynamo/06062025/Plaque hydrophobique_ethanol_PEI 0.5_Incubation 1h/cell2/force mapp/map-data-2025.06.06-11.56.16.356.jpk-force-map;map-data-2025.06.06-11.56.16.356.jpk-force-map;66;0.142;7.801310208055;[2.5e-05, 2.5e-05];[32, 32];5.5180815654565E-06;paraboloid;0.000000032;False;;False;8.1845050588276E-08;4248128.25152858;-7.25385674317548E-12;;0.5;;-1.39558410345344E-19;8.67589379247533E-22;2.9454870212709E-11;0.928660866364433;4.2061973288193E-09;1.4020657762731E-09;8.23506567632802E-07;9.52285742059557E-09;paraboloid;0.000000032;analytical;False;;False;1;438082.404448492;-0.000619456517870301;0.0100001884203052;1.14538745739574E-11;0.5;5,00E-07;5;157;9.11974060565615E-11;1.96536291447696E-19;4.43324138128859E-10;0.964357970587294;-4.4532065561416E-07;-1.1133016390354E-07;9.9380496369077E-05;9.7194453757456E-05
C:/Users/rlolo/Documents/Thèse/MEB et AFM/AFM/Résultats AFM Dynamo/06062025/Plaque hydrophobique_ethanol_PEI 0.5_Incubation 1h/cell2/force mapp/map-data-2025.06.06-11.56.16.356.jpk-force-map;map-data-2025.06.06-11.56.16.356.jpk-force-map;67;0.142;7.801310208055;[2.5e-05, 2.5e-05];[32, 32];5.5266913848747E-06;paraboloid;0.000000032;False;;False;8.40646221144156E-08;10797168.3827667;2.81195025764754E-12;;0.5;;-2.28332065552066E-19;6.56937145477148E-22;2.56307851123829E-11;0.945162551617861;-4.13186952680726E-09;-1.37728984226909E-09;8.30578919297751E-07;5.58861845892595E-09;paraboloid;0.000000032;analytical;False;;False;1;456869.848643006;-0.000570528113646007;0.0108303864302796;5.93273447745817E-11;0.5;5,00E-07;5;157;1.03576814484351E-10;1.71920021211842E-19;4.14632392863657E-10;0.969023929407884;2.32851276182279E-07;5.82128190455697E-08;9.9398472915115E-05;9.7187357752441E-05
C:/Users/rlolo/Documents/Thèse/MEB et AFM/AFM/Résultats AFM Dynamo/06062025/Plaque hydrophobique_ethanol_PEI 0.5_Incubation 1h/cell2/force mapp/map-data-2025.06.06-11.56.16.356.jpk-force-map;map-data-2025.06.06-11.56.16.356.jpk-force-map;68;0.142;7.801310208055;[2.5e-05, 2.5e-05];[32, 32];5.5404103279037E-06;paraboloid;0.000000032;False;;False;8.85073615792676E-08;16252299.1562305;9.07681883526812E-11;;0.5;;-1.15860481182015E-18;4.49013942090604E-21;6.70085026015806E-11;0.617362187537988;2.52839503009409E-07;8.42798343364698E-08;8.45977250180302E-07;3.57848907575657E-09;paraboloid;0.000000032;analytical;False;;False;1;508513.988081061;-0.000416775067463248;0.0165490968619771;6.29865946644616E-11;0.5;5,00E-07;5;156;1.38364121436532E-10;2.49221433830256E-19;4.99220826719254E-10;0.947978232766542;-1.7001448519826E-07;-4.25036212995649E-08;9.9334135802979E-05;9.7202022829472E-05
C:/Users/rlolo/Documents/Thèse/MEB et AFM/AFM/Résultats AFM Dynamo/06062025/Plaque hydrophobique_ethanol_PEI 0.5_Incubation 1h/cell2/force mapp/map-data-2025.06.06-11.56.16.356.jpk-force-map;map-data-2025.06.06-11.56.16.356.jpk-force-map;69;0.142;7.801310208055;[2.5e-05, 2.5e-05];[32, 32];5.5625971702506E-06;paraboloid;0.000000032;False;;False;9.07935272505381E-08;11007875.2819047;-1.62564846247312E-11;;0.5;;-4.11585638168033E-20;6.43230606573965E-22;2.53619913763483E-11;0.94132415505881;1.66798040854657E-08;5.55993469515523E-09;8.71924975185151E-07;5.31963120754206E-09;paraboloid;0.000000032;analytical;False;;False;1;448571.694341867;-0.000548292889929556;0.0105041008895646;9.99726505795436E-12;0.5;5,00E-07;5;157;7.74199929401378E-11;1.25683943014314E-19;3.54519312611195E-10;0.97453315385726;2.30844430610032E-07;5.77111076525081E-08;9.9256552814815E-05;9.7193507623454E-05
C:/Users/rlolo/Documents/Thèse/MEB et AFM/AFM/Résultats AFM Dynamo/06062025/Plaque hydrophobique_ethanol_PEI 0.5_Incubation 1h/cell2/force mapp/map-data-2025.06.06-11.56.16.356.jpk-force-map;map-data-2025.06.06-11.56.16.356.jpk-force-map;70;0.142;7.801310208055;[2.5e-05, 2.5e-05];[32, 32];5.5765999534802E-06;paraboloid;0.000000032;False;;False;8.48704145554395E-08;9767256.67842693;-3.12334080354916E-11;;0.5;;-8.21880081222374E-20;7.07397242988122E-22;2.65969404817194E-11;0.935065318588303;3.36435800137878E-10;1.12145266712626E-10;8.80345567802951E-07;5.5605728606163E-09;paraboloid;0.000000032;analytical;False;;False;1;448088.230492239;-0.000613328898631128;0.0100026271689805;-2.08146576774554E-11;0.5;5,00E-07;5;156;9.08906260257798E-11;1.78392058920021E-19;4.22364841008364E-10;0.962997883297823;-2.59206063512097E-07;-6.48015158780242E-08;9.9354950751023E-05;9.7187830819442E-05
C:/Users/rlolo/Documents/Thèse/MEB et AFM/AFM/Résultats AFM Dynamo/06062025/Plaque hydrophobique_ethanol_PEI 0.5_Incubation 1h/cell2/force mapp/map-data-2025.06.06-11.56.16.356.jpk-force-map;map-data-2025.06.06-11.56.16.356.jpk-force-map;71;0.142;7.801310208055;[2.5e-05, 2.5e-05];[32, 32];5.5786341415845E-06;paraboloid;0.000000032;False;;False;8.25030173149943E-08;5330743.90526597;-4.08485213357333E-11;;0.5;;-1.00176861861451E-19;8.51345427017781E-22;2.91778242337872E-11;0.923821345826608;-5.65943932931815E-08;-1.88647977643938E-08;8.83018396358601E-07;8.20751309748123E-09;paraboloid;0.000000032;analytical;False;;False;1;462964.063392609;-0.000562323649101788;0.0100045948610118;2.5062866358317E-11;0.5;5,00E-07;5;157;9.56888295500034E-11;1.61375277200374E-19;4.01715418176069E-10;0.970509830241255;1.62692429259986E-07;4.06731073149966E-08;9.9456660156238E-05;9.7192561489452E-05
C:/Users/rlolo/Documents/Thèse/MEB et AFM/AFM/Résultats AFM Dynamo/06062025/Plaque hydrophobique_ethanol_PEI 0.5_Incubation 1h/cell2/force mapp/map-data-2025.06.06-11.56.16.356.jpk-force-map;map-data-2025.06.06-11.56.16.356.jpk-force-map;72;0.142;7.801310208055;[2.5e-05, 2.5e-05];[32, 32];5.5929207650147E-06;paraboloid;0.000000032;False;;False;7.99353119797175E-08;3307643.80210916;9.53609581382448E-11;;0.5;;-1.62796823581354E-19;1.3293145270113E-21;3.64597658661065E-11;0.869649861672912;1.18008092396341E-08;3.93360307987804E-09;8.96784646087702E-07;1.04947457569987E-08;paraboloid;0.000000032;analytical;False;;False;1;424036.635504855;-0.000561906334567161;0.0100001454276755;5.58773694518698E-12;0.5;5,00E-07;5;157;5.87883297025985E-11;1.17457533235324E-19;3.42720780279405E-10;0.972669538524559;1.40755068499673E-07;3.51887671249182E-08;9.933933953999E-05;9.7180734814427E-05
C:/Users/rlolo/Documents/Thèse/MEB et AFM/AFM/Résultats AFM Dynamo/06062025/Plaque hydrophobique_ethanol_PEI 0.5_Incubation 1h/cell2/force mapp/map-data-2025.06.06-11.56.16.356.jpk-force-map;map-data-2025.06.06-11.56.16.356.jpk-force-map;73;0.142;7.801310208055;[2.5e-05, 2.5e-05];[32, 32];5.5923530846135E-06;paraboloid;0.000000032;False;;False;7.96057783532431E-08;3238788.04566145;9.86345198738454E-11;;0.5;;-1.71144488411658E-19;1.18866278282338E-21;3.44769891786301E-11;0.891679763562711;1.38606256381741E-08;4.62020854605802E-09;8.96713686037553E-07;1.07962106456072E-08;paraboloid;0.000000032;analytical;False;;False;1;460391.925722386;-0.000447265571675567;0.0102640667980376;-3.42124748640133E-11;0.5;5,00E-07;5;159;4.9795157944332E-11;1.31109209100728E-19;3.6209005661676E-10;0.974875321502964;6.89326685568808E-08;1.72331671392202E-08;9.9513428196358E-05;9.7159919866383E-05
C:/Users/rlolo/Documents/Thèse/MEB et AFM/AFM/Résultats AFM Dynamo/06062025/Plaque hydrophobique_ethanol_PEI 0.5_Incubation 1h/cell2/force mapp/map-data-2025.06.06-11.56.16.356.jpk-force-map;map-data-2025.06.06-11.56.16.356.jpk-force-map;74;0.142;7.801310208055;[2.5e-05, 2.5e-05];[32, 32];5.6003479169304E-06;paraboloid;0.000000032;False;;False;8.18431895520927E-08;6288606.56197461;2.90240451193339E-12;;0.5;;-4.30280733712089E-20;7.64115721276176E-22;2.76426431673271E-11;0.937261503696488;-2.6638064853572E-09;-8.87935495119068E-10;9.04164491303301E-07;7.70985648511802E-09;paraboloid;0.000000032;analytical;False;;False;1;425311.059892225;-0.00061769753374394;0.0100091537437;4.6755623245219E-11;0.5;5,00E-07;5;157;7.69713925187531E-11;1.71429931976101E-19;4.14040978619389E-10;0.967584468346024;1.27266736313812E-07;3.18166840784529E-08;9.9417868662156E-05;9.7193507623454E-05
C:/Users/rlolo/Documents/Thèse/MEB et AFM/AFM/Résultats AFM Dynamo/06062025/Plaque hydrophobique_ethanol_PEI 0.5_Incubation 1h/cell2/force mapp/map-data-2025.06.06-11.56.16.356.jpk-force-map;map-data-2025.06.06-11.56.16.356.jpk-force-map;75;0.142;7.801310208055;[2.5e-05, 2.5e-05];[32, 32];5.6223455324769E-06;paraboloid;0.000000032;False;;False;8.76615404723395E-08;5951301.92416448;-1.64903569582151E-11;;0.5;;-6.66798171644849E-20;6.48271564760332E-22;2.54611775996385E-11;0.948642881873939;2.59446154285012E-08;8.64820514283375E-09;9.32122751062403E-07;8.01988719858529E-09;paraboloid;0.000000032;analytical;False;;False;1;440125.067473598;-0.000619660205316683;0.0100007068266905;-1.75210400812975E-12;0.5;5,00E-07;5;156;8.84591158275289E-11;1.78197463359114E-19;4.22134413853116E-10;0.962742257541955;-2.88709669374214E-06;-7.21774173435534E-07;9.9257972015818E-05;9.7179315613424E-05
C:/Users/rlolo/Documents/Thèse/MEB et AFM/AFM/Résultats AFM Dynamo/06062025/Plaque hydrophobique_ethanol_PEI 0.5_Incubation 1h/cell2/force mapp/map-data-2025.06.06-11.56.16.356.jpk-force-map;map-data-2025.06.06-11.56.16.356.jpk-force-map;76;0.142;7.801310208055;[2.5e-05, 2.5e-05];[32, 32];5.6247108674819E-06;paraboloid;0.000000032;False;;False;8.61679545127442E-08;21356775.4142583;-1.16864840183942E-11;;0.5;;-3.9784513597592E-19;7.99693643450342E-22;2.82788550590426E-11;0.923991658113553;-1.22162022652731E-08;-4.07206742175771E-09;9.28480135154701E-07;3.32173031473477E-09;paraboloid;0.000000032;analytical;False;;False;1;389138.332848079;-0.000723088444538641;0.0101363515144697;1.41017191022877E-10;0.5;5,00E-07;5;157;1.87770541642134E-10;2.22695647081012E-19;4.7190639652479E-10;0.965698815856799;2.53513756790757E-07;6.33784391976893E-08;9.944814495022E-05;9.719634602546E-05
C:/Users/rlolo/Documents/Thèse/MEB et AFM/AFM/Résultats AFM Dynamo/06062025/Plaque hydrophobique_ethanol_PEI 0.5_Incubation 1h/cell2/force mapp/map-data-2025.06.06-11.56.16.356.jpk-force-map;map-data-2025.06.06-11.56.16.356.jpk-force-map;77;0.142;7.801310208055;[2.5e-05, 2.5e-05];[32, 32];5.6433970140214E-06;paraboloid;0.000000032;False;;False;8.27346582322713E-08;5940236.20398845;-1.57000640671242E-11;;0.5;;-9.34154290393489E-20;6.36212961271336E-22;2.52232623042963E-11;0.950027279354038;2.46330965813024E-08;8.21103219376747E-09;9.48112415696201E-07;7.95919330699403E-09;paraboloid;0.000000032;analytical;False;;False;1;447711.966753217;-0.000531118211734957;0.0100980230771766;-1.06163670746726E-11;0.5;5,00E-07;5;158;6.48363624270902E-11;1.33901739037083E-19;3.65925865493385E-10;0.975491258432983;-3.46494074206489E-07;-8.66235185516224E-08;9.9290140571886E-05;9.7187357752441E-05
C:/Users/rlolo/Documents/Thèse/MEB et AFM/AFM/Résultats AFM Dynamo/06062025/Plaque hydrophobique_ethanol_PEI 0.5_Incubation 1h/cell2/force mapp/map-data-2025.06.06-11.56.16.356.jpk-force-map;map-data-2025.06.06-11.56.16.356.jpk-force-map;78;0.142;7.801310208055;[2.5e-05, 2.5e-05];[32, 32];5.6490265113333E-06;paraboloid;0.000000032;False;;False;7.89690735561767E-08;3516704.65457384;-1.19382021487707E-11;;0.5;;-2.05733864663672E-20;5.40439820780083E-22;2.32473615875024E-11;0.960510703169786;-2.06977109996754E-09;-6.8992369998918E-10;9.53836526408301E-07;1.14744920858573E-08;paraboloid;0.000000032;analytical;False;;False;1;453109.181310624;-0.000562702809948204;0.0100000294071285;-3.59945545786324E-11;0.5;5,00E-07;5;157;4.47083309216066E-11;1.63659475285764E-19;4.04548483232559E-10;0.967851591045735;2.78309757482117E-07;6.95774393705292E-08;9.9431587605185E-05;9.7198238293464E-05
C:/Users/rlolo/Documents/Thèse/MEB et AFM/AFM/Résultats AFM Dynamo/06062025/Plaque hydrophobique_ethanol_PEI 0.5_Incubation 1h/cell2/force mapp/map-data-2025.06.06-11.56.16.356.jpk-force-map;map-data-2025.06.06-11.56.16.356.jpk-force-map;79;0.142;7.801310208055;[2.5e-05, 2.5e-05];[32, 32];5.6595759054556E-06;paraboloid;0.000000032;False;;False;8.63270741109898E-08;3830713.78900372;-1.22111952820094E-11;;0.5;;-1.02362566641202E-19;9.21884195792555E-22;3.03625459372655E-11;0.923752255814342;1.88042746909814E-08;6.26809156366047E-09;9.70748671694051E-07;9.75977262736339E-09;paraboloid;0.000000032;analytical;False;;False;1;451056.946612565;-0.000562106012855218;0.0100000828345161;2.942234932161E-11;0.5;5,00E-07;5;157;8.99765391979725E-11;1.47003401258627E-19;3.83410225813849E-10;0.971961977928633;1.45954304889509E-07;3.64885762223772E-08;9.9371508096058E-05;9.7166542804397E-05
C:/Users/rlolo/Documents/Thèse/MEB et AFM/AFM/Résultats AFM Dynamo/06062025/Plaque hydrophobique_ethanol_PEI 0.5_Incubation 1h/cell2/force mapp/map-data-2025.06.06-11.56.16.356.jpk-force-map;map-data-2025.06.06-11.56.16.356.jpk-force-map;80;0.142;7.801310208055;[2.5e-05, 2.5e-05];[32, 32];5.6686114851747E-06;paraboloid;0.000000032;False;;False;8.15543512537686E-08;4447327.4118586;-7.05605644122011E-12;;0.5;;-1.08921784737425E-19;7.3502717511436E-22;2.71113846034163E-11;0.939692171197657;6.41460353545579E-09;2.13820117848526E-09;9.73255926799353E-07;9.50999131531204E-09;paraboloid;0.000000032;analytical;False;;False;1;451617.91870953;-0.000585628552267313;0.0100003120143717;4.27586012038073E-11;0.5;5,00E-07;5;157;1.00773071785556E-10;1.72873051472545E-19;4.15780051797275E-10;0.968466396470001;1.31247264292191E-07;3.28118160730478E-08;9.9410772657141E-05;9.7184992417436E-05
C:/Users/rlolo/Documents/Thèse/MEB et AFM/AFM/Résultats AFM Dynamo/06062025/Plaque hydrophobique_ethanol_PEI 0.5_Incubation 1h/cell2/force mapp/map-data-2025.06.06-11.56.16.356.jpk-force-map;map-data-2025.06.06-11.56.16.356.jpk-force-map;81;0.142;7.801310208055;[2.5e-05, 2.5e-05];[32, 32];5.6728690881837E-06;paraboloid;0.000000032;False;;False;9.03604697810898E-08;7955812.96235945;-5.47978217216645E-12;;0.5;;-2.26500652652015E-19;7.1671877186999E-22;2.67716038344734E-11;0.929935524922265;4.36102614768965E-09;1.45367538256322E-09;9.83592440771202E-07;6.11813619184435E-09;paraboloid;0.000000032;analytical;False;;False;1;421748.054171248;-0.000687241853833188;0.0100174844867463;5.77501202229578E-12;0.5;5,00E-07;5;156;8.37217507893941E-11;2.31973067289236E-19;4.81635824341624E-10;0.954380650061296;7.59275787449637E-07;1.89818946862409E-07;9.9446252682216E-05;9.7175531077416E-05
C:/Users/rlolo/Documents/Thèse/MEB et AFM/AFM/Résultats AFM Dynamo/06062025/Plaque hydrophobique_ethanol_PEI 0.5_Incubation 1h/cell2/force mapp/map-data-2025.06.06-11.56.16.356.jpk-force-map;map-data-2025.06.06-11.56.16.356.jpk-force-map;82;0.142;7.801310208055;[2.5e-05, 2.5e-05];[32, 32];5.6846011498085E-06;paraboloid;0.000000032;False;;False;8.30586000395408E-08;7045045.19980797;-9.64023888913801E-12;;0.5;;-7.51386995049902E-20;9.01012737614181E-22;3.00168742145844E-11;0.921828340595909;1.18768799593188E-08;3.95895998643959E-09;9.88583297631751E-07;6.70745952451036E-09;paraboloid;0.000000032;analytical;False;;False;1;469776.986198508;-0.00055079420613025;0.0111295519755249;1.15159269504694E-10;0.5;5,00E-07;5;157;1.64675516070155E-10;1.95130933875641E-19;4.4173627185872E-10;0.968217235652254;-3.4175201170825E-08;-8.54380029270625E-09;9.9369615828054E-05;9.7179315613424E-05
C:/Users/rlolo/Documents/Thèse/MEB et AFM/AFM/Résultats AFM Dynamo/06062025/Plaque hydrophobique_ethanol_PEI 0.5_Incubation 1h/cell2/force mapp/map-data-2025.06.06-11.56.16.356.jpk-force-map;map-data-2025.06.06-11.56.16.356.jpk-force-map;83;0.142;7.801310208055;[2.5e-05, 2.5e-05];[32, 32];5.6931163558265E-06;paraboloid;0.000000032;False;;False;8.93466842936476E-08;575637.770588479;-1.01562456128326E-11;;0.5;;-5.18424165963447E-20;5.89067233440071E-22;2.42707073123152E-11;0.973447070496876;3.14656420458046E-09;1.04885473486015E-09;1.033169862476E-06;3.79653701903407E-08;paraboloid;0.000000032;analytical;False;;False;1;431222.993295634;-0.000328863268696593;0.0100000000034352;-6.10931126790642E-11;0.5;5,00E-07;5;161;2.74008304178153E-11;1.24429498291059E-19;3.52745656657965E-10;0.973642120354446;3.15361968533932E-08;7.8840492133483E-09;9.9420707064162E-05;9.7202022829472E-05
C:/Users/rlolo/Documents/Thèse/MEB et AFM/AFM/Résultats AFM Dynamo/06062025/Plaque hydrophobique_ethanol_PEI 0.5_Incubation 1h/cell2/force mapp/map-data-2025.06.06-11.56.16.356.jpk-force-map;map-data-2025.06.06-11.56.16.356.jpk-force-map;84;0.142;7.801310208055;[2.5e-05, 2.5e-05];[32, 32];5.7018207886449E-06;paraboloid;0.000000032;False;;False;8.21352821623984E-08;5136850.16057511;-1.23124705284502E-11;;0.5;;-3.14924856475107E-19;5.81188544762022E-22;2.41078523465286E-11;0.95488664930871;7.08756993306929E-09;2.3625233110231E-09;1.0069146439205E-06;9.07090925562563E-09;paraboloid;0.000000032;analytical;False;;False;1;432733.680092092;-0.000581495086975241;0.0100000002568241;8.33061675281686E-13;0.5;5,00E-07;5;157;7.05487870401092E-11;1.46745828920184E-19;3.83074182006807E-10;0.969926316353344;2.98671493881665E-07;7.46678734704163E-08;9.9404622786128E-05;9.7190669221448E-05
C:/Users/rlolo/Documents/Thèse/MEB et AFM/AFM/Résultats AFM Dynamo/06062025/Plaque hydrophobique_ethanol_PEI 0.5_Incubation 1h/cell2/force mapp/map-data-2025.06.06-11.56.16.356.jpk-force-map;map-data-2025.06.06-11.56.16.356.jpk-force-map;85;0.142;7.801310208055;[2.5e-05, 2.5e-05];[32, 32];5.7205069351844E-06;paraboloid;0.000000032;False;;False;8.49822012403318E-08;9863967.64931608;-6.1425797703019E-12;;0.5;;-4.24450482122274E-19;6.55562667835706E-22;2.56039580501864E-11;0.940736243525937;6.35360151612136E-09;2.11786717204045E-09;1.02477292320825E-06;5.76178690290418E-09;paraboloid;0.000000032;analytical;False;;False;1;489085.028379826;-0.000533597015104206;0.010973641037746;2.73870343999238E-11;0.5;5,00E-07;5;157;1.14132330409316E-10;1.76810761690594E-19;4.20488717673368E-10;0.969521102045821;2.10487881043766E-06;5.26219702609415E-07;9.9300548045908E-05;9.7188776953444E-05
C:/Users/rlolo/Documents/Thèse/MEB et AFM/AFM/Résultats AFM Dynamo/06062025/Plaque hydrophobique_ethanol_PEI 0.5_Incubation 1h/cell2/force mapp/map-data-2025.06.06-11.56.16.356.jpk-force-map;map-data-2025.06.06-11.56.16.356.jpk-force-map;86;0.142;7.801310208055;[2.5e-05, 2.5e-05];[32, 32];5.7352193189155E-06;paraboloid;0.000000032;False;;False;8.34073602527431E-08;6608748.52146891;-5.98320549762364E-12;;0.5;;-2.01718076587649E-19;5.89629801880075E-22;2.42822939995396E-11;0.950929348439036;6.48845802402935E-09;2.16281934134312E-09;1.0394143468892E-06;7.44025849477222E-09;paraboloid;0.000000032;analytical;False;;False;1;446631.829832381;-0.000640317447156794;0.0100003509091661;5.2760170752205E-11;0.5;5,00E-07;5;156;7.33417622080189E-11;2.00783409642191E-19;4.48088618068112E-10;0.960492411564111;1.64094400306848E-07;4.1023600076712E-08;9.9359208354032E-05;9.719634602546E-05
C:/Users/rlolo/Documents/Thèse/MEB et AFM/AFM/Résultats AFM Dynamo/06062025/Plaque hydrophobique_ethanol_PEI 0.5_Incubation 1h/cell2/force mapp/map-data-2025.06.06-11.56.16.356.jpk-force-map;map-data-2025.06.06-11.56.16.356.jpk-force-map;87;0.142;7.801310208055;[2.5e-05, 2.5e-05];[32, 32];5.7459106331381E-06;paraboloid;0.000000032;False;;False;8.15810524712962E-08;4221865.72591776;-5.66621454235764E-12;;0.5;;-8.77023459293644E-20;5.54324992285246E-22;2.35441073792413E-11;0.956448623804081;4.36108265215331E-09;1.45369421738444E-09;1.0516667822151E-06;1.03866374842473E-08;paraboloid;0.000000032;analytical;False;;False;1;454219.927033003;-0.00057971211729109;0.0100001447702902;-4.50361520877186E-12;0.5;5,00E-07;5;157;4.51356624631996E-11;1.6588073329807E-19;4.07284585146639E-10;0.968536579494112;2.13653973765625E-07;5.34134934414062E-08;9.9393269178104E-05;9.7190669221448E-05
C:/Users/rlolo/Documents/Thèse/MEB et AFM/AFM/Résultats AFM Dynamo/06062025/Plaque hydrophobique_ethanol_PEI 0.5_Incubation 1h/cell2/force mapp/map-data-2025.06.06-11.56.16.356.jpk-force-map;map-data-2025.06.06-11.56.16.356.jpk-force-map;88;0.142;7.801310208055;[2.5e-05, 2.5e-05];[32, 32];5.7531012515533E-06;paraboloid;0.000000032;False;;False;7.70662653023884E-08;1860729.56687782;-5.8545028332075E-12;;0.5;;-1.90303948954784E-20;7.00306261549218E-22;2.64633002769726E-11;0.948468243211473;5.9088855703222E-09;1.96962852344073E-09;1.059661614532E-06;1.64215394759483E-08;paraboloid;0.000000032;analytical;False;;False;1;461987.33262676;-0.000514025496397966;0.0100000060859842;-8.05073840379149E-11;0.5;5,00E-07;5;158;1.16646549343885E-11;1.53411283180476E-19;3.91677524477058E-10;0.970909358214317;1.07412294889822E-08;2.68530737224556E-09;9.9434899074192E-05;9.7190669221448E-05
C:/Users/rlolo/Documents/Thèse/MEB et AFM/AFM/Résultats AFM Dynamo/06062025/Plaque hydrophobique_ethanol_PEI 0.5_Incubation 1h/cell2/force mapp/map-data-2025.06.06-11.56.16.356.jpk-force-map;map-data-2025.06.06-11.56.16.356.jpk-force-map;89;0.142;7.801310208055;[2.5e-05, 2.5e-05];[32, 32];5.76693846133255E-06;paraboloid;0.000000032;False;;False;8.5083253767894E-08;7227467.7521363;-1.75708758358061E-10;;0.5;;-2.81977579327353E-19;5.8983609283909E-22;2.42865413931068E-11;0.942898652065223;-3.87349947554062E-09;-1.29116649184687E-09;1.0701163952541E-06;6.98817685142798E-09;paraboloid;0.000000032;analytical;False;;False;1;445172.037920997;-0.000627756664092974;0.0100022199683926;-2.13850587113767E-12;0.5;5,00E-07;5;156;8.62227731289666E-11;1.89689299503591E-19;4.35533350621501E-10;0.961705047483867;1.15851502413783E-07;2.89628756034459E-08;9.937245423006E-05;9.720107669547E-05
C:/Users/rlolo/Documents/Thèse/MEB et AFM/AFM/Résultats AFM Dynamo/06062025/Plaque hydrophobique_ethanol_PEI 0.5_Incubation 1h/cell2/force mapp/map-data-2025.06.06-11.56.16.356.jpk-force-map;map-data-2025.06.06-11.56.16.356.jpk-force-map;90;0.142;7.801310208055;[2.5e-05, 2.5e-05];[32, 32];;;;;;;;;;;;;;;;;;;;;;;;;;;;;;;;;;;;;;;;;;;
C:/Users/rlolo/Documents/Thèse/MEB et AFM/AFM/Résultats AFM Dynamo/06062025/Plaque hydrophobique_ethanol_PEI 0.5_Incubation 1h/cell2/force mapp/map-data-2025.06.06-11.56.16.356.jpk-force-map;map-data-2025.06.06-11.56.16.356.jpk-force-map;91;0.142;7.801310208055;[2.5e-05, 2.5e-05];[32, 32];1.32778941962597E-05;paraboloid;0.000000032;False;;False;-1.31119217780077E-08;6259.12241805769;4.95622953226625E-11;;0.5;;-9.09193571632565E-20;2.879836764879E-21;5.3664110584999E-11;0.975801462586046;4.58364546206879E-08;1.5278818206896E-08;9.17131782732895E-06;7.19769373702112E-07;paraboloid;0.000000032;analytical;False;;False;1;9054.50800154699;0.00109540360893631;0.0185105499403431;-5.08529028911502E-11;0.5;5,00E-07;5;144;9.21518887730186E-12;8.1085833577291E-21;9.00476726946849E-11;0.956178997506231;-2.4006916079056E-10;-6.001729019764E-11;9.61320322074215E-05;9.7682658902488E-05
C:/Users/rlolo/Documents/Thèse/MEB et AFM/AFM/Résultats AFM Dynamo/06062025/Plaque hydrophobique_ethanol_PEI 0.5_Incubation 1h/cell2/force mapp/map-data-2025.06.06-11.56.16.356.jpk-force-map;map-data-2025.06.06-11.56.16.356.jpk-force-map;92;0.142;7.801310208055;[2.5e-05, 2.5e-05];[32, 32];1.40039574293945E-05;paraboloid;0.000000032;False;;False;-3.98835574362028E-07;7336.02563122906;4.04627644306751E-11;;0.5;;-1.48447925826588E-19;3.00214619430336E-21;5.47918442316314E-11;0.976972729842998;8.98388607324655E-09;2.99462869108218E-09;9.42857166247275E-06;6.43474329051501E-07;paraboloid;0.000000032;analytical;False;;False;1;8200.86513319456;0.000955452164797126;0.0475751475015749;-5.01269448904491E-11;0.5;5,00E-07;5;151;2.08561001677367E-11;6.51254154088254E-21;8.07003193356912E-11;0.964278961802988;-1.18234698876643E-08;-2.95586747191607E-09;9.79969329358806E-05;9.7796194982728E-05
C:/Users/rlolo/Documents/Thèse/MEB et AFM/AFM/Résultats AFM Dynamo/06062025/Plaque hydrophobique_ethanol_PEI 0.5_Incubation 1h/cell2/force mapp/map-data-2025.06.06-11.56.16.356.jpk-force-map;map-data-2025.06.06-11.56.16.356.jpk-force-map;93;0.142;7.801310208055;[2.5e-05, 2.5e-05];[32, 32];1.47113818226899E-05;paraboloid;0.000000032;False;;False;-4.33358684518675E-07;9823.6199835203;4.25020312247736E-11;;0.5;;-2.51056910931832E-21;2.4213991263615E-21;4.92077140940473E-11;0.980397049657168;-6.39740848325644E-09;-2.13246949441881E-09;9.9841652017972E-06;5.26252010901308E-07;paraboloid;0.000000032;analytical;False;;False;1;12847.7206769866;0.000779857988380685;0.0254866535418673;-5.89515708167993E-11;0.5;5,00E-07;5;156;3.04739450521402E-11;7.9241004890702E-21;8.90174167737427E-11;0.963872371026424;-2.70530684975421E-08;-6.76326712438552E-09;9.79986948580801E-05;9.781606379677E-05
C:/Users/rlolo/Documents/Thèse/MEB et AFM/AFM/Résultats AFM Dynamo/06062025/Plaque hydrophobique_ethanol_PEI 0.5_Incubation 1h/cell2/force mapp/map-data-2025.06.06-11.56.16.356.jpk-force-map;map-data-2025.06.06-11.56.16.356.jpk-force-map;94;0.142;7.801310208055;[2.5e-05, 2.5e-05];[32, 32];1.54470956226451E-05;paraboloid;0.000000032;False;;False;-3.1625576172148E-07;13704.1295123015;3.89233381950725E-11;;0.5;;-1.05067377496359E-19;3.21494044570639E-21;5.6700444845754E-11;0.96762196739783;-4.38094539694179E-08;-1.46031513231393E-08;1.07195478548517E-05;4.09607857666957E-07;paraboloid;0.000000032;analytical;False;;False;1;28811.4635725624;0.00130432808697799;0.0283709800597401;-7.0747899746245E-11;0.5;5,00E-07;5;147;2.74470020682731E-12;1.10552927410358E-20;1.05144152196096E-10;0.961430577948483;3.63202885233438E-08;9.08007213083594E-09;9.7993846829419E-05;9.78118061937609E-05
C:/Users/rlolo/Documents/Thèse/MEB et AFM/AFM/Résultats AFM Dynamo/06062025/Plaque hydrophobique_ethanol_PEI 0.5_Incubation 1h/cell2/force mapp/map-data-2025.06.06-11.56.16.356.jpk-force-map;map-data-2025.06.06-11.56.16.356.jpk-force-map;95;0.142;7.801310208055;[2.5e-05, 2.5e-05];[32, 32];1.6015674851147E-05;paraboloid;0.000000032;False;;False;-4.60225770899227E-07;5636.97888482979;5.02617805675012E-11;;0.5;;-6.85276989219624E-19;9.2034637347831E-21;9.59346847328072E-11;0.863471284031267;-7.36270876278689E-08;-2.4542362542623E-08;1.13525351555398E-05;5.86696073360526E-07;paraboloid;0.000000032;analytical;False;;False;1;61029.8351475397;0.00439872815819201;0.0702113422310309;-7.29093498899618E-13;0.5;5,00E-07;5;151;2.42649326291683E-11;2.4543297860304E-20;1.56663007312843E-10;0.949918478058372;-7.33807452046783E-09;-1.83451863011696E-09;9.80660517863629E-05;9.77332447218806E-05
C:/Users/rlolo/Documents/Thèse/MEB et AFM/AFM/Résultats AFM Dynamo/06062025/Plaque hydrophobique_ethanol_PEI 0.5_Incubation 1h/cell2/force mapp/map-data-2025.06.06-11.56.16.356.jpk-force-map;map-data-2025.06.06-11.56.16.356.jpk-force-map;96;0.142;7.801310208055;[2.5e-05, 2.5e-05];[32, 32];1.61092948106449E-05;paraboloid;0.000000032;False;;False;-6.84507123583502E-08;39238.9864167222;1.19507609564961E-12;;0.5;;-2.03197962483238E-19;2.50776166190186E-21;5.00775564689598E-11;0.969589918062335;1.61732978721294E-09;5.3910992907098E-10;1.21009981111719E-05;2.24524581990487E-07;paraboloid;0.000000032;analytical;False;;False;1;64204.0000073838;0.000325110670887661;0.0100000000074027;-1.90237502692528E-11;0.5;5,00E-07;5;159;1.90568208159009E-11;1.04566482333556E-20;1.02257753903338E-10;0.97170066580128;-9.81419427395447E-10;-2.45354856848862E-10;9.7037719765866E-05;9.71535029589261E-05
C:/Users/rlolo/Documents/Thèse/MEB et AFM/AFM/Résultats AFM Dynamo/06062025/Plaque hydrophobique_ethanol_PEI 0.5_Incubation 1h/cell2/force mapp/map-data-2025.06.06-11.56.16.356.jpk-force-map;map-data-2025.06.06-11.56.16.356.jpk-force-map;97;0.142;7.801310208055;[2.5e-05, 2.5e-05];[32, 32];1.61401624324602E-05;paraboloid;0.000000032;False;;False;-9.60565472303911E-08;46263.4307205658;5.27367864977834E-12;;0.5;;-1.1622486936323E-19;1.8553636981144E-21;4.30739329306531E-11;0.970870294478634;-1.62424199615725E-09;-5.41413998719084E-10;1.14589988841148E-05;1.89319484603824E-07;paraboloid;0.000000032;analytical;False;;False;1;91149.8561990411;0.000487857799135263;0.0100000000012001;-5.5062182815738E-12;0.5;5,00E-07;5;157;4.53640823230452E-11;1.16233228168457E-20;1.07811515233048E-10;0.979715159648617;1.32846685221476E-11;3.32116713053691E-12;9.74993171388736E-05;9.75485117741803E-05
C:/Users/rlolo/Documents/Thèse/MEB et AFM/AFM/Résultats AFM Dynamo/06062025/Plaque hydrophobique_ethanol_PEI 0.5_Incubation 1h/cell2/force mapp/map-data-2025.06.06-11.56.16.356.jpk-force-map;map-data-2025.06.06-11.56.16.356.jpk-force-map;98;0.142;7.801310208055;[2.5e-05, 2.5e-05];[32, 32];1.55692178689533E-05;paraboloid;0.000000032;False;;False;-1.29391479821869E-07;31211.3295038345;7.5598427286786E-12;;0.5;;-8.46937761759625E-20;3.3173460752695E-21;5.75964067913051E-11;0.947742059028572;-5.79005310426651E-09;-1.93001770142217E-09;1.08577070724938E-05;2.31542956983534E-07;paraboloid;0.000000032;analytical;False;;False;1;67383.5841927261;0.00102119074229225;0.0504879154369683;-8.02046004818715E-12;0.5;5,00E-07;5;164;3.54042281466124E-11;1.01110265884664E-20;1.00553600574352E-10;0.982177990543613;8.20910993122851E-09;2.05227748280713E-09;0.000100780774692037;9.7643867408406E-05
C:/Users/rlolo/Documents/Thèse/MEB et AFM/AFM/Résultats AFM Dynamo/06062025/Plaque hydrophobique_ethanol_PEI 0.5_Incubation 1h/cell2/force mapp/map-data-2025.06.06-11.56.16.356.jpk-force-map;map-data-2025.06.06-11.56.16.356.jpk-force-map;99;0.142;7.801310208055;[2.5e-05, 2.5e-05];[32, 32];1.48015483930805E-05;paraboloid;0.000000032;False;;False;-3.86027583415E-07;11484.0937385405;2.21311605244163E-11;;0.5;;-7.01417281991014E-20;2.59827528042845E-21;5.09732800634651E-11;0.978071692773669;-8.73968134794753E-09;-2.91322711598251E-09;1.00738113984867E-05;4.7533462150434E-07;paraboloid;0.000000032;analytical;False;;False;1;14618.7219318834;0.000983599135555867;0.0413116273080501;2.69014297110134E-12;0.5;5,00E-07;5;152;2.65799473434587E-11;7.47342532460995E-21;8.6448975266396E-11;0.968230036717859;3.89518065573548E-09;9.73795163933871E-10;0.000100703664770874;9.7758349622648E-05
C:/Users/rlolo/Documents/Thèse/MEB et AFM/AFM/Résultats AFM Dynamo/06062025/Plaque hydrophobique_ethanol_PEI 0.5_Incubation 1h/cell2/force mapp/map-data-2025.06.06-11.56.16.356.jpk-force-map;map-data-2025.06.06-11.56.16.356.jpk-force-map;100;0.142;7.801310208055;[2.5e-05, 2.5e-05];[32, 32];1.41027811259034E-05;paraboloid;0.000000032;False;;False;7.47289432404318E-07;7437.48178832507;2.08308011072804E-12;;0.5;;-1.68301411302633E-19;2.10294573990835E-21;4.58578863436634E-11;0.976806493240786;1.61802696319434E-09;5.39342321064779E-10;1.06833109225751E-05;6.51348135479891E-07;paraboloid;0.000000032;analytical;False;;False;1;8574.15601210789;0.000997009376030675;0.0327441723206161;-2.95794191223665E-11;0.5;5,00E-07;5;152;2.458832204468E-11;6.1542947423383E-21;7.84493132050135E-11;0.968994314603886;-7.02202091934807E-09;-1.75550522983702E-09;0.000100754756006982;9.7812279260762E-05
C:/Users/rlolo/Documents/Thèse/MEB et AFM/AFM/Résultats AFM Dynamo/06062025/Plaque hydrophobique_ethanol_PEI 0.5_Incubation 1h/cell2/force mapp/map-data-2025.06.06-11.56.16.356.jpk-force-map;map-data-2025.06.06-11.56.16.356.jpk-force-map;101;0.142;7.801310208055;[2.5e-05, 2.5e-05];[32, 32];1.31341764413559E-05;paraboloid;0.000000032;False;;False;-6.4227161929905E-07;5856.66207123605;8.04982261871143E-11;;0.5;;-1.19311947662452E-20;2.39029529701853E-21;4.88906463141829E-11;0.983212077415402;1.28780294816313E-08;4.2926764938771E-09;8.4188338021883E-06;7.46137174630585E-07;paraboloid;0.000000032;analytical;False;;False;1;4964.56144934374;0.000420051236295512;0.0591477643283756;1.43373296685324E-11;0.5;5,00E-07;5;147;2.85341468665239E-11;5.9319355412995E-21;7.70190595976055E-11;0.971632795707116;2.01827585935826E-07;5.04568964839564E-08;0.000100677646085819;9.7790518178716E-05
C:/Users/rlolo/Documents/Thèse/MEB et AFM/AFM/Résultats AFM Dynamo/06062025/Plaque hydrophobique_ethanol_PEI 0.5_Incubation 1h/cell2/force mapp/map-data-2025.06.06-11.56.16.356.jpk-force-map;map-data-2025.06.06-11.56.16.356.jpk-force-map;102;0.142;7.801310208055;[2.5e-05, 2.5e-05];[32, 32];1.1430709477455E-05;paraboloid;0.000000032;False;;False;-8.65743896555727E-07;3420.84074951476;1.57125827900138E-10;;0.5;;3.10365366266683E-21;8.5827163286799E-22;2.92962733614361E-11;0.99348646862096;2.81581382588379E-09;9.38604608627929E-10;6.7923348393501E-06;1.04729509369208E-06;paraboloid;0.000000032;analytical;False;;False;1;1545.53951095795;0.000998814871801493;0.187280407037807;-1.17058175892884E-11;0.5;5,00E-07;5;147;6.62816745598459E-10;1.2627797850704E-18;1.1237347485374E-09;0.389851566753696;-2.2019065038516E-07;-5.504766259629E-08;0.000100530522248508;9.7808494724754E-05
C:/Users/rlolo/Documents/Thèse/MEB et AFM/AFM/Résultats AFM Dynamo/06062025/Plaque hydrophobique_ethanol_PEI 0.5_Incubation 1h/cell2/force mapp/map-data-2025.06.06-11.56.16.356.jpk-force-map;map-data-2025.06.06-11.56.16.356.jpk-force-map;103;0.142;7.801310208055;[2.5e-05, 2.5e-05];[32, 32];5.7744838799985E-06;paraboloid;0.000000032;False;;False;8.21375486623756E-08;4626447.96006714;-1.22822935560309E-10;;0.5;;-1.48915651461365E-19;8.71032636083739E-22;2.95132620373238E-11;0.931139323578326;-5.06146540009728E-09;-1.68715513336576E-09;1.0548836378219E-06;9.30685189443083E-09;paraboloid;0.000000032;analytical;False;;False;1;456328.427494568;-0.000500340771845591;0.0100016394959949;-3.23515524175608E-11;0.5;5,00E-07;5;157;7.29220868378891E-11;1.17630056351959E-19;3.42972384241004E-10;0.973181127564636;1.24156459600794E-07;3.10391149001984E-08;9.9943919167268E-05;9.7633459934384E-05
C:/Users/rlolo/Documents/Thèse/MEB et AFM/AFM/Résultats AFM Dynamo/06062025/Plaque hydrophobique_ethanol_PEI 0.5_Incubation 1h/cell2/force mapp/map-data-2025.06.06-11.56.16.356.jpk-force-map;map-data-2025.06.06-11.56.16.356.jpk-force-map;104;0.142;7.801310208055;[2.5e-05, 2.5e-05];[32, 32];5.7559869602594E-06;paraboloid;0.000000032;False;;False;8.62278041056436E-08;7765454.89099198;-1.1126745172215E-11;;0.5;;-2.62990003505078E-19;6.74799388605783E-22;2.59769010585517E-11;0.931894687510951;9.11270573144114E-09;3.03756857714705E-09;1.0514775554147E-06;6.48285828839368E-09;paraboloid;0.000000032;analytical;False;;False;1;488969.561111033;-0.000517753625224257;0.0113497653313191;9.28482752648437E-11;0.5;5,00E-07;5;156;1.37442628245038E-10;1.71684430724104E-19;4.14348199856237E-10;0.970907893344788;-3.59266218625029E-08;-8.98165546562573E-09;9.9677109378704E-05;9.7414902979922E-05
C:/Users/rlolo/Documents/Thèse/MEB et AFM/AFM/Résultats AFM Dynamo/06062025/Plaque hydrophobique_ethanol_PEI 0.5_Incubation 1h/cell2/force mapp/map-data-2025.06.06-11.56.16.356.jpk-force-map;map-data-2025.06.06-11.56.16.356.jpk-force-map;105;0.142;7.801310208055;[2.5e-05, 2.5e-05];[32, 32];5.74044670927655E-06;paraboloid;0.000000032;False;;False;8.70032276093916E-08;12866280.8524259;-2.43098250430855E-12;;0.5;;-1.80183201492786E-19;5.46200065361436E-22;2.3370923502537E-11;0.945110934628811;2.31558517847144E-09;7.71861726157148E-10;1.0402185607909E-06;4.68821898160337E-09;paraboloid;0.000000032;analytical;False;;False;1;441818.622284672;-0.000640987209973555;0.0100141456028774;6.38887400735479E-11;0.5;5,00E-07;5;156;9.32757287026886E-11;1.78229443554268E-19;4.22172291315131E-10;0.964964696701548;2.55630484891982E-07;6.39076212229956E-08;9.9661971234672E-05;9.7284336487646E-05
C:/Users/rlolo/Documents/Thèse/MEB et AFM/AFM/Résultats AFM Dynamo/06062025/Plaque hydrophobique_ethanol_PEI 0.5_Incubation 1h/cell2/force mapp/map-data-2025.06.06-11.56.16.356.jpk-force-map;map-data-2025.06.06-11.56.16.356.jpk-force-map;106;0.142;7.801310208055;[2.5e-05, 2.5e-05];[32, 32];5.7175266130781E-06;paraboloid;0.000000032;False;;False;9.00675537359337E-08;6182497.35199813;-4.78267261358903E-12;;0.5;;-3.56553524129222E-19;5.13627680744327E-22;2.26633554608387E-11;0.955246146007121;4.0418197928237E-09;1.34727326427457E-09;1.0261211641611E-06;8.01824474679356E-09;paraboloid;0.000000032;analytical;False;;False;1;446404.42324812;-0.000578079552132739;0.0100002143339541;-4.76772867429572E-11;0.5;5,00E-07;5;157;4.58029099197321E-11;1.50517136084017E-19;3.87965380007053E-10;0.96967892366771;-3.87298596604223E-07;-9.68246491510557E-08;9.9756584634872E-05;9.724365272556E-05
C:/Users/rlolo/Documents/Thèse/MEB et AFM/AFM/Résultats AFM Dynamo/06062025/Plaque hydrophobique_ethanol_PEI 0.5_Incubation 1h/cell2/force mapp/map-data-2025.06.06-11.56.16.356.jpk-force-map;map-data-2025.06.06-11.56.16.356.jpk-force-map;107;0.142;7.801310208055;[2.5e-05, 2.5e-05];[32, 32];5.70842007330885E-06;paraboloid;0.000000032;False;;False;8.0991308094773E-08;3770224.07773755;-8.98975554899961E-12;;0.5;;-5.03233918427932E-20;7.76705834504098E-22;2.7869442665832E-11;0.931452246497893;6.49770755602164E-09;2.16590251867388E-09;1.0101314995273E-06;1.00595748552917E-08;paraboloid;0.000000032;analytical;False;;False;1;460890.655299586;-0.000577859290439542;0.0100000890863845;2.55138387337989E-12;0.5;5,00E-07;5;157;8.68791797958849E-11;1.84706932078997E-19;4.29775443783143E-10;0.965122005021323;-3.40925503286858E-07;-8.52313758217144E-08;9.9639264018624E-05;9.7231826050535E-05
C:/Users/rlolo/Documents/Thèse/MEB et AFM/AFM/Résultats AFM Dynamo/06062025/Plaque hydrophobique_ethanol_PEI 0.5_Incubation 1h/cell2/force mapp/map-data-2025.06.06-11.56.16.356.jpk-force-map;map-data-2025.06.06-11.56.16.356.jpk-force-map;108;0.142;7.801310208055;[2.5e-05, 2.5e-05];[32, 32];5.69966833379035E-06;paraboloid;0.000000032;False;;False;8.56945589354836E-08;10409320.3704906;-5.81369228912159E-12;;0.5;;-3.73833985944526E-19;5.61146374635225E-22;2.36885283340951E-11;0.952073253358481;7.16152991193297E-09;2.38717663731099E-09;1.00348490816325E-06;5.72259721570734E-09;paraboloid;0.000000032;analytical;False;;False;1;460181.343232646;-0.000579449990335964;0.0101821159979607;2.77799810931707E-11;0.5;5,00E-07;5;157;7.86623993490785E-11;1.69054231650133E-19;4.11162050352575E-10;0.967596938500509;1.01754582788571E-06;2.54386456971427E-07;9.9619395204582E-05;9.7203915097476E-05
C:/Users/rlolo/Documents/Thèse/MEB et AFM/AFM/Résultats AFM Dynamo/06062025/Plaque hydrophobique_ethanol_PEI 0.5_Incubation 1h/cell2/force mapp/map-data-2025.06.06-11.56.16.356.jpk-force-map;map-data-2025.06.06-11.56.16.356.jpk-force-map;109;0.142;7.801310208055;[2.5e-05, 2.5e-05];[32, 32];5.69477209033E-06;paraboloid;0.000000032;False;;False;8.97451111771811E-08;7360031.02486643;-9.56651389673018E-12;;0.5;;-1.12801846705053E-19;5.83662494256105E-22;2.41591078944589E-11;0.94830355949071;2.71892096315452E-08;9.06306987718172E-09;1.0042654687149E-06;7.21812119123589E-09;paraboloid;0.000000032;analytical;False;;False;1;451073.998283977;-0.000601890244962751;0.0100011311265574;3.89768850520303E-12;0.5;5,00E-07;5;157;6.22177866675461E-11;1.68728479290732E-19;4.1076572312053E-10;0.966255041636707;2.9858416338068E-07;7.46460408451701E-08;9.9605203194552E-05;9.7177896412421E-05
C:/Users/rlolo/Documents/Thèse/MEB et AFM/AFM/Résultats AFM Dynamo/06062025/Plaque hydrophobique_ethanol_PEI 0.5_Incubation 1h/cell2/force mapp/map-data-2025.06.06-11.56.16.356.jpk-force-map;map-data-2025.06.06-11.56.16.356.jpk-force-map;110;0.142;7.801310208055;[2.5e-05, 2.5e-05];[32, 32];5.683891549307E-06;paraboloid;0.000000032;False;;False;8.55981093378703E-08;11060345.3624827;-1.0203824391876E-11;;0.5;;-1.10608742728175E-19;5.16566852333737E-22;2.27281070996627E-11;0.945628462243334;2.89616949735256E-09;9.65389832450854E-10;9.87708123679901E-07;5.30825661690973E-09;paraboloid;0.000000032;analytical;False;;False;1;451174.05050274;-0.000599413359899244;0.0102372397271153;-1.94459246502868E-11;0.5;5,00E-07;5;157;6.7769007386934E-11;1.68185377895972E-19;4.10104106168143E-10;0.968201464402866;5.01306211708786E-07;1.25326552927197E-07;9.9629802678604E-05;9.7181207881428E-05
C:/Users/rlolo/Documents/Thèse/MEB et AFM/AFM/Résultats AFM Dynamo/06062025/Plaque hydrophobique_ethanol_PEI 0.5_Incubation 1h/cell2/force mapp/map-data-2025.06.06-11.56.16.356.jpk-force-map;map-data-2025.06.06-11.56.16.356.jpk-force-map;111;0.142;7.801310208055;[2.5e-05, 2.5e-05];[32, 32];5.6867772580131E-06;paraboloid;0.000000032;False;;False;8.52734682100986E-08;10912394.5632185;-7.70794919707321E-12;;0.5;;-2.8058747071724E-19;5.56383828570886E-22;2.35877898195419E-11;0.9448568478671;5.99609679300626E-09;1.99869893100209E-09;9.90026151984801E-07;5.39544098311447E-09;paraboloid;0.000000032;analytical;False;;False;1;458978.987307991;-0.000660313500668508;0.0100763700646237;-6.62230308730818E-12;0.5;5,00E-07;5;156;6.17059138598677E-11;2.24640745449825E-19;4.73962810196987E-10;0.957379305014021;2.4601519534121E-07;6.15037988353024E-08;9.9505859124342E-05;9.7194453757456E-05
C:/Users/rlolo/Documents/Thèse/MEB et AFM/AFM/Résultats AFM Dynamo/06062025/Plaque hydrophobique_ethanol_PEI 0.5_Incubation 1h/cell2/force mapp/map-data-2025.06.06-11.56.16.356.jpk-force-map;map-data-2025.06.06-11.56.16.356.jpk-force-map;112;0.142;7.801310208055;[2.5e-05, 2.5e-05];[32, 32];5.6724906345829E-06;paraboloid;0.000000032;False;;False;8.46570886289116E-08;8020955.99393077;-1.13957726525497E-11;;0.5;;-1.2662662564216E-19;6.80255994205839E-22;2.60817176237655E-11;0.938608129297063;1.00302836143524E-08;3.34342787145081E-09;9.76993156107251E-07;6.60054087379116E-09;paraboloid;0.000000032;analytical;False;;False;1;472178.065324227;-0.000568147538759075;0.0101497052539987;8.15609165532403E-11;0.5;5,00E-07;5;157;1.05436270879162E-10;1.74833698204632E-19;4.18131197358715E-10;0.969046209143274;2.05782926601386E-07;5.14457316503465E-08;9.9639264018624E-05;9.717742334542E-05
C:/Users/rlolo/Documents/Thèse/MEB et AFM/AFM/Résultats AFM Dynamo/06062025/Plaque hydrophobique_ethanol_PEI 0.5_Incubation 1h/cell2/force mapp/map-data-2025.06.06-11.56.16.356.jpk-force-map;map-data-2025.06.06-11.56.16.356.jpk-force-map;113;0.142;7.801310208055;[2.5e-05, 2.5e-05];[32, 32];5.66806745812355E-06;paraboloid;0.000000032;False;;False;8.96817795028356E-08;95304266.9283807;-7.55478481183506E-12;;0.5;;-1.70077016710173E-20;9.2648261801533E-22;3.04381769824563E-11;0.888388162020604;3.22290280686569E-09;1.0743009356219E-09;9.72049605946802E-07;1.34484593726719E-09;paraboloid;0.000000032;analytical;False;;False;1;378770.449477475;-0.000925510932523946;0.010003470175621;1.56924499524604E-10;0.5;5,00E-07;5;153;2.03565438855469E-10;4.23080657197897E-19;6.50446506023283E-10;0.90679987187663;-2.52616805055712E-06;-6.31542012639281E-07;9.9584861313509E-05;9.7166069737396E-05
C:/Users/rlolo/Documents/Thèse/MEB et AFM/AFM/Résultats AFM Dynamo/06062025/Plaque hydrophobique_ethanol_PEI 0.5_Incubation 1h/cell2/force mapp/map-data-2025.06.06-11.56.16.356.jpk-force-map;map-data-2025.06.06-11.56.16.356.jpk-force-map;114;0.142;7.801310208055;[2.5e-05, 2.5e-05];[32, 32];5.6547033153453E-06;paraboloid;0.000000032;False;;False;8.89178806952989E-08;10461887.5587713;-8.8707851103023E-12;;0.5;;-1.67790431106124E-19;7.80842431115047E-22;2.79435579537583E-11;0.923673503204146;21438.0561821106;7146.01872737021;9.62020585525601E-07;5.53373553273848E-09;paraboloid;0.000000032;analytical;False;;False;1;323691.728841972;-0.000453176633970886;0.0438533750322642;1.55274684017858E-11;0.5;5,00E-07;5;159;9.72553365498112E-11;1.23418106246441E-19;3.51309132028248E-10;0.972372448736115;1.75894738395196E-07;4.39736845987991E-08;9.9664809636678E-05;9.7175531077416E-05
C:/Users/rlolo/Documents/Thèse/MEB et AFM/AFM/Résultats AFM Dynamo/06062025/Plaque hydrophobique_ethanol_PEI 0.5_Incubation 1h/cell2/force mapp/map-data-2025.06.06-11.56.16.356.jpk-force-map;map-data-2025.06.06-11.56.16.356.jpk-force-map;115;0.142;7.801310208055;[2.5e-05, 2.5e-05];[32, 32];5.6438700810224E-06;paraboloid;0.000000032;False;;False;8.5481108567839E-08;10589173.2912746;-8.62840394034047E-12;;0.5;;-1.06709416320348E-19;9.71318556889157E-22;3.11659839711368E-11;0.916792918549111;1.72300471942924E-09;5.74334906476412E-10;9.49105856398302E-07;5.23212985464295E-09;paraboloid;0.000000032;analytical;False;;False;1;526843.068916203;-0.000482112039422701;0.0121501112009457;1.08226854684726E-10;0.5;5,00E-07;5;157;1.33913718553998E-10;1.90750838442933E-19;4.36750315904789E-10;0.968164953484721;1.21235632394066E-07;3.03089080985165E-08;9.9641156286628E-05;9.716323133539E-05
C:/Users/rlolo/Documents/Thèse/MEB et AFM/AFM/Résultats AFM Dynamo/06062025/Plaque hydrophobique_ethanol_PEI 0.5_Incubation 1h/cell2/force mapp/map-data-2025.06.06-11.56.16.356.jpk-force-map;map-data-2025.06.06-11.56.16.356.jpk-force-map;116;0.142;7.801310208055;[2.5e-05, 2.5e-05];[32, 32];5.620973638174E-06;paraboloid;0.000000032;False;;False;8.17024414829975E-08;3734997.48453019;-1.23172119394283E-11;;0.5;;-8.6225463413265E-20;7.91446349048368E-22;2.81326562743081E-11;0.936815829978704;1.32663696709328E-08;4.42212322364427E-09;9.26871707351302E-07;1.03538589432803E-08;paraboloid;0.000000032;analytical;False;;False;1;482885.428950855;-0.000539425741479579;0.0100003363672309;5.18976015850398E-11;0.5;5,00E-07;5;158;1.10586801106722E-10;1.85769328319031E-19;4.31009661514717E-10;0.970077688747476;7.83575118727655E-08;1.95893779681914E-08;9.9742392624842E-05;9.7167015871398E-05
C:/Users/rlolo/Documents/Thèse/MEB et AFM/AFM/Résultats AFM Dynamo/06062025/Plaque hydrophobique_ethanol_PEI 0.5_Incubation 1h/cell2/force mapp/map-data-2025.06.06-11.56.16.356.jpk-force-map;map-data-2025.06.06-11.56.16.356.jpk-force-map;117;0.142;7.801310208055;[2.5e-05, 2.5e-05];[32, 32];5.61404320660935E-06;paraboloid;0.000000032;False;;False;8.68787057228884E-08;13098419.6146417;8.58568129722395E-12;;0.5;;-3.03579158844422E-19;2.2371444998409E-21;4.72984619183425E-11;0.810266423298351;-9.3753027878084E-09;-3.12510092926947E-09;9.19444555435601E-07;4.35569487800938E-09;paraboloid;0.000000032;analytical;False;;False;1;399737.49719915;-0.00116331586082617;0.0100000001594771;8.72589826798102E-11;0.5;5,00E-07;5;152;1.24300309407465E-10;1.27566259595447E-18;1.12945234337464E-09;0.817083110122184;-2.89994536725671E-07;-7.24986341814177E-08;9.9601891725545E-05;9.7168435072401E-05
C:/Users/rlolo/Documents/Thèse/MEB et AFM/AFM/Résultats AFM Dynamo/06062025/Plaque hydrophobique_ethanol_PEI 0.5_Incubation 1h/cell2/force mapp/map-data-2025.06.06-11.56.16.356.jpk-force-map;map-data-2025.06.06-11.56.16.356.jpk-force-map;118;0.142;7.801310208055;[2.5e-05, 2.5e-05];[32, 32];5.6181825428681E-06;paraboloid;0.000000032;False;;False;8.73054410324577E-08;3050834.19452884;1.64935100915207E-10;;0.5;;-8.54415825376967E-20;1.09791689170309E-21;3.31348289825538E-11;0.868588852558261;6.84327505840675E-09;2.28109168613558E-09;9.29426269156702E-07;1.03057042616442E-08;paraboloid;0.000000032;analytical;False;;False;1;400083.322339224;-0.000665082725576534;0.0100000193167017;4.56923284308866E-11;0.5;5,00E-07;5;156;5.9691109394207E-11;1.93199485510544E-19;4.39544634264307E-10;0.954530871326214;1.64875766363587E-07;4.12189415908969E-08;9.9468013764262E-05;9.7202022829472E-05
C:/Users/rlolo/Documents/Thèse/MEB et AFM/AFM/Résultats AFM Dynamo/06062025/Plaque hydrophobique_ethanol_PEI 0.5_Incubation 1h/cell2/force mapp/map-data-2025.06.06-11.56.16.356.jpk-force-map;map-data-2025.06.06-11.56.16.356.jpk-force-map;119;0.142;7.801310208055;[2.5e-05, 2.5e-05];[32, 32];5.6033282390367E-06;paraboloid;0.000000032;False;;False;7.99724539126296E-08;3375405.27764538;1.36203201420356E-10;;0.5;;-1.43188035775258E-19;9.56939701253782E-22;3.09344419903412E-11;0.91207689934117;8.33463233921415E-09;2.77821077973805E-09;9.08516707712503E-07;1.08577673283522E-08;paraboloid;0.000000032;analytical;False;;False;1;408878.840017827;-0.000620228582486754;0.0100000981464159;-2.79475429779258E-12;0.5;5,00E-07;5;157;4.78765361234724E-11;1.62792743780495E-19;4.03475828000259E-10;0.96280994368351;1.45818423712284E-07;3.64546059280711E-08;9.964683309064E-05;9.7160866000385E-05
C:/Users/rlolo/Documents/Thèse/MEB et AFM/AFM/Résultats AFM Dynamo/06062025/Plaque hydrophobique_ethanol_PEI 0.5_Incubation 1h/cell2/force mapp/map-data-2025.06.06-11.56.16.356.jpk-force-map;map-data-2025.06.06-11.56.16.356.jpk-force-map;120;0.142;7.801310208055;[2.5e-05, 2.5e-05];[32, 32];5.5926842315142E-06;paraboloid;0.000000032;False;;False;8.2565047399113E-08;6231460.67581765;1.20662455068542E-10;;0.5;;-6.78610965448544E-20;9.73001264891661E-22;3.11929681962403E-11;0.894151865676049;8.33246910536963E-09;2.77748970178988E-09;8.96595419287301E-07;6.91981849965043E-09;paraboloid;0.000000032;analytical;False;;False;1;415152.226443183;-0.000621941160406295;0.0100024759302247;8.94924727825904E-12;0.5;5,00E-07;5;157;7.04156278286476E-11;2.02005297239102E-19;4.49449994147404E-10;0.955249290162156;2.43454922090988E-07;6.0863730522747E-08;9.9629802678604E-05;9.7161339067386E-05
C:/Users/rlolo/Documents/Thèse/MEB et AFM/AFM/Résultats AFM Dynamo/06062025/Plaque hydrophobique_ethanol_PEI 0.5_Incubation 1h/cell2/force mapp/map-data-2025.06.06-11.56.16.356.jpk-force-map;map-data-2025.06.06-11.56.16.356.jpk-force-map;121;0.142;7.801310208055;[2.5e-05, 2.5e-05];[32, 32];5.5944345794179E-06;paraboloid;0.000000032;False;;False;8.33221919042032E-08;6938945.33782299;1.50598712198434E-10;;0.5;;-7.43028871651648E-20;1.04333718570456E-21;3.23007304206045E-11;0.886437168618321;8.23554995884538E-09;2.74518331961513E-09;8.98369420541052E-07;6.69380742880583E-09;paraboloid;0.000000032;analytical;False;;False;1;418677.983710691;-0.000567653586357294;0.0100001966537011;3.89599691447042E-12;0.5;5,00E-07;5;157;2.17936564682724E-11;1.18442293226991E-19;3.44154461291716E-10;0.970343254898398;1.46073573575333E-07;3.65183933938331E-08;9.9507278325345E-05;9.7169854273404E-05
C:/Users/rlolo/Documents/Thèse/MEB et AFM/AFM/Résultats AFM Dynamo/06062025/Plaque hydrophobique_ethanol_PEI 0.5_Incubation 1h/cell2/force mapp/map-data-2025.06.06-11.56.16.356.jpk-force-map;map-data-2025.06.06-11.56.16.356.jpk-force-map;122;0.142;7.801310208055;[2.5e-05, 2.5e-05];[32, 32];5.5803371827881E-06;paraboloid;0.000000032;False;;False;8.80537077629279E-08;4818959.88381972;1.08711257432067E-10;;0.5;;-2.3061107776874E-19;2.91735013483423E-21;5.40124998017518E-11;0.743528105738729;-2.1979112625557E-08;-7.32637087518568E-09;8.90824001875101E-07;8.52206257508899E-09;paraboloid;0.000000032;analytical;False;;False;1;433117.11863659;-0.000587488913078199;0.0100001830347801;6.61691014974093E-11;0.5;5,00E-07;5;157;4.70473158946366E-11;1.38315697638376E-19;3.71908184419725E-10;0.969107403001324;1.03532558871555E-07;2.58831397178887E-08;9.9658186698664E-05;9.7156608397376E-05
C:/Users/rlolo/Documents/Thèse/MEB et AFM/AFM/Résultats AFM Dynamo/06062025/Plaque hydrophobique_ethanol_PEI 0.5_Incubation 1h/cell2/force mapp/map-data-2025.06.06-11.56.16.356.jpk-force-map;map-data-2025.06.06-11.56.16.356.jpk-force-map;123;0.142;7.801310208055;[2.5e-05, 2.5e-05];[32, 32];5.55713324638905E-06;paraboloid;0.000000032;False;;False;7.10183320270923E-08;1065991.82989803;1.07615333259449E-10;;0.5;;-1.97630590273493E-19;1.35110420174684E-21;3.6757369352918E-11;0.908917386288309;1.78466722521052E-08;5.94889075070174E-09;8.65940677622501E-07;2.34109198468972E-08;paraboloid;0.000000032;analytical;False;;False;1;437104.641604358;-0.00039531442238977;0.0100000000036483;3.50481515844341E-11;0.5;5,00E-07;5;160;8.8216848227519E-16;1.04341887448727E-19;3.23019948994992E-10;0.977097690502005;4.3063299113747E-08;1.07658247784368E-08;9.9739081155835E-05;9.7160392933384E-05
C:/Users/rlolo/Documents/Thèse/MEB et AFM/AFM/Résultats AFM Dynamo/06062025/Plaque hydrophobique_ethanol_PEI 0.5_Incubation 1h/cell2/force mapp/map-data-2025.06.06-11.56.16.356.jpk-force-map;map-data-2025.06.06-11.56.16.356.jpk-force-map;124;0.142;7.801310208055;[2.5e-05, 2.5e-05];[32, 32];5.5560688456368E-06;paraboloid;0.000000032;False;;False;8.53608175382738E-08;10643158.9190958;9.17320462465517E-11;;0.5;;-1.2679181158171E-19;1.10049203338681E-21;3.31736647566532E-11;0.879265148823858;1.51260402334594E-08;5.04201341115313E-09;8.60216566910401E-07;5.29186460893156E-09;paraboloid;0.000000032;analytical;False;;False;1;419133.938593752;-0.000640710934540613;0.0100000002811576;3.93201860283799E-11;0.5;5,00E-07;5;156;5.69364869559949E-11;1.60423263112494E-19;4.00528729447082E-10;0.960310495599787;1.92836309899319E-07;4.82090774748297E-08;9.9552692757441E-05;9.7162285201388E-05
C:/Users/rlolo/Documents/Thèse/MEB et AFM/AFM/Résultats AFM Dynamo/06062025/Plaque hydrophobique_ethanol_PEI 0.5_Incubation 1h/cell2/force mapp/map-data-2025.06.06-11.56.16.356.jpk-force-map;map-data-2025.06.06-11.56.16.356.jpk-force-map;125;0.142;7.801310208055;[2.5e-05, 2.5e-05];[32, 32];5.5420187557071E-06;paraboloid;0.000000032;False;;False;8.67568696159854E-08;16224692.2241042;7.19296911998962E-11;;0.5;;-3.87382762445054E-20;1.14268795227829E-21;3.38036677341127E-11;0.872598270421973;7.5838531433897E-09;2.52795104779657E-09;8.46781464082001E-07;3.84410934628326E-09;paraboloid;0.000000032;analytical;False;;False;1;510323.851399849;-0.000541587830839407;0.0120794645805515;1.2323166610504E-10;0.5;5,00E-07;5;156;1.81935024497301E-10;2.62110216582556E-19;5.11967007318397E-10;0.954380353068096;-1.30798471673386E-07;-3.26996179183466E-08;9.9655821363659E-05;9.714903932536E-05
C:/Users/rlolo/Documents/Thèse/MEB et AFM/AFM/Résultats AFM Dynamo/06062025/Plaque hydrophobique_ethanol_PEI 0.5_Incubation 1h/cell2/force mapp/map-data-2025.06.06-11.56.16.356.jpk-force-map;map-data-2025.06.06-11.56.16.356.jpk-force-map;126;0.142;7.801310208055;[2.5e-05, 2.5e-05];[32, 32];5.527306371976E-06;paraboloid;0.000000032;False;;False;8.50568468927191E-08;8095607.29268085;1.41764564387487E-10;;0.5;;-2.37937751082027E-19;9.74277274636568E-22;3.12134149787646E-11;0.858150364331876;6.98048690445922E-09;2.32682896815307E-09;8.32731374152301E-07;5.48564925885975E-09;paraboloid;0.000000032;analytical;False;;False;1;476530.683298679;-0.000514475592074985;0.0102887532461787;8.26780796110795E-11;0.5;5,00E-07;5;157;1.3703330235582E-10;1.4812918461128E-19;3.84875544314366E-10;0.97276925128661;-3.13002787923491E-07;-7.82506969808727E-08;9.9657240564662E-05;9.7148093191358E-05
C:/Users/rlolo/Documents/Thèse/MEB et AFM/AFM/Résultats AFM Dynamo/06062025/Plaque hydrophobique_ethanol_PEI 0.5_Incubation 1h/cell2/force mapp/map-data-2025.06.06-11.56.16.356.jpk-force-map;map-data-2025.06.06-11.56.16.356.jpk-force-map;127;0.142;7.801310208055;[2.5e-05, 2.5e-05];[32, 32];5.5217241813642E-06;paraboloid;0.000000032;False;;False;8.66562764075886E-08;15659302.957884;9.92213780327376E-11;;0.5;;-1.80606668940299E-19;9.31118113019559E-22;3.05142280423339E-11;0.881419459258209;1.28741876880623E-08;4.29139589602076E-09;8.26676116539502E-07;3.9270095623851E-09;paraboloid;0.000000032;analytical;False;;False;1;403996.135549519;-0.000668938746015658;0.010010571342182;-3.05883265921314E-11;0.5;5,00E-07;5;156;2.13053994841276E-11;1.62086385779885E-19;4.0259953524549E-10;0.959015755308144;2.19163317109736E-07;5.47908292774339E-08;9.9583442112506E-05;9.7145254789352E-05
C:/Users/rlolo/Documents/Thèse/MEB et AFM/AFM/Résultats AFM Dynamo/06062025/Plaque hydrophobique_ethanol_PEI 0.5_Incubation 1h/cell2/force mapp/map-data-2025.06.06-11.56.16.356.jpk-force-map;map-data-2025.06.06-11.56.16.356.jpk-force-map;128;0.142;7.801310208055;[2.5e-05, 2.5e-05];[32, 32];5.5251302637714E-06;paraboloid;0.000000032;False;;False;8.15193773037858E-08;5253758.2516485;-4.0255480698506E-11;;0.5;;-1.07295473395787E-19;2.22921486293392E-21;4.72145619796893E-11;0.861129319999415;-6.24654342721483E-09;-2.08218114240494E-09;8.30910066198452E-07;8.96502915099657E-09;paraboloid;0.000000032;analytical;False;;False;1;452704.132759445;-0.000610816153569196;0.0100028301549884;1.2028124362601E-10;0.5;5,00E-07;5;157;1.2891625226831E-10;2.01928566645646E-19;4.49364625494315E-10;0.965062503165537;6.05789114738534E-08;1.51447278684633E-08;9.9496397784322E-05;9.7174584943414E-05
C:/Users/rlolo/Documents/Thèse/MEB et AFM/AFM/Résultats AFM Dynamo/06062025/Plaque hydrophobique_ethanol_PEI 0.5_Incubation 1h/cell2/force mapp/map-data-2025.06.06-11.56.16.356.jpk-force-map;map-data-2025.06.06-11.56.16.356.jpk-force-map;129;0.142;7.801310208055;[2.5e-05, 2.5e-05];[32, 32];5.5374300057974E-06;paraboloid;0.000000032;False;;False;8.72566541907455E-08;6209780.93376788;4.88728633838782E-11;;0.5;;-4.65155122713766E-20;7.89293626943782E-22;2.8094370022191E-11;0.920203953582879;3.70968770154581E-10;1.23656256718194E-10;8.46071863580503E-07;7.857767786568E-09;paraboloid;0.000000032;analytical;False;;False;1;406509.114498371;-0.000627159012527846;0.0100001278105752;-5.6534595049975E-11;0.5;5,00E-07;5;157;1.95187529204273E-11;1.42142636764901E-19;3.77018085461296E-10;0.967580872573637;3.83977422406989E-07;9.59943556017474E-08;9.9393269178104E-05;9.7176477211418E-05
C:/Users/rlolo/Documents/Thèse/MEB et AFM/AFM/Résultats AFM Dynamo/06062025/Plaque hydrophobique_ethanol_PEI 0.5_Incubation 1h/cell2/force mapp/map-data-2025.06.06-11.56.16.356.jpk-force-map;map-data-2025.06.06-11.56.16.356.jpk-force-map;130;0.142;7.801310208055;[2.5e-05, 2.5e-05];[32, 32];5.5366257918957E-06;paraboloid;0.000000032;False;;False;8.18253659675179E-08;11460258.4864192;4.14457202772786E-11;;0.5;;-1.14287949778072E-19;1.41723608700211E-21;3.76461961823782E-11;0.93081917011322;-2.40827784741376E-08;-8.02759282471252E-09;8.41885220621651E-07;5.8455241183686E-09;paraboloid;0.000000032;analytical;False;;False;1;445298.193673457;-0.000640815383935707;0.0100109911856784;1.11197481310206E-10;0.5;5,00E-07;5;157;1.07250433385277E-10;2.22349138301824E-19;4.71539116406925E-10;0.959764909117742;1.94502294810499E-07;4.86255737026246E-08;9.9512008995355E-05;9.714903932536E-05
C:/Users/rlolo/Documents/Thèse/MEB et AFM/AFM/Résultats AFM Dynamo/06062025/Plaque hydrophobique_ethanol_PEI 0.5_Incubation 1h/cell2/force mapp/map-data-2025.06.06-11.56.16.356.jpk-force-map;map-data-2025.06.06-11.56.16.356.jpk-force-map;131;0.142;7.801310208055;[2.5e-05, 2.5e-05];[32, 32];5.5497770545235E-06;paraboloid;0.000000032;False;;False;8.58112817702886E-08;5329354.66435221;9.40983304557535E-11;;0.5;;-8.2388731186071E-20;1.16290316388626E-21;3.41013660120275E-11;0.888081497387577;2.02082839068006E-08;6.73609463560018E-09;8.58844672607503E-07;8.0063045971422E-09;paraboloid;0.000000032;analytical;False;;False;1;443260.700305662;-0.000597203246903068;0.0100002437038007;7.09589529862311E-12;0.5;5,00E-07;5;157;5.47609780673294E-11;1.55442605199566E-19;3.94262102159928E-10;0.969827623079909;2.48336613954162E-07;6.20841534885406E-08;9.938664624009E-05;9.7166069737396E-05
C:/Users/rlolo/Documents/Thèse/MEB et AFM/AFM/Résultats AFM Dynamo/06062025/Plaque hydrophobique_ethanol_PEI 0.5_Incubation 1h/cell2/force mapp/map-data-2025.06.06-11.56.16.356.jpk-force-map;map-data-2025.06.06-11.56.16.356.jpk-force-map;132;0.142;7.801310208055;[2.5e-05, 2.5e-05];[32, 32];5.55926204789355E-06;paraboloid;0.000000032;False;;False;8.52422917243785E-08;5487164.03643776;8.20887093356603E-11;;0.5;;-8.37052073696275E-20;1.38089267088966E-21;3.71603642459229E-11;0.856568232699163;3.36023791473802E-08;1.12007930491267E-08;8.66602971423901E-07;7.57707146417637E-09;paraboloid;0.000000032;analytical;False;;False;1;452162.995760852;-0.00065899560640165;0.0100002709738143;4.97727324754728E-11;0.5;5,00E-07;5;156;7.75046681282823E-11;2.05998541397546E-19;4.53870621870976E-10;0.960053722846219;-3.61413291648801E-08;-9.03533229122002E-09;9.9409353456138E-05;9.7162285201388E-05
C:/Users/rlolo/Documents/Thèse/MEB et AFM/AFM/Résultats AFM Dynamo/06062025/Plaque hydrophobique_ethanol_PEI 0.5_Incubation 1h/cell2/force mapp/map-data-2025.06.06-11.56.16.356.jpk-force-map;map-data-2025.06.06-11.56.16.356.jpk-force-map;133;0.142;7.801310208055;[2.5e-05, 2.5e-05];[32, 32];5.5757957395785E-06;paraboloid;0.000000032;False;;False;8.22429450944988E-08;4568118.79056854;1.32012931715454E-10;;0.5;;-1.16592542718943E-19;1.26118674352173E-21;3.55131911199448E-11;0.866567922953107;1.56808461610708E-08;5.22694872035694E-09;8.81173435054701E-07;8.66005604348801E-09;paraboloid;0.000000032;analytical;False;;False;1;446561.905090317;-0.000548062387750114;0.0100002600906492;3.18584237844467E-11;0.5;5,00E-07;5;157;6.74431207475627E-11;1.25934334652267E-19;3.54872279351695E-10;0.97341277165837;1.91883996965188E-07;4.79709992412971E-08;9.9310009385928E-05;9.7179315613424E-05
C:/Users/rlolo/Documents/Thèse/MEB et AFM/AFM/Résultats AFM Dynamo/06062025/Plaque hydrophobique_ethanol_PEI 0.5_Incubation 1h/cell2/force mapp/map-data-2025.06.06-11.56.16.356.jpk-force-map;map-data-2025.06.06-11.56.16.356.jpk-force-map;134;0.142;7.801310208055;[2.5e-05, 2.5e-05];[32, 32];6.15721873715755E-06;paraboloid;0.000000032;False;;False;-4.40816327568426E-08;16127.3267517659;1.33932797790917E-10;;0.5;;-2.21307563964328E-21;1.37353655723199E-21;3.70612541238419E-11;0.987009402733469;1.27499902025495E-08;4.24999673418315E-09;1.72410787078655E-06;4.01349086841904E-07;paraboloid;0.000000032;analytical;False;;False;1;13160.653495917;-0.000441472348168343;0.0100000000073979;2.45580505423929E-11;0.5;5,00E-07;5;141;1.23534683994066E-16;4.42509227803464E-21;6.65213670788164E-11;0.965171824220167;1.53814650464306E-08;3.84536626160765E-09;9.77551548518667E-05;9.7252640998579E-05
C:/Users/rlolo/Documents/Thèse/MEB et AFM/AFM/Résultats AFM Dynamo/06062025/Plaque hydrophobique_ethanol_PEI 0.5_Incubation 1h/cell2/force mapp/map-data-2025.06.06-11.56.16.356.jpk-force-map;map-data-2025.06.06-11.56.16.356.jpk-force-map;135;0.142;7.801310208055;[2.5e-05, 2.5e-05];[32, 32];5.6066397080437E-06;paraboloid;0.000000032;False;;False;7.41584274267045E-08;1868046.40769735;2.90951156441871E-11;;0.5;;-1.36384803041862E-19;8.23105567063893E-22;2.86898164348239E-11;0.939510101911563;-1.94912039730668E-08;-6.49706799102227E-09;9.08729587862952E-07;1.6584027229119E-08;paraboloid;0.000000032;analytical;False;;False;1;458466.33747983;-0.000497303797294769;0.0100000864431627;-3.45345773328123E-12;0.5;5,00E-07;5;158;7.56890609845406E-11;1.53058833828415E-19;3.91227342894659E-10;0.974140407150418;1.29338709245364E-07;3.2334677311341E-08;0.000100584451886622;9.728149808564E-05
C:/Users/rlolo/Documents/Thèse/MEB et AFM/AFM/Résultats AFM Dynamo/06062025/Plaque hydrophobique_ethanol_PEI 0.5_Incubation 1h/cell2/force mapp/map-data-2025.06.06-11.56.16.356.jpk-force-map;map-data-2025.06.06-11.56.16.356.jpk-force-map;136;0.142;7.801310208055;[2.5e-05, 2.5e-05];[32, 32];5.6144926202603E-06;paraboloid;0.000000032;False;;False;8.61182953268767E-08;10434589.7618607;5.12565536076815E-11;;0.5;;-9.22081821833777E-20;8.99249685454989E-22;2.99874921501447E-11;0.915672677719335;2.9101469905891E-08;9.70048996863035E-09;9.19964929136703E-07;5.48384883534247E-09;paraboloid;0.000000032;analytical;False;;False;1;446701.870276677;-0.00052709915173774;0.0119339165254787;3.03756512257763E-11;0.5;5,00E-07;5;157;1.39254568362613E-10;1.4915384890402E-19;3.86204413366834E-10;0.972366104051992;-3.27713048465646E-07;-8.19282621164115E-08;9.9392796111103E-05;9.7194926824457E-05
C:/Users/rlolo/Documents/Thèse/MEB et AFM/AFM/Résultats AFM Dynamo/06062025/Plaque hydrophobique_ethanol_PEI 0.5_Incubation 1h/cell2/force mapp/map-data-2025.06.06-11.56.16.356.jpk-force-map;map-data-2025.06.06-11.56.16.356.jpk-force-map;137;0.142;7.801310208055;[2.5e-05, 2.5e-05];[32, 32];5.621919772176E-06;paraboloid;0.000000032;False;;False;8.48383510227674E-08;11300569.7606779;7.31864083932159E-11;;0.5;;-4.75585832815743E-19;1.42158452633717E-21;3.77039059824996E-11;0.849557663774337;-7.93245851220035E-09;-2.64415283740012E-09;9.26067493449602E-07;4.8871943034868E-09;paraboloid;0.000000032;analytical;False;;False;1;454647.148234139;-0.000625427225831464;0.0100456930596749;2.47394788485961E-11;0.5;5,00E-07;5;156;1.13153242371881E-10;1.98649512942948E-19;4.45701147567457E-10;0.963810471257284;-1.14173532421758E-07;-2.85433831054396E-08;9.9420233997161E-05;9.7178369479422E-05
C:/Users/rlolo/Documents/Thèse/MEB et AFM/AFM/Résultats AFM Dynamo/06062025/Plaque hydrophobique_ethanol_PEI 0.5_Incubation 1h/cell2/force mapp/map-data-2025.06.06-11.56.16.356.jpk-force-map;map-data-2025.06.06-11.56.16.356.jpk-force-map;138;0.142;7.801310208055;[2.5e-05, 2.5e-05];[32, 32];5.63277665984895E-06;paraboloid;0.000000032;False;;False;8.57969582177913E-08;15404333.6561534;4.41322229508348E-12;;0.5;;-2.90047268412344E-19;1.47010786761211E-21;3.83419857025181E-11;0.848984726596424;-1.92726668649756E-09;-6.42422228832521E-10;9.36900727772502E-07;3.81218237160331E-09;paraboloid;0.000000032;analytical;False;;False;1;447856.221385885;-0.000484876157867561;0.0237430540545286;-1.93938277915807E-11;0.5;5,00E-07;5;158;8.40465149743506E-11;1.0824104187146E-19;3.29000063634431E-10;0.982289706182497;1.40282819357071E-08;3.50707048392678E-09;9.9361100622036E-05;9.7171746541408E-05
C:/Users/rlolo/Documents/Thèse/MEB et AFM/AFM/Résultats AFM Dynamo/06062025/Plaque hydrophobique_ethanol_PEI 0.5_Incubation 1h/cell2/force mapp/map-data-2025.06.06-11.56.16.356.jpk-force-map;map-data-2025.06.06-11.56.16.356.jpk-force-map;139;0.142;7.801310208055;[2.5e-05, 2.5e-05];[32, 32];5.6269815890867E-06;paraboloid;0.000000032;False;;False;8.30574678376842E-08;7767442.75326604;-7.87990562605417E-12;;0.5;;-5.68649406681176E-20;6.30177462475415E-22;2.51033356842356E-11;0.943984029547585;1.00586755352085E-08;3.35289184506949E-09;9.30254136408452E-07;6.81482328769905E-09;paraboloid;0.000000032;analytical;False;;False;1;478194.147932961;-0.000489022961826603;0.0102483675052114;-2.87212614635075E-11;0.5;5,00E-07;5;158;8.27995493524197E-11;1.35389066826114E-19;3.67952533387276E-10;0.975410097594666;6.32851814296457E-08;1.58212953574114E-08;9.9570669303479E-05;9.7152823861368E-05
C:/Users/rlolo/Documents/Thèse/MEB et AFM/AFM/Résultats AFM Dynamo/06062025/Plaque hydrophobique_ethanol_PEI 0.5_Incubation 1h/cell2/force mapp/map-data-2025.06.06-11.56.16.356.jpk-force-map;map-data-2025.06.06-11.56.16.356.jpk-force-map;140;0.142;7.801310208055;[2.5e-05, 2.5e-05];[32, 32];5.64133917256705E-06;paraboloid;0.000000032;False;;False;9.0197756984843E-08;33493243.1264421;-1.28544145066663E-11;;0.5;;-2.13019981556183E-18;9.82936694068907E-22;3.13518212241156E-11;0.898333748442788;3.80584361751911E-08;1.26861453917304E-08;9.47710308745353E-07;2.48163090401936E-09;paraboloid;0.000000032;analytical;False;;False;1;414189.037782951;-0.000864257017657797;0.010557365448616;1.47333111977268E-10;0.5;5,00E-07;5;155;2.10342592767344E-10;3.72328569219742E-19;6.10187323057225E-10;0.945858337721131;-4.32816191444889E-07;-1.08204047861222E-07;9.9373873431063E-05;9.7176950278419E-05
C:/Users/rlolo/Documents/Thèse/MEB et AFM/AFM/Résultats AFM Dynamo/06062025/Plaque hydrophobique_ethanol_PEI 0.5_Incubation 1h/cell2/force mapp/map-data-2025.06.06-11.56.16.356.jpk-force-map;map-data-2025.06.06-11.56.16.356.jpk-force-map;141;0.142;7.801310208055;[2.5e-05, 2.5e-05];[32, 32];5.6551763823463E-06;paraboloid;0.000000032;False;;False;8.74466461802129E-08;9001613.85726151;-7.59064868009908E-12;;0.5;;-5.8119002190823E-20;5.60550188828252E-22;2.36759411392293E-11;0.947235398310363;1.11737239713693E-08;3.72457465712309E-09;9.62872106127401E-07;6.17935421312938E-09;paraboloid;0.000000032;analytical;False;;False;1;393620.733914781;-0.000728950006477798;0.0100000225318651;-6.5295289141793E-11;0.5;5,00E-07;5;156;2.01214082380864E-11;2.00029344815258E-19;4.47246402797449E-10;0.956056602180643;5.35950568540669E-07;1.33987642135167E-07;9.9343124075998E-05;9.7176477211418E-05
C:/Users/rlolo/Documents/Thèse/MEB et AFM/AFM/Résultats AFM Dynamo/06062025/Plaque hydrophobique_ethanol_PEI 0.5_Incubation 1h/cell2/force mapp/map-data-2025.06.06-11.56.16.356.jpk-force-map;map-data-2025.06.06-11.56.16.356.jpk-force-map;142;0.142;7.801310208055;[2.5e-05, 2.5e-05];[32, 32];5.6665299903703E-06;paraboloid;0.000000032;False;;False;8.26204561629049E-08;7113790.85748755;-9.34206315071312E-12;;0.5;;-9.78814535974979E-20;6.8091127175412E-22;2.60942766091363E-11;0.939388621157966;4.05653665358054E-09;1.35217888452685E-09;9.70157337942802E-07;7.06279153063705E-09;paraboloid;0.000000032;analytical;False;;False;1;461882.17941184;-0.000579192374294369;0.0100072690362362;2.23488572015162E-11;0.5;5,00E-07;5;157;7.40854691175501E-11;1.61621337755466E-19;4.02021563794115E-10;0.970876529242653;2.61776251841784E-07;6.54440629604459E-08;9.9390430776098E-05;9.717742334542E-05
C:/Users/rlolo/Documents/Thèse/MEB et AFM/AFM/Résultats AFM Dynamo/06062025/Plaque hydrophobique_ethanol_PEI 0.5_Incubation 1h/cell2/force mapp/map-data-2025.06.06-11.56.16.356.jpk-force-map;map-data-2025.06.06-11.56.16.356.jpk-force-map;143;0.142;7.801310208055;[2.5e-05, 2.5e-05];[32, 32];5.68249600165405E-06;paraboloid;0.000000032;False;;False;8.49857602718231E-08;11930734.4337668;-1.16818033255939E-11;;0.5;;-2.4022874826262E-19;5.76783106680424E-22;2.40163091810633E-11;0.949089823043951;1126.59320526362;375.531068421208;9.86809296378002E-07;5.02261790606187E-09;paraboloid;0.000000032;analytical;False;;False;1;431321.579339042;-0.000604301942356061;0.0102325682898396;1.1356982019451E-11;0.5;5,00E-07;5;156;6.44103377486133E-11;1.40399401044015E-19;3.74699080655418E-10;0.967497450059888;8.108376289625E-07;2.02709407240625E-07;9.9322309127954E-05;9.7197292159462E-05
C:/Users/rlolo/Documents/Thèse/MEB et AFM/AFM/Résultats AFM Dynamo/06062025/Plaque hydrophobique_ethanol_PEI 0.5_Incubation 1h/cell2/force mapp/map-data-2025.06.06-11.56.16.356.jpk-force-map;map-data-2025.06.06-11.56.16.356.jpk-force-map;144;0.142;7.801310208055;[2.5e-05, 2.5e-05];[32, 32];5.675376343289E-06;paraboloid;0.000000032;False;;False;8.56985387108204E-08;7530503.37081133;-1.61590749094478E-11;;0.5;;-1.54001765328103E-19;7.18266416162019E-22;2.68004928343122E-11;0.934569235368851;4.47789003986589E-08;1.49263001328863E-08;9.81936706267701E-07;6.50444403552603E-09;paraboloid;0.000000032;analytical;False;;False;1;467140.432875816;-0.000533317443980394;0.010513425913799;7.70797610370439E-11;0.5;5,00E-07;5;157;1.16205961371782E-10;1.52791798573299E-19;3.90885915035703E-10;0.970848479354163;1.00420889601257E-07;2.51052224003142E-08;9.9562627164462E-05;9.713484731533E-05
C:/Users/rlolo/Documents/Thèse/MEB et AFM/AFM/Résultats AFM Dynamo/06062025/Plaque hydrophobique_ethanol_PEI 0.5_Incubation 1h/cell2/force mapp/map-data-2025.06.06-11.56.16.356.jpk-force-map;map-data-2025.06.06-11.56.16.356.jpk-force-map;145;0.142;7.801310208055;[2.5e-05, 2.5e-05];[32, 32];5.6896629667192E-06;paraboloid;0.000000032;False;;False;8.46390358620678E-08;9406548.08770328;-1.19237253270638E-11;;0.5;;-1.6891867542778E-19;5.2841404641058E-22;2.29872583491503E-11;0.949093226613261;2.46325679752223E-08;8.21085599174076E-09;9.93621461192402E-07;5.88090514644712E-09;paraboloid;0.000000032;analytical;False;;False;1;439468.335251963;-0.000656565364912921;0.0100007484414797;-7.65147618147762E-12;0.5;5,00E-07;5;156;6.40773247470106E-11;2.3178372639436E-19;4.81439223988199E-10;0.95423844545183;-3.51554886000735E-07;-8.78887215001838E-08;9.9409826523139E-05;9.7174584943414E-05
C:/Users/rlolo/Documents/Thèse/MEB et AFM/AFM/Résultats AFM Dynamo/06062025/Plaque hydrophobique_ethanol_PEI 0.5_Incubation 1h/cell2/force mapp/map-data-2025.06.06-11.56.16.356.jpk-force-map;map-data-2025.06.06-11.56.16.356.jpk-force-map;146;0.142;7.801310208055;[2.5e-05, 2.5e-05];[32, 32];5.695245157331E-06;paraboloid;0.000000032;False;;False;9.10233212697015E-08;18938045.7436468;-1.22026458117384E-11;;0.5;;-1.03971570945161E-18;6.13804731886654E-22;2.47750828835476E-11;0.938573368911434;1.79110143907157E-08;5.97033813023856E-09;1.0037924017139E-06;3.5999763334023E-09;paraboloid;0.000000032;analytical;False;;False;1;476764.660180164;-0.000595649805144226;0.0105769901871001;8.18085742447638E-11;0.5;5,00E-07;5;156;1.18252302285343E-10;2.14848356297138E-19;4.63517374320681E-10;0.961473573605735;5.38685121953857E-06;1.34671280488464E-06;9.9459498558244E-05;9.7187830819442E-05
C:/Users/rlolo/Documents/Thèse/MEB et AFM/AFM/Résultats AFM Dynamo/06062025/Plaque hydrophobique_ethanol_PEI 0.5_Incubation 1h/cell2/force mapp/map-data-2025.06.06-11.56.16.356.jpk-force-map;map-data-2025.06.06-11.56.16.356.jpk-force-map;147;0.142;7.801310208055;[2.5e-05, 2.5e-05];[32, 32];5.6984147062377E-06;paraboloid;0.000000032;False;;False;8.67377317637937E-08;18401935.7710647;-5.71345800053295E-12;;0.5;;-9.43485971174701E-19;8.53454488217199E-22;2.92139433869719E-11;0.914377859915193;1.13586121905897E-08;3.78620406352991E-09;1.0030828012124E-06;3.62867434167773E-09;paraboloid;0.000000032;analytical;False;;False;1;431980.254364923;-0.000714851360531147;0.0100010072029983;1.81582437540201E-10;0.5;5,00E-07;5;156;1.90868185520288E-10;2.85646152086667E-19;5.34458746852053E-10;0.955176878815363;2.98895136364753E-07;7.47237840911884E-08;9.9464702295255E-05;9.7179315613424E-05
C:/Users/rlolo/Documents/Thèse/MEB et AFM/AFM/Résultats AFM Dynamo/06062025/Plaque hydrophobique_ethanol_PEI 0.5_Incubation 1h/cell2/force mapp/map-data-2025.06.06-11.56.16.356.jpk-force-map;map-data-2025.06.06-11.56.16.356.jpk-force-map;148;0.142;7.801310208055;[2.5e-05, 2.5e-05];[32, 32];5.7118498090661E-06;paraboloid;0.000000032;False;;False;8.24017809803673E-08;7526896.21355728;-5.32185459999337E-12;;0.5;;-1.97725345365324E-19;7.43812460912597E-22;2.72729254190414E-11;0.939564829487331;2.5786649953082E-09;8.59554998436067E-10;1.01545350328855E-06;6.73325186700196E-09;paraboloid;0.000000032;analytical;False;;False;1;431471.100508299;-0.000660908297526576;0.0100052682040369;1.2461915066591E-10;0.5;5,00E-07;5;156;1.54928279899549E-10;2.48705101418634E-19;4.98703420299714E-10;0.955034933492297;4.59037894343641E-07;1.1475947358591E-07;9.9353058483019E-05;9.7183100149432E-05
C:/Users/rlolo/Documents/Thèse/MEB et AFM/AFM/Résultats AFM Dynamo/06062025/Plaque hydrophobique_ethanol_PEI 0.5_Incubation 1h/cell2/force mapp/map-data-2025.06.06-11.56.16.356.jpk-force-map;map-data-2025.06.06-11.56.16.356.jpk-force-map;149;0.142;7.801310208055;[2.5e-05, 2.5e-05];[32, 32];5.7131743966689E-06;paraboloid;0.000000032;False;;False;7.99350091504772E-08;3706486.28032284;-1.00855405880766E-11;;0.5;;-2.92593508890948E-20;7.44135156299115E-22;2.72788408166314E-11;0.936157766546131;1.3135201959243E-09;4.37840065308099E-10;1.01673078419125E-06;1.0319607276121E-08;paraboloid;0.000000032;analytical;False;;False;1;467211.542834115;-0.000499429104925465;0.0100005257649968;-3.52420641018075E-11;0.5;5,00E-07;5;158;5.46027822931388E-11;1.331201957471E-19;3.64856404284069E-10;0.975364554285233;1.90599950660646E-07;4.76499876651615E-08;9.9496397784322E-05;9.7179315613424E-05
C:/Users/rlolo/Documents/Thèse/MEB et AFM/AFM/Résultats AFM Dynamo/06062025/Plaque hydrophobique_ethanol_PEI 0.5_Incubation 1h/cell2/force mapp/map-data-2025.06.06-11.56.16.356.jpk-force-map;map-data-2025.06.06-11.56.16.356.jpk-force-map;150;0.142;7.801310208055;[2.5e-05, 2.5e-05];[32, 32];5.7416530301291E-06;paraboloid;0.000000032;False;;False;8.70158158942661E-08;14991465.6439571;-1.89505165033979E-11;;0.5;;-2.17516104803361E-19;7.32701759707348E-22;2.70684643027149E-11;0.932227106117474;-4.99728581779232E-09;-1.66576193926411E-09;1.0475510993064E-06;4.3663172992233E-09;paraboloid;0.000000032;analytical;False;;False;1;482734.889094746;-0.000544051816539097;0.0116203915350256;5.43428561306419E-11;0.5;5,00E-07;5;157;8.85268986382884E-11;1.78785811645982E-19;4.22830712751548E-10;0.96793525680674;3.91680439492933E-07;9.79201098732333E-08;9.9170927687634E-05;9.7164177469392E-05
C:/Users/rlolo/Documents/Thèse/MEB et AFM/AFM/Résultats AFM Dynamo/06062025/Plaque hydrophobique_ethanol_PEI 0.5_Incubation 1h/cell2/force mapp/map-data-2025.06.06-11.56.16.356.jpk-force-map;map-data-2025.06.06-11.56.16.356.jpk-force-map;151;0.142;7.801310208055;[2.5e-05, 2.5e-05];[32, 32];;;;;;;;;;;;;;;;;;;;;;;;;;;;;;;;;;;;;;;;;;;
C:/Users/rlolo/Documents/Thèse/MEB et AFM/AFM/Résultats AFM Dynamo/06062025/Plaque hydrophobique_ethanol_PEI 0.5_Incubation 1h/cell2/force mapp/map-data-2025.06.06-11.56.16.356.jpk-force-map;map-data-2025.06.06-11.56.16.356.jpk-force-map;152;0.142;7.801310208055;[2.5e-05, 2.5e-05];[32, 32];1.05412489021748E-05;paraboloid;0.000000032;False;;False;-1.11151956495829E-06;1942.10752506066;4.71959132643094E-10;;0.5;;-1.01399577218419E-18;1.00704663347862E-21;3.17339980695566E-11;0.983589234433061;1.54435611638222E-09;5.14785372127406E-10;5.8640827699879E-06;1.24088183196921E-06;paraboloid;0.000000032;analytical;False;;False;1;539.801868272931;-0.00174595933107606;0.239685006777513;2.35644486377857E-10;0.5;5,00E-07;5;150;1.45420145202641E-10;5.47087808131034E-20;2.33899082540106E-10;0.8538885563655;-5.25298998040803E-08;-1.31324749510201E-08;0.000100541875856532;9.7550200142208E-05
C:/Users/rlolo/Documents/Thèse/MEB et AFM/AFM/Résultats AFM Dynamo/06062025/Plaque hydrophobique_ethanol_PEI 0.5_Incubation 1h/cell2/force mapp/map-data-2025.06.06-11.56.16.356.jpk-force-map;map-data-2025.06.06-11.56.16.356.jpk-force-map;153;0.142;7.801310208055;[2.5e-05, 2.5e-05];[32, 32];1.28733509503546E-05;paraboloid;0.000000032;False;;False;-1.05373783565362E-07;5086.90134395743;4.48422642443877E-11;;0.5;;-2.45802130615294E-20;1.90744449210378E-21;4.3674300132959E-11;0.986406867988375;1.508911650327E-07;5.02970550108999E-08;8.80776583706045E-06;8.53480379295926E-07;paraboloid;0.000000032;analytical;False;;False;1;4945.79895175278;0.000739927278542753;0.0531094703914377;-3.56316242620906E-11;0.5;5,00E-07;5;144;2.54946226694579E-11;7.2595309612884E-21;8.52028811795024E-11;0.966697385529103;-1.94571265795368E-09;-4.86428164488421E-10;9.64016787010775E-05;9.7683131969489E-05
C:/Users/rlolo/Documents/Thèse/MEB et AFM/AFM/Résultats AFM Dynamo/06062025/Plaque hydrophobique_ethanol_PEI 0.5_Incubation 1h/cell2/force mapp/map-data-2025.06.06-11.56.16.356.jpk-force-map;map-data-2025.06.06-11.56.16.356.jpk-force-map;154;0.142;7.801310208055;[2.5e-05, 2.5e-05];[32, 32];1.40085461793042E-05;paraboloid;0.000000032;False;;False;-1.80511638121888E-07;10148.2005701784;3.21031828087627E-11;;0.5;;-4.26555049053032E-20;2.99895938630387E-21;5.47627554666844E-11;0.974426488279233;-2.10685396169853E-08;-7.02284653899511E-09;9.53397099029555E-06;5.26972688972105E-07;paraboloid;0.000000032;analytical;False;;False;1;13188.9048285666;0.000497417759315295;0.0100000003850217;-2.98839304225007E-11;0.5;5,00E-07;5;155;2.85815650245712E-11;6.67230267498639E-21;8.16841641628681E-11;0.968912780952159;2.19728129587275E-08;5.49320323968187E-09;9.77431313422347E-05;9.7803764054744E-05
C:/Users/rlolo/Documents/Thèse/MEB et AFM/AFM/Résultats AFM Dynamo/06062025/Plaque hydrophobique_ethanol_PEI 0.5_Incubation 1h/cell2/force mapp/map-data-2025.06.06-11.56.16.356.jpk-force-map;map-data-2025.06.06-11.56.16.356.jpk-force-map;155;0.142;7.801310208055;[2.5e-05, 2.5e-05];[32, 32];1.48783744740429E-05;paraboloid;0.000000032;False;;False;-3.23815097100531E-07;13683.4696874117;2.64786245126362E-11;;0.5;;-3.08803291055637E-20;2.28906484481694E-21;4.78441725272466E-11;0.978892217827406;-4.19430317220898E-09;-1.39810105740299E-09;1.01546585489576E-05;4.21598832541693E-07;paraboloid;0.000000032;analytical;False;;False;1;23853.4339953064;0.00104378386174264;0.0157872762924291;-3.28107232215168E-11;0.5;5,00E-07;5;147;4.85537314648771E-11;1.35743100010207E-20;1.16508840870642E-10;0.953449733782566;-2.49085820824176E-08;-6.22714552060439E-09;9.7899894315612E-05;0.0000978302558068
C:/Users/rlolo/Documents/Thèse/MEB et AFM/AFM/Résultats AFM Dynamo/06062025/Plaque hydrophobique_ethanol_PEI 0.5_Incubation 1h/cell2/force mapp/map-data-2025.06.06-11.56.16.356.jpk-force-map;map-data-2025.06.06-11.56.16.356.jpk-force-map;156;0.142;7.801310208055;[2.5e-05, 2.5e-05];[32, 32];1.58670371994328E-05;paraboloid;0.000000032;False;;False;-4.44215502080825E-08;65953.0662411421;9.59913628639755E-12;;0.5;;-1.56598369796766E-19;3.50769674889323E-21;5.92258115089462E-11;0.917673043702327;1.79270593884998E-09;5.97568646283327E-10;1.11393475115391E-05;1.38713534440544E-07;paraboloid;0.000000032;analytical;False;;False;1;153903.635224696;0.00028508909085382;0.0100000000074022;2.00141502269926E-11;0.5;5,00E-07;5;151;4.98925407949274E-11;2.76631959726607E-20;1.66322566035582E-10;0.968290382616469;1.03567416386878E-07;2.58918540967196E-08;9.78565796033443E-05;9.7806129389749E-05
C:/Users/rlolo/Documents/Thèse/MEB et AFM/AFM/Résultats AFM Dynamo/06062025/Plaque hydrophobique_ethanol_PEI 0.5_Incubation 1h/cell2/force mapp/map-data-2025.06.06-11.56.16.356.jpk-force-map;map-data-2025.06.06-11.56.16.356.jpk-force-map;157;0.142;7.801310208055;[2.5e-05, 2.5e-05];[32, 32];1.60668607006552E-05;paraboloid;0.000000032;False;;False;-6.12574233710174E-08;59211.4505649842;-7.4125162560027E-12;;0.5;;-7.60657897951429E-20;2.01331102309161E-21;4.4869934511782E-11;0.958959251266004;2.20591888140421E-09;7.35306293801402E-10;1.1632212366531E-05;1.54050341463454E-07;paraboloid;0.000000032;analytical;False;;False;1;189587.409391448;0.000535681840541671;0.0100000000074024;-1.30977492872703E-11;0.5;5,00E-07;5;153;3.40226467345207E-11;2.69056457684059E-20;1.64029405194331E-10;0.975332986818154;-1.63589935962907E-08;-4.08974839907267E-09;9.81238332002405E-05;9.74420740951039E-05
C:/Users/rlolo/Documents/Thèse/MEB et AFM/AFM/Résultats AFM Dynamo/06062025/Plaque hydrophobique_ethanol_PEI 0.5_Incubation 1h/cell2/force mapp/map-data-2025.06.06-11.56.16.356.jpk-force-map;map-data-2025.06.06-11.56.16.356.jpk-force-map;158;0.142;7.801310208055;[2.5e-05, 2.5e-05];[32, 32];1.61288797844863E-05;paraboloid;0.000000032;False;;False;5.4625262748173E-08;131464.311699309;2.36231090150728E-13;;0.5;;-6.32977560048056E-20;1.81776196899787E-21;4.26352198188056E-11;0.938623545021084;1.52863328773362E-09;5.09544429244541E-10;1.21063201149332E-05;8.87712099163202E-08;paraboloid;0.000000032;analytical;False;;False;1;296410.026089632;0.000118300085169998;0.0100000000074031;-3.23346072002152E-11;0.5;5,00E-07;5;145;3.89540505539127E-11;3.17083521784148E-20;1.78068391856654E-10;0.98150292619335;-7.65661039693121E-09;-1.9141525992328E-09;9.6745108579563E-05;9.71219244829913E-05
C:/Users/rlolo/Documents/Thèse/MEB et AFM/AFM/Résultats AFM Dynamo/06062025/Plaque hydrophobique_ethanol_PEI 0.5_Incubation 1h/cell2/force mapp/map-data-2025.06.06-11.56.16.356.jpk-force-map;map-data-2025.06.06-11.56.16.356.jpk-force-map;159;0.142;7.801310208055;[2.5e-05, 2.5e-05];[32, 32];1.61650221033627E-05;paraboloid;0.000000032;False;;False;-5.46097568258466E-08;55632.5612444262;8.10004943787614E-13;;0.5;;-6.03770065601116E-20;2.92629022473196E-21;5.40951959487343E-11;0.92869134928455;2.26846100790953E-09;7.56153669303178E-10;1.2412796571531E-05;1.5001513227308E-07;paraboloid;0.000000032;analytical;False;;False;1;242394.649237934;0.000621370507158017;0.0100000000074023;-3.39759872167284E-11;0.5;5,00E-07;5;153;1.21839018689432E-11;3.43937128014966E-20;1.85455419984148E-10;0.974881722416306;4.96027627910593E-09;1.24006906977648E-09;9.71921181206759E-05;9.68180069800495E-05
C:/Users/rlolo/Documents/Thèse/MEB et AFM/AFM/Résultats AFM Dynamo/06062025/Plaque hydrophobique_ethanol_PEI 0.5_Incubation 1h/cell2/force mapp/map-data-2025.06.06-11.56.16.356.jpk-force-map;map-data-2025.06.06-11.56.16.356.jpk-force-map;160;0.142;7.801310208055;[2.5e-05, 2.5e-05];[32, 32];1.61923417226705E-05;paraboloid;0.000000032;False;;False;6.3868525724826E-08;778167.566529836;1.29892147738661E-12;;0.5;;-1.24209149011801E-19;1.60755946252185E-21;4.00943819321592E-11;0.923385102764476;-4.67455472918029E-10;-1.55818490972676E-10;1.28671774259915E-05;3.04554273270591E-08;paraboloid;0.000000032;analytical;False;;False;1;301496.065149691;-0.000392778619322215;0.0100000184143958;4.35028923996365E-11;0.5;5,00E-07;5;158;9.259631051675E-11;4.60251921806319E-20;2.14534827430494E-10;0.975999759985977;-1.08709239779177E-07;-2.71773099447943E-08;9.73651676146674E-05;9.62736394817321E-05
C:/Users/rlolo/Documents/Thèse/MEB et AFM/AFM/Résultats AFM Dynamo/06062025/Plaque hydrophobique_ethanol_PEI 0.5_Incubation 1h/cell2/force mapp/map-data-2025.06.06-11.56.16.356.jpk-force-map;map-data-2025.06.06-11.56.16.356.jpk-force-map;161;0.142;7.801310208055;[2.5e-05, 2.5e-05];[32, 32];1.62036243706443E-05;paraboloid;0.000000032;False;;False;3.68056391681344E-08;144329.067156977;-2.25386823575325E-12;;0.5;;-8.78572042580117E-20;1.58244534330043E-21;3.97799615799265E-11;0.944001704161312;3.68350678736658E-09;1.22783559578886E-09;1.26169249824625E-05;8.29180965631432E-08;paraboloid;0.000000032;analytical;False;;False;1;329038.839354106;1.043289089174E-05;0.0100000000038411;6.56127921271782E-11;0.5;5,00E-07;5;165;6.44217035884947E-11;8.18973453727076E-20;2.8617712237827E-10;0.965847702474215;1.58444833996367E-08;3.96112084990918E-09;9.72767540624429E-05;9.66397926249591E-05
C:/Users/rlolo/Documents/Thèse/MEB et AFM/AFM/Résultats AFM Dynamo/06062025/Plaque hydrophobique_ethanol_PEI 0.5_Incubation 1h/cell2/force mapp/map-data-2025.06.06-11.56.16.356.jpk-force-map;map-data-2025.06.06-11.56.16.356.jpk-force-map;162;0.142;7.801310208055;[2.5e-05, 2.5e-05];[32, 32];1.62089700277556E-05;paraboloid;0.000000032;False;;False;6.15799064666679E-08;454772.505795142;5.4499795451522E-12;;0.5;;-1.6325020115051E-19;1.46913001912593E-21;3.83292319141139E-11;0.935644569602221;8091.90977309049;2697.30325769683;1.22702614841297E-05;4.24760066139646E-08;paraboloid;0.000000032;analytical;False;;False;1;220323.4042389;-0.000328078359522609;0.010000053334417;4.29630078601957E-11;0.5;5,00E-07;5;160;8.85745053459062E-11;3.11367159954904E-20;1.76455988834299E-10;0.978917800120637;-1.58606340492447E-07;-3.96515851231118E-08;9.75587642515412E-05;9.69893320842961E-05
C:/Users/rlolo/Documents/Thèse/MEB et AFM/AFM/Résultats AFM Dynamo/06062025/Plaque hydrophobique_ethanol_PEI 0.5_Incubation 1h/cell2/force mapp/map-data-2025.06.06-11.56.16.356.jpk-force-map;map-data-2025.06.06-11.56.16.356.jpk-force-map;163;0.142;7.801310208055;[2.5e-05, 2.5e-05];[32, 32];1.62025836232421E-05;paraboloid;0.000000032;False;;False;-1.63944796840167E-08;100658.438274148;-1.00146403436694E-12;;0.5;;-1.42589538372507E-19;2.95139963292169E-21;5.43267855934961E-11;0.931156957151702;3.67533854101349E-09;1.2251128470045E-09;1.15511996426097E-05;1.11778701751732E-07;paraboloid;0.000000032;analytical;False;;False;1;107315.270476447;-0.000107868460952487;0.0100000029236553;3.22907660942402E-11;0.5;5,00E-07;5;147;8.25456770621699E-11;2.32621158298993E-20;1.52519231016614E-10;0.968009116959489;-4.20303256973355E-08;-1.05075814243339E-08;9.80655365929856E-05;9.75085165973713E-05
C:/Users/rlolo/Documents/Thèse/MEB et AFM/AFM/Résultats AFM Dynamo/06062025/Plaque hydrophobique_ethanol_PEI 0.5_Incubation 1h/cell2/force mapp/map-data-2025.06.06-11.56.16.356.jpk-force-map;map-data-2025.06.06-11.56.16.356.jpk-force-map;164;0.142;7.801310208055;[2.5e-05, 2.5e-05];[32, 32];1.56570427576889E-05;paraboloid;0.000000032;False;;False;-4.6117544872125E-08;67538.8517353925;-6.61817517113137E-12;;0.5;;-1.16623059803444E-19;2.15033165893569E-21;4.63716687098458E-11;0.961050800484375;8.46470843611515E-09;2.82156947870505E-09;1.09461942550308E-05;1.4965882308305E-07;paraboloid;0.000000032;analytical;False;;False;1;74400.6565005155;6.02513150003772E-05;0.0100000002332279;-8.17934805510917E-12;0.5;5,00E-07;5;151;8.03679359738361E-11;1.6874360859463E-20;1.29901350491298E-10;0.972394616711767;-2.32984541212368E-08;-5.8246135303092E-09;0.00010082003925312;9.7705366118536E-05
C:/Users/rlolo/Documents/Thèse/MEB et AFM/AFM/Résultats AFM Dynamo/06062025/Plaque hydrophobique_ethanol_PEI 0.5_Incubation 1h/cell2/force mapp/map-data-2025.06.06-11.56.16.356.jpk-force-map;map-data-2025.06.06-11.56.16.356.jpk-force-map;165;0.142;7.801310208055;[2.5e-05, 2.5e-05];[32, 32];1.45267674255497E-05;paraboloid;0.000000032;False;;False;-3.61204260153314E-07;11616.223004113;2.87469568870036E-12;;0.5;;-1.62550388388126E-19;2.29698054006178E-21;4.79268248485311E-11;0.979928622044531;-9.51691092709422E-11;-3.17230364236474E-11;9.81629737649235E-06;4.69286703988875E-07;paraboloid;0.000000032;analytical;False;;False;1;14158.634184247;0.000827705960649555;0.0428438543850053;-6.205583257404E-11;0.5;5,00E-07;5;151;1.17567332917218E-11;9.96590209279886E-21;9.98293648822773E-11;0.953785237434338;6.71551500711351E-09;1.67887875177838E-09;0.00010061188977268;9.7754092019639E-05
C:/Users/rlolo/Documents/Thèse/MEB et AFM/AFM/Résultats AFM Dynamo/06062025/Plaque hydrophobique_ethanol_PEI 0.5_Incubation 1h/cell2/force mapp/map-data-2025.06.06-11.56.16.356.jpk-force-map;map-data-2025.06.06-11.56.16.356.jpk-force-map;166;0.142;7.801310208055;[2.5e-05, 2.5e-05];[32, 32];1.34147761329991E-05;paraboloid;0.000000032;False;;False;4.9847780209896E-07;6435.46929778291;9.2624981234775E-13;;0.5;;-7.7910521493474E-20;1.79492396424341E-21;4.23665429819735E-11;0.98458693486817;2.69602649828577E-09;8.9867549942859E-10;9.83720693793655E-06;7.43079913538485E-07;paraboloid;0.000000032;analytical;False;;False;1;6482.67766628023;0.000408093704901691;0.0259010615364157;-8.94182080185394E-11;0.5;5,00E-07;5;146;2.58996190735634E-11;7.84313977497069E-21;8.85615027817996E-11;0.964460788741226;1.51895208674316E-08;3.79738021685789E-09;0.000100621824179701;9.7785787508706E-05
C:/Users/rlolo/Documents/Thèse/MEB et AFM/AFM/Résultats AFM Dynamo/06062025/Plaque hydrophobique_ethanol_PEI 0.5_Incubation 1h/cell2/force mapp/map-data-2025.06.06-11.56.16.356.jpk-force-map;map-data-2025.06.06-11.56.16.356.jpk-force-map;167;0.142;7.801310208055;[2.5e-05, 2.5e-05];[32, 32];1.21887283865074E-05;paraboloid;0.000000032;False;;False;-4.88437967250379E-07;5347.7381961677;7.35406432076918E-11;;0.5;;-9.66314789766998E-20;2.69482336807463E-21;5.19116881643684E-11;0.979424388198881;1.09961474637087E-08;3.66538248790288E-09;7.65901723853215E-06;7.7861775651248E-07;paraboloid;0.000000032;analytical;False;;False;1;2871.46321741811;0.00165257093866369;0.183446602231907;2.31971521118264E-11;0.5;5,00E-07;5;154;3.03248751196679E-11;1.31377165611939E-20;1.1461987856037E-10;0.944637543004455;-4.35809157992522E-09;-1.0895228949813E-09;0.00010063081245272;9.7775380034684E-05
C:/Users/rlolo/Documents/Thèse/MEB et AFM/AFM/Résultats AFM Dynamo/06062025/Plaque hydrophobique_ethanol_PEI 0.5_Incubation 1h/cell2/force mapp/map-data-2025.06.06-11.56.16.356.jpk-force-map;map-data-2025.06.06-11.56.16.356.jpk-force-map;168;0.142;7.801310208055;[2.5e-05, 2.5e-05];[32, 32];1.21938375101182E-05;paraboloid;0.000000032;False;;False;-3.35539509982072E-08;56052.5598588449;2.69118112103359E-11;;0.5;;-2.1394277850403E-19;4.35373099096246E-21;6.59828082985444E-11;0.916169252933085;-7.34243856920422E-08;-2.44747952306807E-08;7.5130997220737E-06;1.60808981197335E-07;paraboloid;0.000000032;analytical;False;;False;1;79542.4942530112;0.000199177513929637;0.0100000000024892;-3.65848644845653E-12;0.5;5,00E-07;5;153;4.32905186762933E-11;1.05054813043783E-20;1.0249625019667E-10;0.97700370922664;1.10264266143219E-08;2.75660665358047E-09;9.9450037218224E-05;9.7592303105297E-05
C:/Users/rlolo/Documents/Thèse/MEB et AFM/AFM/Résultats AFM Dynamo/06062025/Plaque hydrophobique_ethanol_PEI 0.5_Incubation 1h/cell2/force mapp/map-data-2025.06.06-11.56.16.356.jpk-force-map;map-data-2025.06.06-11.56.16.356.jpk-force-map;169;0.142;7.801310208055;[2.5e-05, 2.5e-05];[32, 32];1.15396095010852E-05;paraboloid;0.000000032;False;;False;-4.96581684269984E-07;7957.48796134197;6.25508328801474E-11;;0.5;;-3.34807292832023E-20;3.88115004212007E-21;6.22988767324104E-11;0.967781272614261;-1.61897062381485E-07;-5.39656874604949E-08;6.8128659471935E-06;5.87097740741536E-07;paraboloid;0.000000032;analytical;False;;False;1;7359.96260650422;0.00100369687184051;0.0790841762916095;2.82497941648315E-11;0.5;5,00E-07;5;148;3.60195252947047E-11;7.34184839860821E-21;8.56845867038419E-11;0.966887508404613;-2.12199575867187E-09;-5.30498939667968E-10;0.000100830446727142;9.7832148074804E-05
C:/Users/rlolo/Documents/Thèse/MEB et AFM/AFM/Résultats AFM Dynamo/06062025/Plaque hydrophobique_ethanol_PEI 0.5_Incubation 1h/cell2/force mapp/map-data-2025.06.06-11.56.16.356.jpk-force-map;map-data-2025.06.06-11.56.16.356.jpk-force-map;170;0.142;7.801310208055;[2.5e-05, 2.5e-05];[32, 32];5.7409434296276E-06;paraboloid;0.000000032;False;;False;8.4094433213277E-08;11226515.9814148;-4.01547988848337E-11;;0.5;;-4.91943898267162E-19;6.04002446543626E-22;2.45764612290628E-11;0.947511105238799;-2.21832156803341E-09;-7.39440522677805E-10;1.0197820663477E-06;5.46031684335876E-09;paraboloid;0.000000032;analytical;False;;False;1;462318.628232092;-0.000536240832526749;0.0104830489758808;5.65818586360922E-11;0.5;5,00E-07;5;156;8.85830777977285E-11;1.37874480332631E-19;3.71314530193245E-10;0.970514725970595;1.49065330873813E-07;3.72663327184533E-08;9.9923104219224E-05;9.766941302646E-05
C:/Users/rlolo/Documents/Thèse/MEB et AFM/AFM/Résultats AFM Dynamo/06062025/Plaque hydrophobique_ethanol_PEI 0.5_Incubation 1h/cell2/force mapp/map-data-2025.06.06-11.56.16.356.jpk-force-map;map-data-2025.06.06-11.56.16.356.jpk-force-map;171;0.142;7.801310208055;[2.5e-05, 2.5e-05];[32, 32];5.72497741834385E-06;paraboloid;0.000000032;False;;False;8.52463490042347E-08;7096550.18824626;-9.94549943420718E-12;;0.5;;-1.21889133809456E-19;6.60865519032468E-22;2.57073047796238E-11;0.944665742541769;1.06593196767254E-08;3.55310655890845E-09;1.0212958807509E-06;7.2586204680712E-09;paraboloid;0.000000032;analytical;False;;False;1;470150.468170563;-0.000525192089515724;0.01003031808798;6.89376787884392E-11;0.5;5,00E-07;5;156;1.11492173471115E-10;1.40948194256587E-19;3.75430678363646E-10;0.974076937705261;1.59210821162006E-07;3.98027052905016E-08;9.959006505052E-05;9.7421525917936E-05
C:/Users/rlolo/Documents/Thèse/MEB et AFM/AFM/Résultats AFM Dynamo/06062025/Plaque hydrophobique_ethanol_PEI 0.5_Incubation 1h/cell2/force mapp/map-data-2025.06.06-11.56.16.356.jpk-force-map;map-data-2025.06.06-11.56.16.356.jpk-force-map;172;0.142;7.801310208055;[2.5e-05, 2.5e-05];[32, 32];5.7119917291664E-06;paraboloid;0.000000032;False;;False;8.49715808448197E-08;7053269.38708756;-1.03923923017423E-11;;0.5;;-3.68381765372447E-19;5.08272885249254E-22;2.25449081889737E-11;0.955713951122916;-1.5609621515085E-08;-5.203207171695E-09;1.0125914479325E-06;7.23953771256982E-09;paraboloid;0.000000032;analytical;False;;False;1;425866.366384531;-0.000560624997445247;0.0100098378763297;5.1861203072672E-11;0.5;5,00E-07;5;157;6.59690264992047E-11;1.33758159165877E-19;3.65729625770018E-10;0.970205895583884;8.39767571595948E-08;2.09941892898987E-08;9.9612772266568E-05;9.7288121023654E-05
C:/Users/rlolo/Documents/Thèse/MEB et AFM/AFM/Résultats AFM Dynamo/06062025/Plaque hydrophobique_ethanol_PEI 0.5_Incubation 1h/cell2/force mapp/map-data-2025.06.06-11.56.16.356.jpk-force-map;map-data-2025.06.06-11.56.16.356.jpk-force-map;173;0.142;7.801310208055;[2.5e-05, 2.5e-05];[32, 32];5.7096263941614E-06;paraboloid;0.000000032;False;;False;8.32784284730167E-08;6927661.58057621;-9.35727696189311E-12;;0.5;;-1.62420271958646E-19;8.71014859972744E-22;2.95129608811577E-11;0.92981329265541;6.16379429446617E-09;2.05459809815539E-09;1.0110776335293E-06;7.20629507855222E-09;paraboloid;0.000000032;analytical;False;;False;1;463782.13851212;-0.000635680636037037;0.0100117572248098;4.96589983629747E-11;0.5;5,00E-07;5;156;1.32897388130083E-10;2.4950977824142E-19;4.99509537688141E-10;0.956110474178083;2.41427271244699E-07;6.03568178111747E-08;9.956168103046E-05;9.7250275663574E-05
C:/Users/rlolo/Documents/Thèse/MEB et AFM/AFM/Résultats AFM Dynamo/06062025/Plaque hydrophobique_ethanol_PEI 0.5_Incubation 1h/cell2/force mapp/map-data-2025.06.06-11.56.16.356.jpk-force-map;map-data-2025.06.06-11.56.16.356.jpk-force-map;174;0.142;7.801310208055;[2.5e-05, 2.5e-05];[32, 32];5.68968662006925E-06;paraboloid;0.000000032;False;;False;8.58720113435393E-08;7082151.65885542;-1.3445233731499E-11;;0.5;;-1.02497965204931E-19;7.41110046151117E-22;2.72233364257785E-11;0.937936104668967;4.0296243390533E-09;1.34320811301777E-09;9.94662208594601E-07;7.05758106269555E-09;paraboloid;0.000000032;analytical;False;;False;1;448555.453509092;-0.000607667960915666;0.0100064493206257;5.24646225874341E-11;0.5;5,00E-07;5;157;1.0504559437501E-10;1.88900910036154E-19;4.34627323158765E-10;0.965917472788768;7.1203211657824E-07;1.7800802914456E-07;0.0000997225238108;9.7213849504497E-05
C:/Users/rlolo/Documents/Thèse/MEB et AFM/AFM/Résultats AFM Dynamo/06062025/Plaque hydrophobique_ethanol_PEI 0.5_Incubation 1h/cell2/force mapp/map-data-2025.06.06-11.56.16.356.jpk-force-map;map-data-2025.06.06-11.56.16.356.jpk-force-map;175;0.142;7.801310208055;[2.5e-05, 2.5e-05];[32, 32];5.6786405055959E-06;paraboloid;0.000000032;False;;False;8.30616677038449E-08;3648192.94390851;-1.47702272319965E-11;;0.5;;-1.2750537000342E-19;6.94692320153196E-22;2.63570165260258E-11;0.940055979632727;4.93589109548022E-08;1.64529703182674E-08;9.84231081222551E-07;1.04741654144607E-08;paraboloid;0.000000032;analytical;False;;False;1;443548.271366907;-0.000587924115014774;0.0100000473689264;-1.59755327574161E-11;0.5;5,00E-07;5;157;5.84384028740571E-11;1.74484545863028E-19;4.17713473403753E-10;0.965050354142013;-1.49979708382231E-06;-3.74949270955577E-07;9.9651090693649E-05;9.7207699633484E-05
C:/Users/rlolo/Documents/Thèse/MEB et AFM/AFM/Résultats AFM Dynamo/06062025/Plaque hydrophobique_ethanol_PEI 0.5_Incubation 1h/cell2/force mapp/map-data-2025.06.06-11.56.16.356.jpk-force-map;map-data-2025.06.06-11.56.16.356.jpk-force-map;176;0.142;7.801310208055;[2.5e-05, 2.5e-05];[32, 32];5.6704564464786E-06;paraboloid;0.000000032;False;;False;8.40266629233452E-08;7264184.76044723;-1.11808069924731E-11;;0.5;;-9.33595193542924E-20;8.33521789109795E-22;2.88707774247559E-11;0.929664807491957;2.11435398169938E-08;7.04784660566461E-09;9.74462247651902E-07;6.65494132546193E-09;paraboloid;0.000000032;analytical;False;;False;1;482379.126193861;-0.000550490616625571;0.0104932363627193;6.63254349951619E-11;0.5;5,00E-07;5;158;1.10515079265824E-10;1.84653369334447E-19;4.29713124461479E-10;0.971569323638619;2.86763052112786E-07;7.16907630281965E-08;9.960425706055E-05;9.718688468544E-05
C:/Users/rlolo/Documents/Thèse/MEB et AFM/AFM/Résultats AFM Dynamo/06062025/Plaque hydrophobique_ethanol_PEI 0.5_Incubation 1h/cell2/force mapp/map-data-2025.06.06-11.56.16.356.jpk-force-map;map-data-2025.06.06-11.56.16.356.jpk-force-map;177;0.142;7.801310208055;[2.5e-05, 2.5e-05];[32, 32];5.6618466270604E-06;paraboloid;0.000000032;False;;False;8.37392983971352E-08;6741858.82382912;-1.76093993612385E-11;;0.5;;-3.4146242307804E-19;6.91859819842489E-22;2.63032283159784E-11;0.943355431495109;-1.08373809145988E-09;-3.61246030486626E-10;9.66065308384152E-07;7.24914259553349E-09;paraboloid;0.000000032;analytical;False;;False;1;434006.751067789;-0.000606411395790261;0.0100010802373862;1.77915615034438E-11;0.5;5,00E-07;5;157;5.46111595523474E-11;1.57276802326355E-19;3.9658139432701E-10;0.967238689540623;-1.24348949962662E-07;-3.10872374906655E-08;9.9617976003579E-05;9.7185938551438E-05
C:/Users/rlolo/Documents/Thèse/MEB et AFM/AFM/Résultats AFM Dynamo/06062025/Plaque hydrophobique_ethanol_PEI 0.5_Incubation 1h/cell2/force mapp/map-data-2025.06.06-11.56.16.356.jpk-force-map;map-data-2025.06.06-11.56.16.356.jpk-force-map;178;0.142;7.801310208055;[2.5e-05, 2.5e-05];[32, 32];5.6613735600594E-06;paraboloid;0.000000032;False;;False;8.68089294706126E-08;20409644.9426165;-1.44547140062009E-11;;0.5;;-4.4371650904508E-19;6.02355169645518E-22;2.45429250425763E-11;0.939516699129448;4.04663813716251E-08;1.34887937905417E-08;9.64740720781352E-07;3.52333206364615E-09;paraboloid;0.000000032;analytical;False;;False;1;509765.340678594;-0.000425056278427111;0.0158191666765211;6.47619850900874E-11;0.5;5,00E-07;5;156;9.60254033605462E-11;2.16065628069693E-19;4.64828600744074E-10;0.949206481936468;-2.80262342259514E-07;-7.00655855648786E-08;9.9529985541393E-05;9.7172219608409E-05
C:/Users/rlolo/Documents/Thèse/MEB et AFM/AFM/Résultats AFM Dynamo/06062025/Plaque hydrophobique_ethanol_PEI 0.5_Incubation 1h/cell2/force mapp/map-data-2025.06.06-11.56.16.356.jpk-force-map;map-data-2025.06.06-11.56.16.356.jpk-force-map;179;0.142;7.801310208055;[2.5e-05, 2.5e-05];[32, 32];5.6439646944226E-06;paraboloid;0.000000032;False;;False;8.64294978543135E-08;14049452.9040558;-1.76813613145425E-11;;0.5;;6.26831168721111E-23;5.09420988766632E-22;2.25703564164732E-11;0.953275528119299;1.81677941542107E-08;6.0559313847369E-09;9.48656442747352E-07;4.82818264274109E-09;paraboloid;0.000000032;analytical;False;;False;1;483141.595260773;-0.000559101907475221;0.0102432567721212;2.55085150289719E-11;0.5;5,00E-07;5;157;6.53948449339031E-11;1.5139241636357E-19;3.89091783983638E-10;0.972083115536199;2.4957829431052E-07;6.239457357763E-08;9.9706439532766E-05;9.7171746541408E-05
C:/Users/rlolo/Documents/Thèse/MEB et AFM/AFM/Résultats AFM Dynamo/06062025/Plaque hydrophobique_ethanol_PEI 0.5_Incubation 1h/cell2/force mapp/map-data-2025.06.06-11.56.16.356.jpk-force-map;map-data-2025.06.06-11.56.16.356.jpk-force-map;180;0.142;7.801310208055;[2.5e-05, 2.5e-05];[32, 32];5.63973074476365E-06;paraboloid;0.000000032;False;;False;8.12313260602581E-08;3445203.01141319;-1.22674940668618E-12;;0.5;;-4.52393009772221E-20;6.62807588399447E-22;2.57450497843653E-11;0.947838619111602;1.42053275204996E-09;4.73510917349987E-10;9.45510547190703E-07;1.10193719913372E-08;paraboloid;0.000000032;analytical;False;;False;1;428005.832735577;-0.000584850864765925;0.0100000231785608;-6.12110398196505E-11;0.5;5,00E-07;5;157;3.59923469575213E-11;1.66805807959345E-19;4.08418667496167E-10;0.961944856280176;-1.99820499501174E-07;-4.99551248752935E-08;0.0000995806037105;9.7172219608409E-05
C:/Users/rlolo/Documents/Thèse/MEB et AFM/AFM/Résultats AFM Dynamo/06062025/Plaque hydrophobique_ethanol_PEI 0.5_Incubation 1h/cell2/force mapp/map-data-2025.06.06-11.56.16.356.jpk-force-map;map-data-2025.06.06-11.56.16.356.jpk-force-map;181;0.142;7.801310208055;[2.5e-05, 2.5e-05];[32, 32];5.73420222486335E-06;paraboloid;0.000000032;False;;False;7.13183351768312E-08;1194096.86011287;1.00825604257781E-10;;0.5;;-1.35701262657531E-20;1.45588197233042E-21;3.81560214426297E-11;0.911565887119274;2.23480709541711E-08;7.44935698472369E-09;1.04199256204465E-06;2.27840197165149E-08;paraboloid;0.000000032;analytical;False;;False;1;338485.838593139;-0.000371862335272481;0.0100000001115979;-1.03594527365961E-10;0.5;5,00E-07;5;158;-1.08889261592239E-18;4.2073999301083E-20;2.05119475674747E-10;0.978212377471496;4.74795831030689E-08;1.18698957757672E-08;9.8172283248523E-05;9.7167015871398E-05
C:/Users/rlolo/Documents/Thèse/MEB et AFM/AFM/Résultats AFM Dynamo/06062025/Plaque hydrophobique_ethanol_PEI 0.5_Incubation 1h/cell2/force mapp/map-data-2025.06.06-11.56.16.356.jpk-force-map;map-data-2025.06.06-11.56.16.356.jpk-force-map;182;0.142;7.801310208055;[2.5e-05, 2.5e-05];[32, 32];5.6193179036705E-06;paraboloid;0.000000032;False;;False;8.29735950517742E-08;6067562.69046959;8.65831652874821E-11;;0.5;;-8.26368129033391E-20;1.35561482813149E-21;3.68186749915242E-11;0.873561943646123;6.8916173978966E-08;2.29720579929887E-08;9.23418318244002E-07;7.59167611670443E-09;paraboloid;0.000000032;analytical;False;;False;1;478131.484575559;-0.000564159643611135;0.0100242057981648;-1.54830261932545E-11;0.5;5,00E-07;5;157;9.49388827542197E-11;1.90929924130582E-19;4.36955288479934E-10;0.967705906943813;5.98015856945268E-08;1.49503964236317E-08;0.000100261347124939;9.720580736548E-05
C:/Users/rlolo/Documents/Thèse/MEB et AFM/AFM/Résultats AFM Dynamo/06062025/Plaque hydrophobique_ethanol_PEI 0.5_Incubation 1h/cell2/force mapp/map-data-2025.06.06-11.56.16.356.jpk-force-map;map-data-2025.06.06-11.56.16.356.jpk-force-map;183;0.142;7.801310208055;[2.5e-05, 2.5e-05];[32, 32];5.61763851581695E-06;paraboloid;0.000000032;False;;False;8.45499862614412E-08;9451131.30014151;2.7064231907647E-11;;0.5;;1.74068225091694E-24;6.33556011269694E-22;2.51705385574027E-11;0.937290172687344;-2.22497508612544E-08;-7.41658362041814E-09;9.21857197140701E-07;5.81032004345159E-09;paraboloid;0.000000032;analytical;False;;False;1;428171.984476787;-0.000594539415785387;0.0100000020636705;-5.7166722289523E-11;0.5;5,00E-07;5;157;3.94818282942395E-11;1.3731225082484E-19;3.70556676940032E-10;0.968997188870847;-2.56262850835175E-07;-6.40657127087938E-08;9.9518158866368E-05;9.7156608397376E-05
C:/Users/rlolo/Documents/Thèse/MEB et AFM/AFM/Résultats AFM Dynamo/06062025/Plaque hydrophobique_ethanol_PEI 0.5_Incubation 1h/cell2/force mapp/map-data-2025.06.06-11.56.16.356.jpk-force-map;map-data-2025.06.06-11.56.16.356.jpk-force-map;184;0.142;7.801310208055;[2.5e-05, 2.5e-05];[32, 32];5.6030917055362E-06;paraboloid;0.000000032;False;;False;8.51334171742467E-08;10442600.8166848;-1.29096770682159E-11;;0.5;;-5.71388773966266E-19;8.54212728449804E-22;2.92269178746204E-11;0.921204570363508;-1.20676285731396E-08;-4.02254285771321E-09;9.07783453860951E-07;5.1035909983023E-09;paraboloid;0.000000032;analytical;False;;False;1;465564.966135002;-0.000549702456740948;0.0109010971575779;4.83531401572022E-11;0.5;5,00E-07;5;157;9.68863085458835E-11;1.6653707664346E-19;4.08089544883791E-10;0.968657668189199;4.98182186479572E-07;1.24545546619893E-07;9.9653456028654E-05;9.7161339067386E-05
C:/Users/rlolo/Documents/Thèse/MEB et AFM/AFM/Résultats AFM Dynamo/06062025/Plaque hydrophobique_ethanol_PEI 0.5_Incubation 1h/cell2/force mapp/map-data-2025.06.06-11.56.16.356.jpk-force-map;map-data-2025.06.06-11.56.16.356.jpk-force-map;185;0.142;7.801310208055;[2.5e-05, 2.5e-05];[32, 32];5.59653972757235E-06;paraboloid;0.000000032;False;;False;7.80380922016613E-08;3397792.30321991;-1.7104853434036E-11;;0.5;;-3.97834757919284E-20;4.90781442784252E-22;2.21535875826976E-11;0.964182657528038;-1.1157782613279E-08;-3.71926087109299E-09;9.00805715596201E-07;1.19136615220312E-08;paraboloid;0.000000032;analytical;False;;False;1;453002.835387566;-0.000502439221390533;0.0100001816897936;-4.01193034473546E-11;0.5;5,00E-07;5;158;4.87017072754941E-11;1.23412430016883E-19;3.51301053253307E-10;0.973751151315799;-1.27697415829661E-07;-3.19243539574153E-08;9.960425706055E-05;9.7157554531378E-05
C:/Users/rlolo/Documents/Thèse/MEB et AFM/AFM/Résultats AFM Dynamo/06062025/Plaque hydrophobique_ethanol_PEI 0.5_Incubation 1h/cell2/force mapp/map-data-2025.06.06-11.56.16.356.jpk-force-map;map-data-2025.06.06-11.56.16.356.jpk-force-map;186;0.142;7.801310208055;[2.5e-05, 2.5e-05];[32, 32];5.56228967669995E-06;paraboloid;0.000000032;False;;False;8.25379150807009E-08;2485061.44813955;-1.16739631249695E-11;;0.5;;-6.68040709412266E-20;5.73187764749188E-22;2.39413400783914E-11;0.961375946584256;2.35824342872746E-08;7.86081142909154E-09;8.73959163289451E-07;1.46989330199333E-08;paraboloid;0.000000032;analytical;False;;False;1;455236.68007229;-0.000550161836881785;0.0100000095099592;-4.74794612462244E-11;0.5;5,00E-07;5;158;2.62847558954883E-11;1.91100755039563E-19;4.37150723480544E-10;0.964328940417892;1.32472951953282E-06;3.31182379883206E-07;9.9816664143999E-05;9.7166069737396E-05
C:/Users/rlolo/Documents/Thèse/MEB et AFM/AFM/Résultats AFM Dynamo/06062025/Plaque hydrophobique_ethanol_PEI 0.5_Incubation 1h/cell2/force mapp/map-data-2025.06.06-11.56.16.356.jpk-force-map;map-data-2025.06.06-11.56.16.356.jpk-force-map;187;0.142;7.801310208055;[2.5e-05, 2.5e-05];[32, 32];5.5598060749447E-06;paraboloid;0.000000032;False;;False;8.64125690212364E-08;13318785.8099391;-1.48442281069768E-11;;0.5;;-3.51346552658109E-19;9.24427266223646E-22;3.04043955082755E-11;0.91833175352275;-2.796446427701E-08;-9.32148809233665E-09;8.65018196970551E-07;4.67888186902222E-09;paraboloid;0.000000032;analytical;False;;False;1;460705.41340784;-0.000622452906388366;0.0104868303804269;9.70616313522108E-11;0.5;5,00E-07;5;157;1.58337268344824E-10;2.67778550747152E-19;5.17473236744811E-10;0.95643583180988;5.78715130271746E-07;1.44678782567937E-07;9.9557423427451E-05;9.7166069737396E-05
C:/Users/rlolo/Documents/Thèse/MEB et AFM/AFM/Résultats AFM Dynamo/06062025/Plaque hydrophobique_ethanol_PEI 0.5_Incubation 1h/cell2/force mapp/map-data-2025.06.06-11.56.16.356.jpk-force-map;map-data-2025.06.06-11.56.16.356.jpk-force-map;188;0.142;7.801310208055;[2.5e-05, 2.5e-05];[32, 32];5.5522370029287E-06;paraboloid;0.000000032;False;;False;8.18018084789983E-08;6164107.20058864;-1.55500035925023E-11;;0.5;;-2.58232057765742E-20;5.60332297286654E-22;2.36713391527952E-11;0.954356041983108;-1.38980681996375E-09;-4.63268939987918E-10;8.55911657201302E-07;8.122677522189E-09;paraboloid;0.000000032;analytical;False;;False;1;410634.729940243;-0.000617142964598121;0.0100000002170934;-5.40130394093093E-11;0.5;5,00E-07;5;157;2.37635467832669E-12;1.5353356784641E-19;3.9183359713839E-10;0.964124133796592;1.20995447070538E-06;3.02488617676346E-07;9.9616556802576E-05;9.7166069737396E-05
C:/Users/rlolo/Documents/Thèse/MEB et AFM/AFM/Résultats AFM Dynamo/06062025/Plaque hydrophobique_ethanol_PEI 0.5_Incubation 1h/cell2/force mapp/map-data-2025.06.06-11.56.16.356.jpk-force-map;map-data-2025.06.06-11.56.16.356.jpk-force-map;189;0.142;7.801310208055;[2.5e-05, 2.5e-05];[32, 32];5.5394641939017E-06;paraboloid;0.000000032;False;;False;8.49907872792377E-08;11915361.505941;-1.02803555080317E-11;;0.5;;-1.45224627937199E-19;7.47736124859626E-22;2.73447641214845E-11;0.930928945257059;1.73656444504756E-08;5.78854815015853E-09;8.44084982176301E-07;4.77889478140603E-09;paraboloid;0.000000032;analytical;False;;False;1;494987.838034207;-0.000509553900994643;0.0126568772553346;6.01305325143223E-11;0.5;5,00E-07;5;157;1.16082987818122E-10;1.81209969861523E-19;4.2568764353869E-10;0.967217971881368;-6.36503784798288E-08;-1.59125946199572E-08;9.9643048554632E-05;9.714903932536E-05
C:/Users/rlolo/Documents/Thèse/MEB et AFM/AFM/Résultats AFM Dynamo/06062025/Plaque hydrophobique_ethanol_PEI 0.5_Incubation 1h/cell2/force mapp/map-data-2025.06.06-11.56.16.356.jpk-force-map;map-data-2025.06.06-11.56.16.356.jpk-force-map;190;0.142;7.801310208055;[2.5e-05, 2.5e-05];[32, 32];5.5358688846941E-06;paraboloid;0.000000032;False;;False;8.44456078986249E-08;11261422.099755;-1.21298689607741E-11;;0.5;;-3.73234975628331E-19;6.41591078017592E-22;2.53296482016153E-11;0.948519019109049;1.78919565965925E-08;5.96398553219749E-09;8.40536979668801E-07;5.46635222495767E-09;paraboloid;0.000000032;analytical;False;;False;1;435746.234689858;-0.000615147031049725;0.0100011518712323;8.06382017726045E-11;0.5;5,00E-07;5;156;1.27740522080968E-10;1.85878065496708E-19;4.31135785451299E-10;0.958640331254592;4.91917975359077E-06;1.22979493839769E-06;9.9558842628454E-05;9.714903932536E-05
C:/Users/rlolo/Documents/Thèse/MEB et AFM/AFM/Résultats AFM Dynamo/06062025/Plaque hydrophobique_ethanol_PEI 0.5_Incubation 1h/cell2/force mapp/map-data-2025.06.06-11.56.16.356.jpk-force-map;map-data-2025.06.06-11.56.16.356.jpk-force-map;191;0.142;7.801310208055;[2.5e-05, 2.5e-05];[32, 32];5.5240422096691E-06;paraboloid;0.000000032;False;;False;7.82116349121909E-08;3326323.42158642;-1.17050760725173E-11;;0.5;;-6.68836886039418E-20;6.48477808643315E-22;2.54652274414213E-11;0.947672592761412;-37325.8553065105;-12441.9517688368;8.28379157743101E-07;1.10777351542683E-08;paraboloid;0.000000032;analytical;False;;False;1;444214.124013983;-0.000559788255120859;0.0100001783107992;1.87692851529292E-11;0.5;5,00E-07;5;158;6.60475099034309E-11;1.68230941645792E-19;4.10159653849317E-10;0.967908673464064;1.00746109041443E-07;2.51865272603607E-08;9.963737175062E-05;9.7146200923354E-05
C:/Users/rlolo/Documents/Thèse/MEB et AFM/AFM/Résultats AFM Dynamo/06062025/Plaque hydrophobique_ethanol_PEI 0.5_Incubation 1h/cell2/force mapp/map-data-2025.06.06-11.56.16.356.jpk-force-map;map-data-2025.06.06-11.56.16.356.jpk-force-map;192;0.142;7.801310208055;[2.5e-05, 2.5e-05];[32, 32];5.521629567964E-06;paraboloid;0.000000032;False;;False;8.14401864969141E-08;5717332.90867478;-1.8293938535893E-11;;0.5;;-9.48079735821345E-20;7.66126738106555E-22;2.76789945284607E-11;0.939099756184861;5.80227330230702E-11;1.93409110076901E-11;8.26108436138302E-07;8.01089379545699E-09;paraboloid;0.000000032;analytical;False;;False;1;458846.275626328;-0.00062783007492628;0.0100026870835925;4.1750836384303E-11;0.5;5,00E-07;5;157;1.13195077115929E-10;2.24629762608753E-19;4.7395122387093E-10;0.960305621183581;3.6372342460401E-07;9.09308561510024E-08;9.9552692757441E-05;9.7138631851338E-05
C:/Users/rlolo/Documents/Thèse/MEB et AFM/AFM/Résultats AFM Dynamo/06062025/Plaque hydrophobique_ethanol_PEI 0.5_Incubation 1h/cell2/force mapp/map-data-2025.06.06-11.56.16.356.jpk-force-map;map-data-2025.06.06-11.56.16.356.jpk-force-map;193;0.142;7.801310208055;[2.5e-05, 2.5e-05];[32, 32];5.5354904310933E-06;paraboloid;0.000000032;False;;False;8.39719446637571E-08;8943307.35555681;-1.6293862828935E-11;;0.5;;-1.18071462535825E-19;6.98620024743252E-22;2.6431421163896E-11;0.939250635034498;1.92747107934215E-08;6.42490359780717E-09;8.40158526068002E-07;6.33911284847433E-09;paraboloid;0.000000032;analytical;False;;False;1;465332.095665528;-0.000643377598584023;0.0100114089865582;1.03192820545429E-10;0.5;5,00E-07;5;156;1.47297446444905E-10;2.62081260746761E-19;5.11938727531685E-10;0.955704879272252;5.87018783720077E-07;1.46754695930019E-07;9.9394688379107E-05;9.7179315613424E-05
C:/Users/rlolo/Documents/Thèse/MEB et AFM/AFM/Résultats AFM Dynamo/06062025/Plaque hydrophobique_ethanol_PEI 0.5_Incubation 1h/cell2/force mapp/map-data-2025.06.06-11.56.16.356.jpk-force-map;map-data-2025.06.06-11.56.16.356.jpk-force-map;194;0.142;7.801310208055;[2.5e-05, 2.5e-05];[32, 32];5.53754827254765E-06;paraboloid;0.000000032;False;;False;8.62687012945626E-08;18575754.7246056;-6.9895101548614E-12;;0.5;;-6.23934693431862E-19;1.08990373980972E-21;3.30136901877042E-11;0.909163583420409;9.55114135647239E-09;3.1837137854908E-09;8.43233461574502E-07;3.74809769978542E-09;paraboloid;0.000000032;analytical;False;;False;1;574030.905160832;-0.000392113657642162;0.0174993436572802;1.94123413785652E-10;0.5;5,00E-07;5;156;1.74013698623289E-10;3.58953023333012E-19;5.9912688416813E-10;0.936914530052385;2.18298500137633E-07;5.45746250344081E-08;9.9472744434272E-05;9.7167015871398E-05
C:/Users/rlolo/Documents/Thèse/MEB et AFM/AFM/Résultats AFM Dynamo/06062025/Plaque hydrophobique_ethanol_PEI 0.5_Incubation 1h/cell2/force mapp/map-data-2025.06.06-11.56.16.356.jpk-force-map;map-data-2025.06.06-11.56.16.356.jpk-force-map;195;0.142;7.801310208055;[2.5e-05, 2.5e-05];[32, 32];5.5606575955465E-06;paraboloid;0.000000032;False;;False;7.56134862383502E-08;1630409.45089541;-1.94770277738519E-11;;0.5;;-1.15385078847638E-19;7.08081503835993E-22;2.660980089809E-11;0.953424590245836;-2.15939383252067E-08;-7.19797944173557E-09;8.69370413379751E-07;1.85463322823526E-08;paraboloid;0.000000032;analytical;False;;False;1;405602.017296403;-0.000495974426907004;0.0100000012494257;-4.31771989167176E-11;0.5;5,00E-07;5;158;3.93571048211329E-11;1.16153057776595E-19;3.40812349800583E-10;0.971179239480776;-1.67754169734759E-08;-4.19385424336897E-09;9.926364881983E-05;9.7179315613424E-05
C:/Users/rlolo/Documents/Thèse/MEB et AFM/AFM/Résultats AFM Dynamo/06062025/Plaque hydrophobique_ethanol_PEI 0.5_Incubation 1h/cell2/force mapp/map-data-2025.06.06-11.56.16.356.jpk-force-map;map-data-2025.06.06-11.56.16.356.jpk-force-map;196;0.142;7.801310208055;[2.5e-05, 2.5e-05];[32, 32];5.5625971702506E-06;paraboloid;0.000000032;False;;False;8.62515889471092E-08;7702910.15681253;-1.39867661069733E-11;;0.5;;-4.77889939390837E-20;7.38073981286115E-22;2.7167517024677E-11;0.93744276594158;-1.74272974283178E-08;-5.80909914277259E-09;8.70009053831102E-07;6.54396319593215E-09;paraboloid;0.000000032;analytical;False;;False;1;451931.545237433;-0.000601547305573991;0.0101555016441368;3.00451693145752E-11;0.5;5,00E-07;5;157;8.45743760443294E-11;1.80579002085045E-19;4.24945881360256E-10;0.967728714214467;6.67622356014239E-08;1.6690558900356E-08;9.9470852166268E-05;9.718688468544E-05
C:/Users/rlolo/Documents/Thèse/MEB et AFM/AFM/Résultats AFM Dynamo/06062025/Plaque hydrophobique_ethanol_PEI 0.5_Incubation 1h/cell2/force mapp/map-data-2025.06.06-11.56.16.356.jpk-force-map;map-data-2025.06.06-11.56.16.356.jpk-force-map;197;0.142;7.801310208055;[2.5e-05, 2.5e-05];[32, 32];5.5803844894882E-06;paraboloid;0.000000032;False;;False;9.19804063021363E-08;11916696.0473429;-1.52590469011842E-11;;0.5;;-6.8560358162039E-20;6.5978245093414E-22;2.56862307654148E-11;0.937998710522993;2.13144004802303E-08;7.10480016007676E-09;8.91770135877102E-07;5.21276466360733E-09;paraboloid;0.000000032;analytical;False;;False;1;432960.975372779;-0.000656264351657471;0.0100000188788589;4.42713772664832E-11;0.5;5,00E-07;5;156;9.79668618749219E-11;2.0294643183607E-19;4.50495762284253E-10;0.958650767971223;4.88868796540985E-07;1.22217199135246E-07;9.9297236576901E-05;9.7172219608409E-05
C:/Users/rlolo/Documents/Thèse/MEB et AFM/AFM/Résultats AFM Dynamo/06062025/Plaque hydrophobique_ethanol_PEI 0.5_Incubation 1h/cell2/force mapp/map-data-2025.06.06-11.56.16.356.jpk-force-map;map-data-2025.06.06-11.56.16.356.jpk-force-map;198;0.142;7.801310208055;[2.5e-05, 2.5e-05];[32, 32];5.6025713318351E-06;paraboloid;0.000000032;False;;False;8.44136747696643E-08;9244075.61415623;-2.05397647366791E-12;;0.5;;-7.66960175069532E-20;1.2718953769791E-21;3.56636422281726E-11;0.882118192402879;2.62602994949414E-09;8.75343316498048E-10;9.07901720611203E-07;5.65537009483974E-09;paraboloid;0.000000032;analytical;False;;False;1;481717.480556921;-0.000531626361023109;0.0119022130101908;1.11583221712011E-10;0.5;5,00E-07;5;157;1.41481191327197E-10;1.83928209729288E-19;4.28868522660835E-10;0.968677566582966;1.18142222909284E-07;2.95355557273209E-08;9.9227695727754E-05;9.7157554531378E-05
C:/Users/rlolo/Documents/Thèse/MEB et AFM/AFM/Résultats AFM Dynamo/06062025/Plaque hydrophobique_ethanol_PEI 0.5_Incubation 1h/cell2/force mapp/map-data-2025.06.06-11.56.16.356.jpk-force-map;map-data-2025.06.06-11.56.16.356.jpk-force-map;199;0.142;7.801310208055;[2.5e-05, 2.5e-05];[32, 32];5.61186709840475E-06;paraboloid;0.000000032;False;;False;8.34418487318829E-08;7215543.8781904;-1.37528135879683E-11;;0.5;;-6.58710387993377E-20;6.02670739213367E-22;2.45493531322796E-11;0.949381042168268;5.86734936371486E-09;1.95578312123829E-09;9.16677113479751E-07;7.10729060917348E-09;paraboloid;0.000000032;analytical;False;;False;1;456009.512372074;-0.000551777950012425;0.0103391325630335;5.41289392616244E-12;0.5;5,00E-07;5;157;1.20028197716099E-10;1.59834172239266E-19;3.99792661562548E-10;0.970811714011743;-4.81489757332375E-08;-1.20372439333094E-08;9.9412664925145E-05;9.7181680948429E-05
C:/Users/rlolo/Documents/Thèse/MEB et AFM/AFM/Résultats AFM Dynamo/06062025/Plaque hydrophobique_ethanol_PEI 0.5_Incubation 1h/cell2/force mapp/map-data-2025.06.06-11.56.16.356.jpk-force-map;map-data-2025.06.06-11.56.16.356.jpk-force-map;200;0.142;7.801310208055;[2.5e-05, 2.5e-05];[32, 32];5.6182771562683E-06;paraboloid;0.000000032;False;;False;8.58620346549724E-08;9955105.84871429;-8.66605025275895E-12;;0.5;;-2.50013471113435E-19;5.20675068379589E-22;2.28183055545233E-11;0.949538602562174;1.03401345626899E-08;3.44671152089663E-09;9.24175225445602E-07;5.7737299977198E-09;paraboloid;0.000000032;analytical;False;;False;1;425938.548021112;-0.00057973605793513;0.0100109692410893;-1.51455171356301E-11;0.5;5,00E-07;5;157;8.08206125104924E-11;1.26256730977919E-19;3.55326231761629E-10;0.97332959150073;-1.01573167581866E-06;-2.53932918954666E-07;9.9434426007191E-05;9.7171746541408E-05
C:/Users/rlolo/Documents/Thèse/MEB et AFM/AFM/Résultats AFM Dynamo/06062025/Plaque hydrophobique_ethanol_PEI 0.5_Incubation 1h/cell2/force mapp/map-data-2025.06.06-11.56.16.356.jpk-force-map;map-data-2025.06.06-11.56.16.356.jpk-force-map;201;0.142;7.801310208055;[2.5e-05, 2.5e-05];[32, 32];5.6306715116945E-06;paraboloid;0.000000032;False;;False;8.4412060536995E-08;9904188.60845458;1.57992311614916E-11;;0.5;;-2.24779723765567E-19;7.22651130542979E-22;2.68821712393731E-11;0.931149998826343;-6.05368375070634E-09;-2.01789458356878E-09;9.35197686568902E-07;5.53859026730221E-09;paraboloid;0.000000032;analytical;False;;False;1;470737.083875098;-0.000536347070855616;0.0109393990426204;3.72719459718629E-11;0.5;5,00E-07;5;157;1.08329277404646E-10;1.69925219636241E-19;4.1221986807557E-10;0.969364022808236;3.21937241180306E-07;8.04843102950764E-08;9.9349747014012E-05;9.7179315613424E-05
C:/Users/rlolo/Documents/Thèse/MEB et AFM/AFM/Résultats AFM Dynamo/06062025/Plaque hydrophobique_ethanol_PEI 0.5_Incubation 1h/cell2/force mapp/map-data-2025.06.06-11.56.16.356.jpk-force-map;map-data-2025.06.06-11.56.16.356.jpk-force-map;202;0.142;7.801310208055;[2.5e-05, 2.5e-05];[32, 32];5.64237991996925E-06;paraboloid;0.000000032;False;;False;8.45671371072109E-08;2761763.23706518;1.68695523195671E-10;;0.5;;-5.82275384630901E-20;2.73629823737709E-21;5.23096380925837E-11;0.656855662753123;2.06953781670597E-08;6.89845938901989E-09;9.50619670801503E-07;1.06598556591727E-08;paraboloid;0.000000032;analytical;False;;False;1;449238.611684242;-0.000547945185581268;0.0100001346757802;5.35013926848705E-11;0.5;5,00E-07;5;157;1.42084051568117E-10;1.65382806497098E-19;4.06672849471289E-10;0.969497358026213;-2.10672125932784E-07;-5.26680314831961E-08;9.9370561962056E-05;9.7181207881428E-05
C:/Users/rlolo/Documents/Thèse/MEB et AFM/AFM/Résultats AFM Dynamo/06062025/Plaque hydrophobique_ethanol_PEI 0.5_Incubation 1h/cell2/force mapp/map-data-2025.06.06-11.56.16.356.jpk-force-map;map-data-2025.06.06-11.56.16.356.jpk-force-map;203;0.142;7.801310208055;[2.5e-05, 2.5e-05];[32, 32];5.6467557897285E-06;paraboloid;0.000000032;False;;False;8.46975200196439E-08;5874824.52379628;1.55809972051226E-10;;0.5;;-1.01860320635561E-18;4.7637196128826E-21;6.90197045261902E-11;0.50779814874466;3.81938476616816E-08;1.27312825538939E-08;9.51187351202701E-07;6.73684921400015E-09;paraboloid;0.000000032;analytical;False;;False;1;454272.27473918;-0.000592124157214557;0.010001668515527;-1.84384635632377E-10;0.5;5,00E-07;5;156;1.23084202221529E-10;1.73149587838687E-19;4.16112470179262E-10;0.967454237179711;3.19439946014084E-06;7.98599865035211E-07;9.9445306548214E-05;9.7166069737396E-05
C:/Users/rlolo/Documents/Thèse/MEB et AFM/AFM/Résultats AFM Dynamo/06062025/Plaque hydrophobique_ethanol_PEI 0.5_Incubation 1h/cell2/force mapp/map-data-2025.06.06-11.56.16.356.jpk-force-map;map-data-2025.06.06-11.56.16.356.jpk-force-map;204;0.142;7.801310208055;[2.5e-05, 2.5e-05];[32, 32];5.6602855059571E-06;paraboloid;0.000000032;False;;False;6.91093844780252E-08;459007.141981048;8.49971891210478E-11;;0.5;;-4.89346764500848E-19;5.29281789199798E-21;7.27517552502892E-11;0.434793403083378;4.04511557944157E-08;1.34837185981386E-08;9.67508162737202E-07;2.74030239465804E-08;paraboloid;0.000000032;analytical;False;;False;1;428304.513749961;-0.000367903610979064;0.0100000052417146;-1.39040094060336E-10;0.5;5,00E-07;5;159;1.01013270286379E-10;1.20364501924382E-19;3.46935875810476E-10;0.972354783842139;9.26976143688945E-08;2.31744035922236E-08;9.9348327813009E-05;9.717742334542E-05
C:/Users/rlolo/Documents/Thèse/MEB et AFM/AFM/Résultats AFM Dynamo/06062025/Plaque hydrophobique_ethanol_PEI 0.5_Incubation 1h/cell2/force mapp/map-data-2025.06.06-11.56.16.356.jpk-force-map;map-data-2025.06.06-11.56.16.356.jpk-force-map;205;0.142;7.801310208055;[2.5e-05, 2.5e-05];[32, 32];9.8116376665325E-06;paraboloid;0.000000032;False;;False;-5.01861724522739E-06;1034.78197950216;-3.03109357118523E-09;;0.5;;-3.33427637572923E-16;2.99441025187948E-20;1.73043643393205E-10;0.726359984967327;2.4134767063386E-09;8.04492235446199E-10;5.2470614805836E-06;5.23890610674416E-06;paraboloid;0.000000032;analytical;False;;False;1;1291.10953839882;-0.00373553280313611;0.180834000363936;-8.57611625752246E-11;0.5;5,00E-07;5;53;-3.67460950790777E-18;2.74705445666885E-19;5.24123502303498E-10;0.400266091461234;1.49150937364843E-08;3.72877343412108E-09;8.7139818536416E-05;9.7152823861368E-05
C:/Users/rlolo/Documents/Thèse/MEB et AFM/AFM/Résultats AFM Dynamo/06062025/Plaque hydrophobique_ethanol_PEI 0.5_Incubation 1h/cell2/force mapp/map-data-2025.06.06-11.56.16.356.jpk-force-map;map-data-2025.06.06-11.56.16.356.jpk-force-map;206;0.142;7.801310208055;[2.5e-05, 2.5e-05];[32, 32];5.69143696797295E-06;paraboloid;0.000000032;False;;False;-8.80511141250131E-07;1085.12849683131;5.03832813323618E-11;;0.5;;-9.60144646388977E-17;2.13195930659295E-21;4.61731448635779E-11;0.833571244748782;-2.91637330148862E-08;-9.72124433829539E-09;9.80754038765201E-07;9.73801196017724E-07;paraboloid;0.000000032;analytical;False;;False;1;407924.150716803;0.00901973676561511;0.0100000001849418;-2.85049571369882E-10;0.5;5,00E-07;5;158;5.76869305018752E-12;1.79888643724034E-19;4.24132813778931E-10;0.921196265942338;-4.40198057216688E-08;-1.10049514304172E-08;0.000100069754989534;9.7437137128969E-05
C:/Users/rlolo/Documents/Thèse/MEB et AFM/AFM/Résultats AFM Dynamo/06062025/Plaque hydrophobique_ethanol_PEI 0.5_Incubation 1h/cell2/force mapp/map-data-2025.06.06-11.56.16.356.jpk-force-map;map-data-2025.06.06-11.56.16.356.jpk-force-map;207;0.142;7.801310208055;[2.5e-05, 2.5e-05];[32, 32];5.6869191781134E-06;paraboloid;0.000000032;False;;False;8.3582372503373E-08;3994410.20842327;1.29246048110316E-10;;0.5;;-8.71737894570701E-20;2.73913637829019E-21;5.23367593407367E-11;0.718578512243713;3.15692409596012E-08;1.05230803198671E-08;9.88654257681902E-07;9.20047746212316E-09;paraboloid;0.000000032;analytical;False;;False;1;448143.104948958;-0.000593612274574162;0.0100001497864706;5.77473582452782E-11;0.5;5,00E-07;5;156;1.10910232149974E-10;1.93596715249475E-19;4.39996267313116E-10;0.962191086132505;8.82294735143466E-08;2.20573683785866E-08;9.9512482062356E-05;9.7290013291658E-05
C:/Users/rlolo/Documents/Thèse/MEB et AFM/AFM/Résultats AFM Dynamo/06062025/Plaque hydrophobique_ethanol_PEI 0.5_Incubation 1h/cell2/force mapp/map-data-2025.06.06-11.56.16.356.jpk-force-map;map-data-2025.06.06-11.56.16.356.jpk-force-map;208;0.142;7.801310208055;[2.5e-05, 2.5e-05];[32, 32];5.68959200666905E-06;paraboloid;0.000000032;False;;False;8.48427494073601E-08;5706880.0090133;3.87102569603475E-11;;0.5;;-2.32453475683442E-19;9.73257224013765E-22;3.11970707601493E-11;0.881074175926082;7.47785441933759E-09;2.4926181397792E-09;9.92911860690902E-07;7.27505923490433E-09;paraboloid;0.000000032;analytical;False;;False;1;447939.248901853;-0.000588668615782837;0.0100032195825345;2.66008361473854E-11;0.5;5,00E-07;5;156;2.06234637450904E-10;2.1468043750805E-19;4.63336203536968E-10;0.963162243482936;-6.65681483331719E-07;-1.6642037083293E-07;9.9444360414212E-05;9.7244125792561E-05
C:/Users/rlolo/Documents/Thèse/MEB et AFM/AFM/Résultats AFM Dynamo/06062025/Plaque hydrophobique_ethanol_PEI 0.5_Incubation 1h/cell2/force mapp/map-data-2025.06.06-11.56.16.356.jpk-force-map;map-data-2025.06.06-11.56.16.356.jpk-force-map;209;0.142;7.801310208055;[2.5e-05, 2.5e-05];[32, 32];5.70690625890565E-06;paraboloid;0.000000032;False;;False;8.59574511444486E-08;2845417.89697129;2.41733949685105E-10;;0.5;;-2.2577923996551E-19;5.96031462764226E-22;2.44137556054825E-11;0.746155586788308;2.72848933861399E-09;9.09496446204664E-10;1.0101314995273E-06;8.0132053555981E-09;paraboloid;0.000000032;analytical;False;;False;1;453940.841571995;-0.000506382325214379;0.0100091136154403;6.74427071591619E-12;0.5;5,00E-07;5;156;1.78195307046339E-10;1.46110973113968E-19;3.82244650863774E-10;0.970525733680983;8.5177462557087E-08;2.12943656392718E-08;9.9279733097864E-05;9.721053803549E-05
C:/Users/rlolo/Documents/Thèse/MEB et AFM/AFM/Résultats AFM Dynamo/06062025/Plaque hydrophobique_ethanol_PEI 0.5_Incubation 1h/cell2/force mapp/map-data-2025.06.06-11.56.16.356.jpk-force-map;map-data-2025.06.06-11.56.16.356.jpk-force-map;210;0.142;7.801310208055;[2.5e-05, 2.5e-05];[32, 32];1.00021417478352E-05;paraboloid;0.000000032;False;;False;-5.21212547417556E-06;1944.80061657157;-7.36461392501595E-09;;0.5;;-3.27600320567883E-16;1.36736976090307E-20;1.16934586881002E-10;0.94085178263163;-2.07764202627566E-08;-6.92547342091888E-09;5.9082672278813E-06;5.89881530815439E-06;paraboloid;0.000000032;analytical;False;;False;1;5123.39502352024;-0.0036061922114486;0.0100699844725833;-4.43701980429315E-11;0.5;5,00E-07;5;44;6.88051981941915E-10;1.66990296292486E-18;1.29224725301502E-09;0.341265463900141;-1.87881382516025E-07;-4.69703456290062E-08;8.44832215196056E-05;9.7112140099282E-05
C:/Users/rlolo/Documents/Thèse/MEB et AFM/AFM/Résultats AFM Dynamo/06062025/Plaque hydrophobique_ethanol_PEI 0.5_Incubation 1h/cell2/force mapp/map-data-2025.06.06-11.56.16.356.jpk-force-map;map-data-2025.06.06-11.56.16.356.jpk-force-map;211;0.142;7.801310208055;[2.5e-05, 2.5e-05];[32, 32];1.4892590137423E-05;paraboloid;0.000000032;False;;False;-1.00842151913112E-05;7428.66902596936;-7.56917990592666E-08;;0.5;;-1.78905399233322E-15;5.72304859282228E-21;7.56508333914589E-11;0.968809794648375;-2.20080546918984E-09;-7.33601823063279E-10;1.02139338441829E-05;1.0205407818185E-05;paraboloid;0.000000032;analytical;False;;False;1;4629.754355063;0.0283167970065137;0.14496233521827;-3.59350176819545E-11;0.5;5,00E-07;5;294;7.22279992402854E-10;2.55611862253435E-18;1.59878660944303E-09;0.549192481279931;-2.09815850181418E-07;-5.24539625453546E-08;5.29027365752441E-05;9.7255479400585E-05
C:/Users/rlolo/Documents/Thèse/MEB et AFM/AFM/Résultats AFM Dynamo/06062025/Plaque hydrophobique_ethanol_PEI 0.5_Incubation 1h/cell2/force mapp/map-data-2025.06.06-11.56.16.356.jpk-force-map;map-data-2025.06.06-11.56.16.356.jpk-force-map;212;0.142;7.801310208055;[2.5e-05, 2.5e-05];[32, 32];5.7489855686446E-06;paraboloid;0.000000032;False;;False;8.72136098436022E-08;4683983.17282387;-5.67528361504731E-11;;0.5;;-5.92648911387526E-20;4.86019865612659E-22;2.20458582416893E-11;0.891706171217064;-3.34921385461768E-09;-1.11640461820589E-09;1.0311829810718E-06;7.26346939950252E-09;paraboloid;0.000000032;analytical;False;;False;1;483277.811534186;-0.000498770375086648;0.0100002471608607;-2.79990226661684E-11;0.5;5,00E-07;5;156;4.6131567504818E-11;1.18326016715706E-19;3.43985489106308E-10;0.971622977885654;4.25135864484417E-07;1.06283966121104E-07;9.9948649837278E-05;9.760791431633E-05
C:/Users/rlolo/Documents/Thèse/MEB et AFM/AFM/Résultats AFM Dynamo/06062025/Plaque hydrophobique_ethanol_PEI 0.5_Incubation 1h/cell2/force mapp/map-data-2025.06.06-11.56.16.356.jpk-force-map;map-data-2025.06.06-11.56.16.356.jpk-force-map;213;0.142;7.801310208055;[2.5e-05, 2.5e-05];[32, 32];1.05767762339499E-05;paraboloid;0.000000032;False;;False;-5.78252582293149E-06;9029.66085362546;-3.99938649914771E-08;;0.5;;-8.31762375487626E-17;1.35810619346487E-21;3.68524923643553E-11;0.993197007550431;1.18285020045487E-10;3.94283400151624E-11;5.9298390831269E-06;5.92077567909062E-06;paraboloid;0.000000032;analytical;False;;False;1;33728.9084807654;-0.00219956134950334;0.0100065605287887;-1.02879219027211E-10;0.5;5,00E-07;5;19;2.72902749094454E-09;1.45051354444021E-17;3.80856081012265E-09;0.0945353447493793;-7.84866307305158E-07;-1.9621657682629E-07;5.41687708837357E-05;9.7018472833084E-05
C:/Users/rlolo/Documents/Thèse/MEB et AFM/AFM/Résultats AFM Dynamo/06062025/Plaque hydrophobique_ethanol_PEI 0.5_Incubation 1h/cell2/force mapp/map-data-2025.06.06-11.56.16.356.jpk-force-map;map-data-2025.06.06-11.56.16.356.jpk-force-map;214;0.142;7.801310208055;[2.5e-05, 2.5e-05];[32, 32];1.26004622508277E-05;paraboloid;0.000000032;False;;False;-2.33099711107173E-07;13882.4372181419;4.44274075712805E-11;;0.5;;-2.19270954875528E-19;3.67049557627843E-21;6.05846150130413E-11;0.960175477002139;5.30040332358788E-09;1.76680110786263E-09;7.9565527288111E-06;4.02773689011585E-07;paraboloid;0.000000032;analytical;False;;False;1;21799.0614525201;0.00065356635280385;0.010000000000031;1.56099762250315E-11;0.5;5,00E-07;5;144;3.94516348447476E-11;8.94641018321697E-21;9.45854649680223E-11;0.961085598400031;1.06132134139979E-07;2.65330335349946E-08;9.69170308135652E-05;9.7661843954444E-05
C:/Users/rlolo/Documents/Thèse/MEB et AFM/AFM/Résultats AFM Dynamo/06062025/Plaque hydrophobique_ethanol_PEI 0.5_Incubation 1h/cell2/force mapp/map-data-2025.06.06-11.56.16.356.jpk-force-map;map-data-2025.06.06-11.56.16.356.jpk-force-map;215;0.142;7.801310208055;[2.5e-05, 2.5e-05];[32, 32];1.30733873317274E-05;paraboloid;0.000000032;False;;False;-2.0924940270417E-07;21149.7006845643;2.66033990214979E-11;;0.5;;-6.09293975434156E-20;2.36442491078844E-21;4.86253525518165E-11;0.974238792229871;1.91711641966915E-08;6.39038806556383E-09;8.3683575531816E-06;3.18911432267364E-07;paraboloid;0.000000032;analytical;False;;False;1;30513.107126503;0.000485209743203829;0.0100002346757513;-5.00266804801192E-11;0.5;5,00E-07;5;152;1.54630592231507E-11;4.52034232877277E-21;6.72334911243851E-11;0.980184784780231;-1.37709473680466E-10;-3.44273684201164E-11;9.81002346631162E-05;9.766468235645E-05
C:/Users/rlolo/Documents/Thèse/MEB et AFM/AFM/Résultats AFM Dynamo/06062025/Plaque hydrophobique_ethanol_PEI 0.5_Incubation 1h/cell2/force mapp/map-data-2025.06.06-11.56.16.356.jpk-force-map;map-data-2025.06.06-11.56.16.356.jpk-force-map;216;0.142;7.801310208055;[2.5e-05, 2.5e-05];[32, 32];1.30454054186183E-05;paraboloid;0.000000032;False;;False;-5.42429964156333E-07;6658.14896872942;7.67330923870086E-11;;0.5;;-3.05888287701143E-20;2.99712818813588E-21;5.47460335379275E-11;0.978873211640817;-5.29533432774187E-08;-1.76511144258062E-08;8.3865706327201E-06;6.9189337843002E-07;paraboloid;0.000000032;analytical;False;;False;1;5852.60258656467;0.000761730938767594;0.06156513591262;5.78507421925608E-12;0.5;5,00E-07;5;142;7.10582612312243E-11;1.86440896510349E-20;1.36543361797763E-10;0.926271060210815;-2.12420785177078E-08;-5.31051962942694E-09;9.9881474323136E-05;9.7543104137193E-05
C:/Users/rlolo/Documents/Thèse/MEB et AFM/AFM/Résultats AFM Dynamo/06062025/Plaque hydrophobique_ethanol_PEI 0.5_Incubation 1h/cell2/force mapp/map-data-2025.06.06-11.56.16.356.jpk-force-map;map-data-2025.06.06-11.56.16.356.jpk-force-map;217;0.142;7.801310208055;[2.5e-05, 2.5e-05];[32, 32];1.39259723342797E-05;paraboloid;0.000000032;False;;False;-2.9773382232036E-07;8917.71057346714;3.89741644584482E-11;;0.5;;-5.68329095129822E-20;2.01935698893599E-21;4.49372561349265E-11;0.985643806988876;5.77140864031327E-09;1.92380288010443E-09;9.40420871192125E-06;5.94123282079613E-07;paraboloid;0.000000032;analytical;False;;False;1;9887.35801739112;0.00020128747953635;0.0123901753319063;-4.89032660425612E-11;0.5;5,00E-07;5;147;7.69917591438911E-12;3.59439629440385E-21;5.99532842670345E-11;0.981212795665772;2.43353938721396E-09;6.08384846803489E-10;0.0000978536235019003;9.7758822689649E-05
C:/Users/rlolo/Documents/Thèse/MEB et AFM/AFM/Résultats AFM Dynamo/06062025/Plaque hydrophobique_ethanol_PEI 0.5_Incubation 1h/cell2/force mapp/map-data-2025.06.06-11.56.16.356.jpk-force-map;map-data-2025.06.06-11.56.16.356.jpk-force-map;218;0.142;7.801310208055;[2.5e-05, 2.5e-05];[32, 32];1.51484720782639E-05;paraboloid;0.000000032;False;;False;-1.91513289303329E-08;29634.6096241744;1.22719302381933E-11;;0.5;;-2.34369222148009E-20;1.37215899616837E-21;3.7042664539263E-11;0.984417602074871;-1.57131356532287E-08;-5.23771188440958E-09;1.05793781024554E-05;2.71413076142061E-07;paraboloid;0.000000032;analytical;False;;False;1;28085.5658320136;0.000491546598871687;0.0624081566724335;-2.39637391795993E-11;0.5;5,00E-07;5;148;4.82524388804357E-11;8.12787114189876E-21;9.01547067096264E-11;0.97688898155483;-1.48392207261878E-08;-3.70980518154695E-09;9.76761822940034E-05;9.7823632868786E-05
C:/Users/rlolo/Documents/Thèse/MEB et AFM/AFM/Résultats AFM Dynamo/06062025/Plaque hydrophobique_ethanol_PEI 0.5_Incubation 1h/cell2/force mapp/map-data-2025.06.06-11.56.16.356.jpk-force-map;map-data-2025.06.06-11.56.16.356.jpk-force-map;219;0.142;7.801310208055;[2.5e-05, 2.5e-05];[32, 32];1.5987740244738E-05;paraboloid;0.000000032;False;;False;-6.2388175437703E-09;107870.037026611;-2.7804171372934E-12;;0.5;;-4.81259923396631E-20;1.42246858911461E-21;3.7715627916218E-11;0.96712108927219;3.61780176356774E-09;1.20593392118925E-09;1.13882280607652E-05;1.09959126116013E-07;paraboloid;0.000000032;analytical;False;;False;1;157369.319229114;6.8764568638309E-06;0.0100000000074024;-2.68906240187706E-11;0.5;5,00E-07;5;147;2.93745458074333E-11;2.13208768833589E-20;1.46016700700156E-10;0.972923074949139;-3.73304554519971E-09;-9.33261386299929E-10;9.78837677904079E-05;9.77432781459852E-05
C:/Users/rlolo/Documents/Thèse/MEB et AFM/AFM/Résultats AFM Dynamo/06062025/Plaque hydrophobique_ethanol_PEI 0.5_Incubation 1h/cell2/force mapp/map-data-2025.06.06-11.56.16.356.jpk-force-map;map-data-2025.06.06-11.56.16.356.jpk-force-map;220;0.142;7.801310208055;[2.5e-05, 2.5e-05];[32, 32];1.60954812542157E-05;paraboloid;0.000000032;False;;False;4.78712656865552E-08;301787.023064047;-4.18639436012577E-12;;0.5;;-2.49072793127642E-20;8.58248007620509E-22;2.92958701461573E-11;0.970521144241218;5.59590193245522E-09;1.86530064415174E-09;1.20438516174511E-05;5.68533780513475E-08;paraboloid;0.000000032;analytical;False;;False;1;235874.067955401;-0.000275884625216728;0.010000000121208;-4.80638697717087E-11;0.5;5,00E-07;5;161;2.88344808524975E-11;3.24470455029275E-20;1.80130634548728E-10;0.974741425060333;6.265674940637E-09;1.56641873515925E-09;9.65292999725262E-05;9.71712245364413E-05
C:/Users/rlolo/Documents/Thèse/MEB et AFM/AFM/Résultats AFM Dynamo/06062025/Plaque hydrophobique_ethanol_PEI 0.5_Incubation 1h/cell2/force mapp/map-data-2025.06.06-11.56.16.356.jpk-force-map;map-data-2025.06.06-11.56.16.356.jpk-force-map;221;0.142;7.801310208055;[2.5e-05, 2.5e-05];[32, 32];1.6147187477425E-05;paraboloid;0.000000032;False;;False;5.6742460475615E-08;164628.416943896;-1.66310240096279E-13;;0.5;;-2.1090026245726E-19;1.12357956235454E-21;3.35198383402209E-11;0.971486770255516;9.3471063567828E-10;3.1157021189276E-10;1.25542909115301E-05;8.6396744394352E-08;paraboloid;0.000000032;analytical;False;;False;1;118862.302173387;-0.000275889040331778;0.0100000001688756;-5.5603513061721E-12;0.5;5,00E-07;5;165;4.71638868209282E-11;1.21021607780636E-20;1.10009821280027E-10;0.980714228846878;2.61507570318593E-08;6.53768925796483E-09;9.6620133416087E-05;9.669681852969E-05
C:/Users/rlolo/Documents/Thèse/MEB et AFM/AFM/Résultats AFM Dynamo/06062025/Plaque hydrophobique_ethanol_PEI 0.5_Incubation 1h/cell2/force mapp/map-data-2025.06.06-11.56.16.356.jpk-force-map;map-data-2025.06.06-11.56.16.356.jpk-force-map;222;0.142;7.801310208055;[2.5e-05, 2.5e-05];[32, 32];1.61818869419484E-05;paraboloid;0.000000032;False;;False;4.84211880201336E-08;285905.954466132;3.61650403375556E-12;;0.5;;-1.11652720808147E-20;9.20336557625757E-22;3.03370492570678E-11;0.977193012812214;-2.58674446528157E-09;-8.62248155093857E-10;1.30110134476456E-05;6.56092454864445E-08;paraboloid;0.000000032;analytical;False;;False;1;129217.007457323;-0.000284753974914851;0.0100000167202338;-3.49801798354237E-11;0.5;5,00E-07;5;161;2.88594159813944E-11;5.80881675598302E-21;7.62155939160945E-11;0.985871834078074;-7.28519931722923E-09;-1.82129982930731E-09;9.73015612807332E-05;9.61238520174663E-05
C:/Users/rlolo/Documents/Thèse/MEB et AFM/AFM/Résultats AFM Dynamo/06062025/Plaque hydrophobique_ethanol_PEI 0.5_Incubation 1h/cell2/force mapp/map-data-2025.06.06-11.56.16.356.jpk-force-map;map-data-2025.06.06-11.56.16.356.jpk-force-map;223;0.142;7.801310208055;[2.5e-05, 2.5e-05];[32, 32];1.62055166386483E-05;paraboloid;0.000000032;False;;False;6.78013043965945E-08;674882.650829395;4.09294530527698E-12;;0.5;;-1.19287022082377E-19;1.07732838376716E-21;3.28226809350966E-11;0.95242635585677;1.70098971124964E-10;5.66996570416546E-11;1.32501724700011E-05;3.47055575690719E-08;paraboloid;0.000000032;analytical;False;;False;1;359704.168033597;-0.000412609238602125;0.0100000000029261;7.75510320670895E-12;0.5;5,00E-07;5;158;5.84208144805109E-11;8.58409242511508E-20;2.92986218534508E-10;0.962110716515636;8.03293625362702E-08;2.00823406340676E-08;0.0000966756743753999;9.57391982391333E-05
C:/Users/rlolo/Documents/Thèse/MEB et AFM/AFM/Résultats AFM Dynamo/06062025/Plaque hydrophobique_ethanol_PEI 0.5_Incubation 1h/cell2/force mapp/map-data-2025.06.06-11.56.16.356.jpk-force-map;map-data-2025.06.06-11.56.16.356.jpk-force-map;224;0.142;7.801310208055;[2.5e-05, 2.5e-05];[32, 32];1.62239662516873E-05;paraboloid;0.000000032;False;;False;7.93670592942115E-08;1505710.7463046;2.30812077544074E-14;;0.5;;5.39563636462057E-20;6.79484220277402E-22;2.60669181200502E-11;0.956334631375343;0.0725685344901866;0.0241895114967289;1.35323096293975E-05;1.99133682723734E-08;paraboloid;0.000000032;analytical;False;;False;1;315512.558104356;-0.000578616029306575;0.0100000023369675;-4.40924929312378E-11;0.5;5,00E-07;5;156;5.57822003461176E-11;8.35655812208672E-20;2.89077119850166E-10;0.955328266582236;-9.28799275188439E-08;-2.3219981879711E-08;9.59797560801107E-05;9.52925870002365E-05
C:/Users/rlolo/Documents/Thèse/MEB et AFM/AFM/Résultats AFM Dynamo/06062025/Plaque hydrophobique_ethanol_PEI 0.5_Incubation 1h/cell2/force mapp/map-data-2025.06.06-11.56.16.356.jpk-force-map;map-data-2025.06.06-11.56.16.356.jpk-force-map;225;0.142;7.801310208055;[2.5e-05, 2.5e-05];[32, 32];1.62290753752981E-05;paraboloid;0.000000032;False;;False;4.74414746776933E-08;409608.966460889;2.06113972539736E-12;;0.5;;-7.33803700628354E-21;8.88773972599191E-22;2.98123124329394E-11;0.966530388886853;-1.8405848750181E-09;-6.13528291672699E-10;1.31369438833118E-05;4.69002628748451E-08;paraboloid;0.000000032;analytical;False;;False;1;247135.521019073;-0.000317016740790519;0.0100000007091212;-6.00716553679594E-12;0.5;5,00E-07;5;160;7.4021300010281E-11;3.47602807961342E-20;1.86441092026769E-10;0.975733426242474;2.97951342464474E-09;7.44878356161184E-10;9.62984397389603E-05;9.59668122741632E-05
C:/Users/rlolo/Documents/Thèse/MEB et AFM/AFM/Résultats AFM Dynamo/06062025/Plaque hydrophobique_ethanol_PEI 0.5_Incubation 1h/cell2/force mapp/map-data-2025.06.06-11.56.16.356.jpk-force-map;map-data-2025.06.06-11.56.16.356.jpk-force-map;226;0.142;7.801310208055;[2.5e-05, 2.5e-05];[32, 32];1.62317245505037E-05;paraboloid;0.000000032;False;;False;5.50784173626068E-08;135547.996400076;-3.55126654525033E-12;;0.5;;-1.04547409319365E-19;1.17414913729611E-21;3.42658596462443E-11;0.966137261545779;4.29744265562063E-09;1.43248088520688E-09;1.29106522833834E-05;9.24344054977169E-08;paraboloid;0.000000032;analytical;False;;False;1;244178.806888955;1.28516098815822E-05;0.0100000000073621;-2.83733046983053E-11;0.5;5,00E-07;5;145;3.73633089969254E-11;4.14410557404013E-20;2.03570763471578E-10;0.968603997495132;-1.19606809043663E-09;-2.99017022609158E-10;9.67474207765623E-05;9.63495676852927E-05
C:/Users/rlolo/Documents/Thèse/MEB et AFM/AFM/Résultats AFM Dynamo/06062025/Plaque hydrophobique_ethanol_PEI 0.5_Incubation 1h/cell2/force mapp/map-data-2025.06.06-11.56.16.356.jpk-force-map;map-data-2025.06.06-11.56.16.356.jpk-force-map;227;0.142;7.801310208055;[2.5e-05, 2.5e-05];[32, 32];1.62257875596412E-05;paraboloid;0.000000032;False;;False;4.15317075539082E-08;103742.111382181;-9.44633699730078E-12;;0.5;;-1.82873111197399E-20;8.29550312717547E-22;2.88019150876734E-11;0.981834433820469;8.07226738965717E-09;2.69075579655239E-09;1.23155813028255E-05;1.15388936004852E-07;paraboloid;0.000000032;analytical;False;;False;1;132711.152062371;-9.56364317897251E-06;0.0100000000272043;-5.94920932869958E-11;0.5;5,00E-07;5;148;-1.27738283279852E-16;1.04465126028433E-20;1.02208182660897E-10;0.984046600493133;4.1532545388441E-09;1.03831363471103E-09;9.73988824712754E-05;9.69853918701173E-05
C:/Users/rlolo/Documents/Thèse/MEB et AFM/AFM/Résultats AFM Dynamo/06062025/Plaque hydrophobique_ethanol_PEI 0.5_Incubation 1h/cell2/force mapp/map-data-2025.06.06-11.56.16.356.jpk-force-map;map-data-2025.06.06-11.56.16.356.jpk-force-map;228;0.142;7.801310208055;[2.5e-05, 2.5e-05];[32, 32];1.62143156848669E-05;paraboloid;0.000000032;False;;False;3.6054323220597E-08;42535.1858715511;-1.47803533695065E-11;;0.5;;-2.8650751095248E-20;5.54363302327246E-22;2.35449209454448E-11;0.993115287657541;3.11694921177562E-08;1.03898307059187E-08;1.16935928099107E-05;2.19402900981825E-07;paraboloid;0.000000032;analytical;False;;False;1;37925.912602565;-0.000123803180876202;0.0100000000161904;-9.25094509415967E-11;0.5;5,00E-07;5;160;2.61962364544429E-19;4.12536849453015E-21;6.42290315552878E-11;0.984153293146475;6.10561604791292E-09;1.52640401197823E-09;9.80562186674263E-05;9.75392343595974E-05
C:/Users/rlolo/Documents/Thèse/MEB et AFM/AFM/Résultats AFM Dynamo/06062025/Plaque hydrophobique_ethanol_PEI 0.5_Incubation 1h/cell2/force mapp/map-data-2025.06.06-11.56.16.356.jpk-force-map;map-data-2025.06.06-11.56.16.356.jpk-force-map;229;0.142;7.801310208055;[2.5e-05, 2.5e-05];[32, 32];1.54186169891849E-05;paraboloid;0.000000032;False;;False;3.38593683789107E-08;22394.65453791;-1.68074972443512E-11;;0.5;;-2.8312309321622E-21;8.51287519733578E-22;2.9176831900218E-11;0.991520795448745;-8.89689342937021E-10;-2.9656311431234E-10;1.09690906978792E-05;3.3272950142081E-07;paraboloid;0.000000032;analytical;False;;False;1;18484.8385619693;-6.30484275546961E-05;0.0216412635350036;-7.31720055915513E-11;0.5;5,00E-07;5;154;2.63158431432917E-12;2.71819039870891E-21;5.21362675947264E-11;0.987010318191939;7.15153441513472E-09;1.78788360378368E-09;0.000100740563996952;9.769779704652E-05
C:/Users/rlolo/Documents/Thèse/MEB et AFM/AFM/Résultats AFM Dynamo/06062025/Plaque hydrophobique_ethanol_PEI 0.5_Incubation 1h/cell2/force mapp/map-data-2025.06.06-11.56.16.356.jpk-force-map;map-data-2025.06.06-11.56.16.356.jpk-force-map;230;0.142;7.801310208055;[2.5e-05, 2.5e-05];[32, 32];1.44869588374155E-05;paraboloid;0.000000032;False;;False;-2.92530735608087E-07;10428.9118070024;1.30832627757854E-11;;0.5;;-1.78695233682291E-19;3.59622722578463E-21;5.99685519733854E-11;0.968921889931018;2.11123158924444E-09;7.0374386308148E-10;9.8817461960807E-06;5.06091329252907E-07;paraboloid;0.000000032;analytical;False;;False;1;16252.0054050099;0.000948965789248045;0.010000749602968;-5.33275539227825E-11;0.5;5,00E-07;5;154;1.45057970528603E-11;7.56633172429637E-21;8.69846637304322E-11;0.96513274749955;1.97264168439965E-09;4.93160421099913E-10;0.000100676226884816;9.77697032306721E-05
C:/Users/rlolo/Documents/Thèse/MEB et AFM/AFM/Résultats AFM Dynamo/06062025/Plaque hydrophobique_ethanol_PEI 0.5_Incubation 1h/cell2/force mapp/map-data-2025.06.06-11.56.16.356.jpk-force-map;map-data-2025.06.06-11.56.16.356.jpk-force-map;231;0.142;7.801310208055;[2.5e-05, 2.5e-05];[32, 32];1.42227036106569E-05;paraboloid;0.000000032;False;;False;-5.31076707159246E-09;38445.1855796348;9.58163396544945E-12;;0.5;;-1.66763600778888E-19;2.12569192525657E-21;4.61052266587702E-11;0.965664451147107;-6.63876035955715E-09;-2.21292011985238E-09;9.6155040879179E-06;2.12857580466143E-07;paraboloid;0.000000032;analytical;False;;False;1;51400.0768563737;0.000308543235139746;0.0100002622672214;-3.44717911302705E-13;0.5;5,00E-07;5;160;4.72834467720632E-11;9.27715793684696E-21;9.63180042196004E-11;0.977669768774828;-1.1343029022387E-08;-2.83575725559675E-09;0.00010077273255302;9.7701581582528E-05
C:/Users/rlolo/Documents/Thèse/MEB et AFM/AFM/Résultats AFM Dynamo/06062025/Plaque hydrophobique_ethanol_PEI 0.5_Incubation 1h/cell2/force mapp/map-data-2025.06.06-11.56.16.356.jpk-force-map;map-data-2025.06.06-11.56.16.356.jpk-force-map;232;0.142;7.801310208055;[2.5e-05, 2.5e-05];[32, 32];1.43349624099942E-05;paraboloid;0.000000032;False;;False;6.26736258137232E-08;314654.954807104;-1.22811449493714E-11;;0.5;;-2.4734607670631E-20;8.35242704926889E-22;2.89005658236459E-11;0.971210878220407;-2.25011719413472E-09;-7.50039064711573E-10;9.64457405512935E-06;5.61591344234586E-08;paraboloid;0.000000032;analytical;False;;False;1;189362.106872555;-0.000320283153918206;0.0100000000120487;-5.39215735729482E-12;0.5;5,00E-07;5;162;3.37709819743726E-11;2.03304829513538E-20;1.4258500254709E-10;0.980462102459274;1.74801222712501E-07;4.37003056781252E-08;9.82080056086841E-05;9.7568176688246E-05
C:/Users/rlolo/Documents/Thèse/MEB et AFM/AFM/Résultats AFM Dynamo/06062025/Plaque hydrophobique_ethanol_PEI 0.5_Incubation 1h/cell2/force mapp/map-data-2025.06.06-11.56.16.356.jpk-force-map;map-data-2025.06.06-11.56.16.356.jpk-force-map;233;0.142;7.801310208055;[2.5e-05, 2.5e-05];[32, 32];1.32414207304826E-05;paraboloid;0.000000032;False;;False;-4.85636136729322E-07;8604.25295194728;1.60342431424036E-11;;0.5;;-8.43023131429271E-20;1.78560252065478E-21;4.22563902937151E-11;0.987534113769251;-1.63770838652919E-08;-5.45902795509729E-09;8.5310926015256E-06;5.94952560196128E-07;paraboloid;0.000000032;analytical;False;;False;1;5418.03309127432;0.000544444884009954;0.116241091575776;-7.39807310434235E-11;0.5;5,00E-07;5;148;1.48623716714864E-19;6.79440946777473E-21;8.24282079616847E-11;0.964709780961652;9.60017063281787E-09;2.40004265820447E-09;0.000100644531395749;9.7769703230672E-05
C:/Users/rlolo/Documents/Thèse/MEB et AFM/AFM/Résultats AFM Dynamo/06062025/Plaque hydrophobique_ethanol_PEI 0.5_Incubation 1h/cell2/force mapp/map-data-2025.06.06-11.56.16.356.jpk-force-map;map-data-2025.06.06-11.56.16.356.jpk-force-map;234;0.142;7.801310208055;[2.5e-05, 2.5e-05];[32, 32];1.27313835433545E-05;paraboloid;0.000000032;False;;False;-3.5216912141987E-07;9696.97047868493;3.73822203977994E-11;;0.5;;-1.28984513313053E-19;3.5159169109424E-21;5.9295167686266E-11;0.970779953932327;4.46440952550481E-08;1.4881365085016E-08;8.09310351864975E-06;5.31821024078847E-07;paraboloid;0.000000032;analytical;False;;False;1;6007.41525563656;0.000449616143789123;0.107473010944581;-1.84398918644444E-11;0.5;5,00E-07;5;157;3.13318364860245E-11;1.1344662232781E-20;1.06511324434451E-10;0.942160441122437;-5.71984606003762E-09;-1.4299615150094E-09;0.0001008578846132;9.7808021657753E-05
C:/Users/rlolo/Documents/Thèse/MEB et AFM/AFM/Résultats AFM Dynamo/06062025/Plaque hydrophobique_ethanol_PEI 0.5_Incubation 1h/cell2/force mapp/map-data-2025.06.06-11.56.16.356.jpk-force-map;map-data-2025.06.06-11.56.16.356.jpk-force-map;235;0.142;7.801310208055;[2.5e-05, 2.5e-05];[32, 32];1.19935645952448E-05;paraboloid;0.000000032;False;;False;-5.50847860881479E-07;5156.33341479492;5.0856727951605E-11;;0.5;;-9.98627567623875E-20;2.50310724983887E-21;5.00310628493826E-11;0.981696104511025;-2.42167240345133E-08;-8.07224134483777E-09;7.4284680355948E-06;8.03975711490421E-07;paraboloid;0.000000032;analytical;False;;False;1;3873.31641426903;0.00153240176772171;0.128218075503018;3.94877813187114E-12;0.5;5,00E-07;5;151;6.50209980240141E-10;1.14082380148533E-18;1.06809353592526E-09;0.396740663481763;-1.62263998877427E-07;-4.05659997193568E-08;0.000100794493635066;9.7793356580722E-05
C:/Users/rlolo/Documents/Thèse/MEB et AFM/AFM/Résultats AFM Dynamo/06062025/Plaque hydrophobique_ethanol_PEI 0.5_Incubation 1h/cell2/force mapp/map-data-2025.06.06-11.56.16.356.jpk-force-map;map-data-2025.06.06-11.56.16.356.jpk-force-map;236;0.142;7.801310208055;[2.5e-05, 2.5e-05];[32, 32];9.4304402771267E-06;paraboloid;0.000000032;False;;False;-1.99191436253815E-08;29149.5102096707;2.75468605387135E-10;;0.5;;-1.49699391593034E-20;3.34619939765132E-21;5.78463429928922E-11;0.949430539868689;8.81009498005177E-09;2.93669832668392E-09;4.8429676483294E-06;2.50968294803969E-07;paraboloid;0.000000032;analytical;False;;False;1;5631.41488263249;-0.000425316211433342;0.179789915490048;-9.3699797166233E-11;0.5;5,00E-07;5;144;2.82575672871451E-10;4.36552551622425E-19;6.6072123594026E-10;0.346825115191871;-6.46819900079578E-08;-1.61704975019895E-08;0.000100424555240284;9.7796194982728E-05
C:/Users/rlolo/Documents/Thèse/MEB et AFM/AFM/Résultats AFM Dynamo/06062025/Plaque hydrophobique_ethanol_PEI 0.5_Incubation 1h/cell2/force mapp/map-data-2025.06.06-11.56.16.356.jpk-force-map;map-data-2025.06.06-11.56.16.356.jpk-force-map;237;0.142;7.801310208055;[2.5e-05, 2.5e-05];[32, 32];5.73235726355945E-06;paraboloid;0.000000032;False;;False;8.69614115938411E-08;9244109.6014503;-3.10194405391523E-11;;0.5;;-2.09931484529872E-19;5.98164156997937E-22;2.44573947303865E-11;0.954387256859171;1.02270863494292E-08;3.40902878314308E-09;1.0157609968392E-06;6.37152070064329E-09;paraboloid;0.000000032;analytical;False;;False;1;489792.090701657;-0.000570043482066709;0.0100016687943768;-4.41870169399578E-11;0.5;5,00E-07;5;156;4.15003233229015E-11;1.79741613382361E-19;4.23959447804105E-10;0.966102078952615;1.81276955941867E-07;4.53192389854668E-08;0.000100295881016012;9.7646232743411E-05
C:/Users/rlolo/Documents/Thèse/MEB et AFM/AFM/Résultats AFM Dynamo/06062025/Plaque hydrophobique_ethanol_PEI 0.5_Incubation 1h/cell2/force mapp/map-data-2025.06.06-11.56.16.356.jpk-force-map;map-data-2025.06.06-11.56.16.356.jpk-force-map;238;0.142;7.801310208055;[2.5e-05, 2.5e-05];[32, 32];5.7120390358665E-06;paraboloid;0.000000032;False;;False;1.11170718075344E-07;11701738.1516414;-8.6236434105495E-12;;0.5;;-5.68720577833539E-19;6.8019305389091E-22;2.60805109975037E-11;0.930348771363318;20260.1598306258;6753.3866102086;1.03172700812295E-06;5.20325915291246E-09;paraboloid;0.000000032;analytical;False;;False;1;502048.044296718;-0.000502977162340891;0.0130911695291031;1.0370314431678E-10;0.5;5,00E-07;5;156;1.28160725355666E-10;1.74446167372148E-19;4.17667532101968E-10;0.971345642610987;8.43970383039165E-08;2.10992595759791E-08;9.9668594172686E-05;9.7406387773904E-05
C:/Users/rlolo/Documents/Thèse/MEB et AFM/AFM/Résultats AFM Dynamo/06062025/Plaque hydrophobique_ethanol_PEI 0.5_Incubation 1h/cell2/force mapp/map-data-2025.06.06-11.56.16.356.jpk-force-map;map-data-2025.06.06-11.56.16.356.jpk-force-map;239;0.142;7.801310208055;[2.5e-05, 2.5e-05];[32, 32];5.6993135335396E-06;paraboloid;0.000000032;False;;False;8.60470349547703E-08;13578858.793536;-1.33598420948823E-11;;0.5;;-2.50460537585622E-19;6.27989883818976E-22;2.50597263316856E-11;0.937837830420815;1.44001822779513E-09;4.80006075931711E-10;9.99298265204402E-07;4.78830611677829E-09;paraboloid;0.000000032;analytical;False;;False;1;455262.999149426;-0.000622439904625077;0.0100030168761056;7.17164693253511E-11;0.5;5,00E-07;5;156;1.01604882493002E-10;2.01978600155012E-19;4.49420293439239E-10;0.961637526419037;3.01912455479914E-07;7.54781138699784E-08;9.9630275745605E-05;9.7279132750635E-05
C:/Users/rlolo/Documents/Thèse/MEB et AFM/AFM/Résultats AFM Dynamo/06062025/Plaque hydrophobique_ethanol_PEI 0.5_Incubation 1h/cell2/force mapp/map-data-2025.06.06-11.56.16.356.jpk-force-map;map-data-2025.06.06-11.56.16.356.jpk-force-map;240;0.142;7.801310208055;[2.5e-05, 2.5e-05];[32, 32];5.73694601346915E-06;paraboloid;0.000000032;False;;False;6.37127206841882E-08;202368.531299858;-1.61727187439142E-11;;0.5;;-2.59250586905967E-22;5.99696866162524E-22;2.44887089525464E-11;0.983087308608534;4.42086104001325E-08;1.47362034667108E-08;1.0869102737896E-06;7.54448810520968E-08;paraboloid;0.000000032;analytical;False;;False;1;91214.869338337;-0.000698209341861711;0.010000000042319;-5.67309324585098E-11;0.5;5,00E-07;5;137;1.06982694564495E-16;4.7352821998031E-20;2.1760703572732E-10;0.815949478097202;5.17641677107921E-08;1.2941041927698E-08;9.9090979364465E-05;9.7257371668589E-05
C:/Users/rlolo/Documents/Thèse/MEB et AFM/AFM/Résultats AFM Dynamo/06062025/Plaque hydrophobique_ethanol_PEI 0.5_Incubation 1h/cell2/force mapp/map-data-2025.06.06-11.56.16.356.jpk-force-map;map-data-2025.06.06-11.56.16.356.jpk-force-map;241;0.142;7.801310208055;[2.5e-05, 2.5e-05];[32, 32];5.6686587918748E-06;paraboloid;0.000000032;False;;False;8.15953468793177E-08;7558883.46924412;-1.25109044675173E-11;;0.5;;-2.44144522464218E-19;9.19072749555494E-22;3.03162126519045E-11;0.924801373562634;6.61926014594015E-09;2.20642004864672E-09;9.69069283840501E-07;6.96706168438584E-09;paraboloid;0.000000032;analytical;False;;False;1;478762.673504312;-0.000481132861986987;0.0128546794938614;1.78826648148213E-10;0.5;5,00E-07;5;157;2.16123332004541E-10;1.81913850217077E-19;4.26513599099814E-10;0.972525905451801;2.67960821083724E-06;6.69902052709309E-07;0.000100040424835472;9.7237029787546E-05
C:/Users/rlolo/Documents/Thèse/MEB et AFM/AFM/Résultats AFM Dynamo/06062025/Plaque hydrophobique_ethanol_PEI 0.5_Incubation 1h/cell2/force mapp/map-data-2025.06.06-11.56.16.356.jpk-force-map;map-data-2025.06.06-11.56.16.356.jpk-force-map;242;0.142;7.801310208055;[2.5e-05, 2.5e-05];[32, 32];5.6652054027675E-06;paraboloid;0.000000032;False;;False;8.41205436713554E-08;8084398.33235471;-5.64022438194601E-12;;0.5;;-4.00068521978479E-20;6.53629324136296E-22;2.55661753912527E-11;0.939488564072357;-8666.7057212299;-2888.90190707663;9.68004883088252E-07;6.36124492775781E-09;paraboloid;0.000000032;analytical;False;;False;1;465470.514066381;-0.000553530499819583;0.0106637960763914;-1.98134233721279E-11;0.5;5,00E-07;5;157;1.03256510596444E-10;2.03443299745219E-19;4.51046893066806E-10;0.961894539219444;-5.71687643163366E-07;-1.42921910790841E-07;9.9556477293449E-05;0.0000972152687055
C:/Users/rlolo/Documents/Thèse/MEB et AFM/AFM/Résultats AFM Dynamo/06062025/Plaque hydrophobique_ethanol_PEI 0.5_Incubation 1h/cell2/force mapp/map-data-2025.06.06-11.56.16.356.jpk-force-map;map-data-2025.06.06-11.56.16.356.jpk-force-map;243;0.142;7.801310208055;[2.5e-05, 2.5e-05];[32, 32];5.6496888051347E-06;paraboloid;0.000000032;False;;False;8.64541299914456E-08;12545582.4259497;-5.34797276401276E-12;;0.5;;-3.11972910958478E-19;8.11841621222219E-22;2.84928345592751E-11;0.918065326358144;4.68154513520856E-09;1.56051504506952E-09;9.53741913008101E-07;4.45549001694704E-09;paraboloid;0.000000032;analytical;False;;False;1;436742.967606657;-0.00059662927457021;0.0100000749130983;8.87487561112951E-11;0.5;5,00E-07;5;156;1.44758738698646E-10;1.84837244008666E-19;4.2992702172423E-10;0.960383454084666;3.10267023955052E-07;7.75667559887629E-08;9.9669540306688E-05;9.7191142288449E-05
C:/Users/rlolo/Documents/Thèse/MEB et AFM/AFM/Résultats AFM Dynamo/06062025/Plaque hydrophobique_ethanol_PEI 0.5_Incubation 1h/cell2/force mapp/map-data-2025.06.06-11.56.16.356.jpk-force-map;map-data-2025.06.06-11.56.16.356.jpk-force-map;244;0.142;7.801310208055;[2.5e-05, 2.5e-05];[32, 32];5.65302392749175E-06;paraboloid;0.000000032;False;;False;8.58581297779052E-08;10992094.6512932;2.02756790693133E-10;;0.5;;-1.14520305378136E-19;3.14424675075669E-21;5.60735833593386E-11;0.654082918156159;3.87170469403213E-08;1.29056823134404E-08;9.56793195164551E-07;4.87982134012969E-09;paraboloid;0.000000032;analytical;False;;False;1;479345.589796741;-0.000596502442054232;0.0100608387828594;-1.00611357201737E-11;0.5;5,00E-07;5;156;9.61721362711359E-11;2.2370047251042E-19;4.72969843130003E-10;0.957051923502696;-9.48388146229394E-08;-2.37097036557349E-08;9.9524781804382E-05;9.7192561489452E-05
C:/Users/rlolo/Documents/Thèse/MEB et AFM/AFM/Résultats AFM Dynamo/06062025/Plaque hydrophobique_ethanol_PEI 0.5_Incubation 1h/cell2/force mapp/map-data-2025.06.06-11.56.16.356.jpk-force-map;map-data-2025.06.06-11.56.16.356.jpk-force-map;245;0.142;7.801310208055;[2.5e-05, 2.5e-05];[32, 32];5.6447216016242E-06;paraboloid;0.000000032;False;;False;8.55809822444604E-08;6267576.16383228;2.37852712487748E-10;;0.5;;-6.71542430149308E-19;2.23319059396654E-21;4.7256646029596E-11;0.744380776887905;1.06899339211547E-08;3.56331130705156E-09;9.50099297100401E-07;6.20670274250622E-09;paraboloid;0.000000032;analytical;False;;False;1;443333.507613913;-0.000627769664648708;0.010020019171797;1.46617576618542E-10;0.5;5,00E-07;5;156;2.38730363799221E-10;2.79507822886673E-19;5.28684994005573E-10;0.951726080642022;2.82070000208352E-07;7.05175000520879E-08;9.9615137601573E-05;9.7176477211418E-05
C:/Users/rlolo/Documents/Thèse/MEB et AFM/AFM/Résultats AFM Dynamo/06062025/Plaque hydrophobique_ethanol_PEI 0.5_Incubation 1h/cell2/force mapp/map-data-2025.06.06-11.56.16.356.jpk-force-map;map-data-2025.06.06-11.56.16.356.jpk-force-map;246;0.142;7.801310208055;[2.5e-05, 2.5e-05];[32, 32];5.6389028775119E-06;paraboloid;0.000000032;False;;False;8.32107346971279E-08;6114753.01053512;-5.12265586291456E-12;;0.5;;-6.85941592787674E-20;8.22492170530488E-22;2.86791242985292E-11;0.924236006823458;7.41038682517882E-09;2.47012894172627E-09;9.42648491834651E-07;7.3716178832762E-09;paraboloid;0.000000032;analytical;False;;False;1;447197.049201941;-0.000588093727108276;0.0100007615523082;2.78293009816111E-11;0.5;5,00E-07;5;157;9.21545044963267E-11;1.70584408829149E-19;4.13018654335551E-10;0.966943495921981;2.82695100300531E-07;7.06737750751327E-08;9.9595268787531E-05;9.7165123603394E-05
C:/Users/rlolo/Documents/Thèse/MEB et AFM/AFM/Résultats AFM Dynamo/06062025/Plaque hydrophobique_ethanol_PEI 0.5_Incubation 1h/cell2/force mapp/map-data-2025.06.06-11.56.16.356.jpk-force-map;map-data-2025.06.06-11.56.16.356.jpk-force-map;247;0.142;7.801310208055;[2.5e-05, 2.5e-05];[32, 32];5.6164795016645E-06;paraboloid;0.000000032;False;;False;9.02653083482742E-08;9057803.23871204;-1.47138732187266E-11;;0.5;;-1.64308671976208E-19;8.64650705623899E-22;2.94049435575704E-11;0.917898269715326;9.81208157860786E-09;3.27069385953595E-09;9.26209413549902E-07;5.39290726612291E-09;paraboloid;0.000000032;analytical;False;;False;1;446178.374388387;-0.00060640942784173;0.0100050156249858;1.37194723078718E-11;0.5;5,00E-07;5;157;6.83965658626792E-11;1.7009676270013E-19;4.12427887878754E-10;0.966827798824879;-1.06640826793314E-07;-2.66602066983286E-08;9.9710697135775E-05;9.7166069737396E-05
C:/Users/rlolo/Documents/Thèse/MEB et AFM/AFM/Résultats AFM Dynamo/06062025/Plaque hydrophobique_ethanol_PEI 0.5_Incubation 1h/cell2/force mapp/map-data-2025.06.06-11.56.16.356.jpk-force-map;map-data-2025.06.06-11.56.16.356.jpk-force-map;248;0.142;7.801310208055;[2.5e-05, 2.5e-05];[32, 32];5.6103296306515E-06;paraboloid;0.000000032;False;;False;8.12950811018696E-08;4985060.34314542;-1.29712908640577E-11;;0.5;;-2.24902150821123E-19;6.49386776091186E-22;2.54830684198584E-11;0.947827861843102;-3.60074869990511E-10;-1.20024956663504E-10;9.14098898324302E-07;9.00682683207702E-09;paraboloid;0.000000032;analytical;False;;False;1;450978.120232279;-0.000508034917639576;0.010070896591286;6.11348530035179E-11;0.5;5,00E-07;5;158;8.11670773096947E-11;1.13844222494813E-19;3.37408094886316E-10;0.977156365241477;6.64490082694456E-08;1.66122520673614E-08;9.959952639054E-05;9.7164177469392E-05
C:/Users/rlolo/Documents/Thèse/MEB et AFM/AFM/Résultats AFM Dynamo/06062025/Plaque hydrophobique_ethanol_PEI 0.5_Incubation 1h/cell2/force mapp/map-data-2025.06.06-11.56.16.356.jpk-force-map;map-data-2025.06.06-11.56.16.356.jpk-force-map;249;0.142;7.801310208055;[2.5e-05, 2.5e-05];[32, 32];5.6016725045332E-06;paraboloid;0.000000032;False;;False;8.49551020214495E-08;8456240.08975;-1.0276511505451E-11;;0.5;;-3.29843768356732E-19;8.25320420732422E-22;2.87283905002077E-11;0.912250514076258;1.83865308318165E-08;6.1288436106055E-09;9.06080412657352E-07;5.66195030009672E-09;paraboloid;0.000000032;analytical;False;;False;1;434248.448797529;-0.000731616700177015;0.0100000609432671;-2.37516158902855E-11;0.5;5,00E-07;5;156;1.86032557857557E-11;2.54294412516216E-19;5.04276127251942E-10;0.951294663654369;3.36668986168414E-07;8.41672465421036E-08;9.9606622395555E-05;9.715850066538E-05
C:/Users/rlolo/Documents/Thèse/MEB et AFM/AFM/Résultats AFM Dynamo/06062025/Plaque hydrophobique_ethanol_PEI 0.5_Incubation 1h/cell2/force mapp/map-data-2025.06.06-11.56.16.356.jpk-force-map;map-data-2025.06.06-11.56.16.356.jpk-force-map;250;0.142;7.801310208055;[2.5e-05, 2.5e-05];[32, 32];5.588332015105E-06;paraboloid;0.000000032;False;;False;8.87152513025593E-08;9347903.5477751;-1.65501910537751E-11;;0.5;;-3.08658278100746E-19;5.65053723854656E-22;2.37708587109228E-11;0.948230089105623;-7.18982784160573E-09;-2.39660928053524E-09;8.96784646087702E-07;5.85521758300218E-09;paraboloid;0.000000032;analytical;False;;False;1;455862.085274855;-0.000575186379117356;0.0100289701809376;5.89000197860966E-12;0.5;5,00E-07;5;157;5.61573174597431E-11;1.5062484600868E-19;3.88104169017392E-10;0.969165946561012;2.91007447120127E-07;7.27518617800317E-08;9.964683309064E-05;0.0000971679620054
C:/Users/rlolo/Documents/Thèse/MEB et AFM/AFM/Résultats AFM Dynamo/06062025/Plaque hydrophobique_ethanol_PEI 0.5_Incubation 1h/cell2/force mapp/map-data-2025.06.06-11.56.16.356.jpk-force-map;map-data-2025.06.06-11.56.16.356.jpk-force-map;251;0.142;7.801310208055;[2.5e-05, 2.5e-05];[32, 32];5.5693620283649E-06;paraboloid;0.000000032;False;;False;8.46845798610456E-08;7821731.35679216;-1.63867222482819E-11;;0.5;;-1.8579979138267E-19;7.11564732673547E-22;2.66751707149841E-11;0.937914200605144;4.77261707969732E-10;1.59087235989911E-10;8.74455883640502E-07;6.6743508074134E-09;paraboloid;0.000000032;analytical;False;;False;1;485637.734216212;-0.000591098874683973;0.0100004238880027;6.1875431211752E-11;0.5;5,00E-07;5;157;1.16404440501186E-10;2.08637252645126E-19;4.56768270182077E-10;0.964793990203912;4.45406879520231E-07;1.11351719880058E-07;9.971306247078E-05;0.0000971679620054
C:/Users/rlolo/Documents/Thèse/MEB et AFM/AFM/Résultats AFM Dynamo/06062025/Plaque hydrophobique_ethanol_PEI 0.5_Incubation 1h/cell2/force mapp/map-data-2025.06.06-11.56.16.356.jpk-force-map;map-data-2025.06.06-11.56.16.356.jpk-force-map;252;0.142;7.801310208055;[2.5e-05, 2.5e-05];[32, 32];5.5600899151453E-06;paraboloid;0.000000032;False;;False;8.51309951203895E-08;4977808.60875368;-1.27699200274617E-11;;0.5;;-2.07692942993794E-20;5.10892157434186E-22;2.26029236479307E-11;0.960337866734716;8.1129617835182E-09;2.70432059450607E-09;8.68022172426902E-07;9.14708779435763E-09;paraboloid;0.000000032;analytical;False;;False;1;436176.187251581;-0.000609504766708492;0.0100001897343278;8.48554077642588E-12;0.5;5,00E-07;5;157;5.43433715536306E-11;1.7074482104287E-19;4.13212803580516E-10;0.964015471940871;2.48659177055826E-07;6.21647942639565E-08;9.9620341338584E-05;0.0000971679620054
C:/Users/rlolo/Documents/Thèse/MEB et AFM/AFM/Résultats AFM Dynamo/06062025/Plaque hydrophobique_ethanol_PEI 0.5_Incubation 1h/cell2/force mapp/map-data-2025.06.06-11.56.16.356.jpk-force-map;map-data-2025.06.06-11.56.16.356.jpk-force-map;253;0.142;7.801310208055;[2.5e-05, 2.5e-05];[32, 32];5.5405995547041E-06;paraboloid;0.000000032;False;;False;7.82704582544905E-08;2803897.45865971;-1.95278171782683E-11;;0.5;;-5.48079191961181E-20;6.87838364902462E-22;2.62266727760588E-11;0.950416864693433;1.7103722734921E-08;5.70124091164034E-09;8.45977250180302E-07;1.28181846947642E-08;paraboloid;0.000000032;analytical;False;;False;1;454949.980476302;-0.000543466978434425;0.0100000578060251;4.31238529149462E-12;0.5;5,00E-07;5;158;4.92874121402793E-11;1.56630204537368E-19;3.95765340242634E-10;0.969519526457483;1.97923598978131E-07;4.94808997445329E-08;9.9712589403779E-05;9.7160392933384E-05
C:/Users/rlolo/Documents/Thèse/MEB et AFM/AFM/Résultats AFM Dynamo/06062025/Plaque hydrophobique_ethanol_PEI 0.5_Incubation 1h/cell2/force mapp/map-data-2025.06.06-11.56.16.356.jpk-force-map;map-data-2025.06.06-11.56.16.356.jpk-force-map;254;0.142;7.801310208055;[2.5e-05, 2.5e-05];[32, 32];5.5422079825075E-06;paraboloid;0.000000032;False;;False;8.3452254602527E-08;3536397.83669209;-1.44080848787771E-11;;0.5;;3.39833368323869E-23;4.43767728838181E-22;2.10657952339374E-11;0.966088435525606;8.94565609126143E-09;2.98188536375381E-09;8.50707920190301E-07;1.16767336234244E-08;paraboloid;0.000000032;analytical;False;;False;1;443014.988767809;-0.00051471682568028;0.0100000000046556;-6.27706861270286E-11;0.5;5,00E-07;5;158;6.83227788646606E-17;1.16174251987269E-19;3.40843442048206E-10;0.973913065850216;1.87655396302401E-07;4.69138490756003E-08;9.9520997268374E-05;9.7160392933384E-05
C:/Users/rlolo/Documents/Thèse/MEB et AFM/AFM/Résultats AFM Dynamo/06062025/Plaque hydrophobique_ethanol_PEI 0.5_Incubation 1h/cell2/force mapp/map-data-2025.06.06-11.56.16.356.jpk-force-map;map-data-2025.06.06-11.56.16.356.jpk-force-map;255;0.142;7.801310208055;[2.5e-05, 2.5e-05];[32, 32];5.52889114642935E-06;paraboloid;0.000000032;False;;False;8.22409159910973E-08;6355968.43761047;-1.5920488564335E-11;;0.5;;-2.6332907847862E-19;7.80543494418841E-22;2.79382085041049E-11;0.930573455068494;4.23442599857159E-09;1.4114753328572E-09;8.33038867702953E-07;6.93690141410712E-09;paraboloid;0.000000032;analytical;False;;False;1;481735.052136672;-0.000485186872331973;0.0100591427588079;-1.5806526007518E-11;0.5;5,00E-07;5;158;6.21504066721766E-11;1.27556155396526E-19;3.57150046054212E-10;0.976227784633009;7.53880859868228E-07;1.88470214967057E-07;9.9642575487631E-05;9.7160866000385E-05
C:/Users/rlolo/Documents/Thèse/MEB et AFM/AFM/Résultats AFM Dynamo/06062025/Plaque hydrophobique_ethanol_PEI 0.5_Incubation 1h/cell2/force mapp/map-data-2025.06.06-11.56.16.356.jpk-force-map;map-data-2025.06.06-11.56.16.356.jpk-force-map;256;0.142;7.801310208055;[2.5e-05, 2.5e-05];[32, 32];5.5316585883852E-06;paraboloid;0.000000032;False;;False;8.65121879934407E-08;18952365.9879258;-1.09868362842425E-11;;0.5;;-8.50416121579076E-19;7.45542854170319E-22;2.73046306360353E-11;0.933408199606809;1.18982882383864E-08;3.96609607946213E-09;8.37130897261601E-07;3.83501700691437E-09;paraboloid;0.000000032;analytical;False;;False;1;476874.597966425;-0.000549987788363465;0.0103685744561375;1.3769308334195E-10;0.5;5,00E-07;5;157;1.64767594436175E-10;1.76447569296056E-19;4.20056626297046E-10;0.971397604217794;4.30231230744299E-07;1.07557807686075E-07;9.9512008995355E-05;9.7160866000385E-05
C:/Users/rlolo/Documents/Thèse/MEB et AFM/AFM/Résultats AFM Dynamo/06062025/Plaque hydrophobique_ethanol_PEI 0.5_Incubation 1h/cell2/force mapp/map-data-2025.06.06-11.56.16.356.jpk-force-map;map-data-2025.06.06-11.56.16.356.jpk-force-map;257;0.142;7.801310208055;[2.5e-05, 2.5e-05];[32, 32];5.54833420017045E-06;paraboloid;0.000000032;False;;False;8.17196527068482E-08;5757744.56936163;-1.26485037634089E-11;;0.5;;-2.20556810337385E-19;6.95167758973862E-22;2.63660341912443E-11;0.943048788557384;2.06272257771223E-08;6.87574192570743E-09;8.52718454944551E-07;8.13351021729961E-09;paraboloid;0.000000032;analytical;False;;False;1;445063.380727439;-0.000590436985705727;0.0100013042898778;-2.00422497646008E-12;0.5;5,00E-07;5;157;7.19910644835674E-11;1.45627793996919E-19;3.81612098860767E-10;0.970948148709085;-2.93043311820198E-08;-7.32608279550495E-09;9.9331770467974E-05;9.717742334542E-05
C:/Users/rlolo/Documents/Thèse/MEB et AFM/AFM/Résultats AFM Dynamo/06062025/Plaque hydrophobique_ethanol_PEI 0.5_Incubation 1h/cell2/force mapp/map-data-2025.06.06-11.56.16.356.jpk-force-map;map-data-2025.06.06-11.56.16.356.jpk-force-map;258;0.142;7.801310208055;[2.5e-05, 2.5e-05];[32, 32];5.5507704952256E-06;paraboloid;0.000000032;False;;False;8.41577811974827E-08;9392953.01713801;-1.62869414553036E-11;;0.5;;-1.99829596720165E-19;6.91977226112361E-22;2.63054600057167E-11;0.938733973543683;4.2672252925128E-08;1.4224084308376E-08;8.55367630150151E-07;5.86878537379307E-09;paraboloid;0.000000032;analytical;False;;False;1;468353.268458775;-0.000597126130146224;0.0100014690296835;5.01702293093429E-12;0.5;5,00E-07;5;157;7.88232570089954E-11;1.82971492449483E-19;4.27751671474798E-10;0.96864909050002;-2.89329666669153E-06;-7.23324166672884E-07;9.9468013764262E-05;9.7185465484437E-05
C:/Users/rlolo/Documents/Thèse/MEB et AFM/AFM/Résultats AFM Dynamo/06062025/Plaque hydrophobique_ethanol_PEI 0.5_Incubation 1h/cell2/force mapp/map-data-2025.06.06-11.56.16.356.jpk-force-map;map-data-2025.06.06-11.56.16.356.jpk-force-map;259;0.142;7.801310208055;[2.5e-05, 2.5e-05];[32, 32];5.55793746029075E-06;paraboloid;0.000000032;False;;False;8.54820353547068E-08;9941180.73116187;-1.17805435854969E-11;;0.5;;-4.16328583312502E-19;7.895886835175E-22;2.80996207005984E-11;0.925349395810134;-6.39348408675056E-09;-2.13116136225019E-09;8.63054968916402E-07;5.61013416887351E-09;paraboloid;0.000000032;analytical;False;;False;1;430319.88412878;-0.000826462394518019;0.0100000282347443;8.80614180891626E-11;0.5;5,00E-07;5;155;1.71630479468744E-10;4.74487636284378E-19;6.88830629606711E-10;0.925097240590068;-1.80175221928855E-05;-4.50438054822138E-06;9.9422599332166E-05;9.7181680948429E-05
C:/Users/rlolo/Documents/Thèse/MEB et AFM/AFM/Résultats AFM Dynamo/06062025/Plaque hydrophobique_ethanol_PEI 0.5_Incubation 1h/cell2/force mapp/map-data-2025.06.06-11.56.16.356.jpk-force-map;map-data-2025.06.06-11.56.16.356.jpk-force-map;260;0.142;7.801310208055;[2.5e-05, 2.5e-05];[32, 32];5.5709704561683E-06;paraboloid;0.000000032;False;;False;8.92198350791134E-08;17428647.7003726;-1.14786083512214E-11;;0.5;;-1.0320617563236E-18;8.83176154840224E-22;2.97182798095755E-11;0.916665972915597;9.28562109017269E-10;3.09520703005756E-10;8.78902713449902E-07;3.59244322126329E-09;paraboloid;0.000000032;analytical;False;;False;1;474081.324465449;-0.000687670012212946;0.0100143288278994;4.80810472481314E-11;0.5;5,00E-07;5;156;1.38178827920738E-10;2.65978378153555E-19;5.15730916422076E-10;0.960151884578159;-6.48086962946005E-06;-1.62021740736501E-06;9.9349747014012E-05;9.7173638809412E-05
C:/Users/rlolo/Documents/Thèse/MEB et AFM/AFM/Résultats AFM Dynamo/06062025/Plaque hydrophobique_ethanol_PEI 0.5_Incubation 1h/cell2/force mapp/map-data-2025.06.06-11.56.16.356.jpk-force-map;map-data-2025.06.06-11.56.16.356.jpk-force-map;261;0.142;7.801310208055;[2.5e-05, 2.5e-05];[32, 32];5.5871020409024E-06;paraboloid;0.000000032;False;;False;9.14370454820106E-08;8310055.84188255;-1.3523178403837E-11;;0.5;;-9.57155168888484E-20;5.43434919825071E-22;2.33116906256297E-11;0.946723796783553;-5.6513606410234E-09;-1.88378688034113E-09;8.98393073891101E-07;6.32124814993388E-09;paraboloid;0.000000032;analytical;False;;False;1;443354.02594057;-0.000730010063591743;0.0100001796664661;-3.36647342061428E-11;0.5;5,00E-07;5;156;4.05075655930069E-11;2.71393952625826E-19;5.20954847012508E-10;0.952545463865967;2.08757235266117E-06;5.21893088165292E-07;9.9329405132969E-05;9.7184046283434E-05
C:/Users/rlolo/Documents/Thèse/MEB et AFM/AFM/Résultats AFM Dynamo/06062025/Plaque hydrophobique_ethanol_PEI 0.5_Incubation 1h/cell2/force mapp/map-data-2025.06.06-11.56.16.356.jpk-force-map;map-data-2025.06.06-11.56.16.356.jpk-force-map;262;0.142;7.801310208055;[2.5e-05, 2.5e-05];[32, 32];5.6041324529384E-06;paraboloid;0.000000032;False;;False;8.67813172752479E-08;8186478.30590872;-1.21918606186227E-11;;0.5;;-1.41276425364325E-19;6.60460682749589E-22;2.56994296191489E-11;0.943341576307712;5.41587615832686E-09;1.80529205277562E-09;9.11544336518902E-07;6.59707990961435E-09;paraboloid;0.000000032;analytical;False;;False;1;469475.996174004;-0.000540639476955764;0.011337648136799;8.16199880440875E-11;0.5;5,00E-07;5;157;1.4239462030221E-10;1.85399056060211E-19;4.30579906707467E-10;0.968113631538661;3.12644433283403E-07;7.81611083208508E-08;9.9327039797964E-05;9.7174584943414E-05
C:/Users/rlolo/Documents/Thèse/MEB et AFM/AFM/Résultats AFM Dynamo/06062025/Plaque hydrophobique_ethanol_PEI 0.5_Incubation 1h/cell2/force mapp/map-data-2025.06.06-11.56.16.356.jpk-force-map;map-data-2025.06.06-11.56.16.356.jpk-force-map;263;0.142;7.801310208055;[2.5e-05, 2.5e-05];[32, 32];5.6184190763686E-06;paraboloid;0.000000032;False;;False;8.16386186690041E-08;5571948.34394818;-1.38922685621891E-11;;0.5;;-9.05233965326632E-20;1.07666568105236E-21;3.28125841873566E-11;0.912312340539732;1.16973232071903E-08;3.89910773573011E-09;9.22803331142702E-07;7.82363367188996E-09;paraboloid;0.000000032;analytical;False;;False;1;441963.717803264;-0.000623759905919299;0.010032812052546;9.66849344084267E-11;0.5;5,00E-07;5;157;1.61834697666374E-10;2.33553702305195E-19;4.83273941264368E-10;0.961790424631676;1.11514299235115E-06;2.78785748087788E-07;9.9342177941996E-05;9.7175058010415E-05
C:/Users/rlolo/Documents/Thèse/MEB et AFM/AFM/Résultats AFM Dynamo/06062025/Plaque hydrophobique_ethanol_PEI 0.5_Incubation 1h/cell2/force mapp/map-data-2025.06.06-11.56.16.356.jpk-force-map;map-data-2025.06.06-11.56.16.356.jpk-force-map;264;0.142;7.801310208055;[2.5e-05, 2.5e-05];[32, 32];5.6202640376725E-06;paraboloid;0.000000032;False;;False;8.1411019514096E-08;3522852.49796665;-1.09363094141776E-11;;0.5;;-2.1879395064365E-23;5.04838980049553E-22;2.24686221217402E-11;0.961481517505443;1.91867713429361E-09;6.39559044764537E-10;9.27037280801652E-07;1.1813365971105E-08;paraboloid;0.000000032;analytical;False;;False;1;448347.236595117;-0.000508290695493303;0.0100001291083271;-1.36827553602434E-11;0.5;5,00E-07;5;158;5.38234155088381E-11;1.36042433490283E-19;3.68839305782726E-10;0.973337291194903;2.59069446021083E-07;6.47673615052706E-08;9.9496397784322E-05;9.7183100149432E-05
C:/Users/rlolo/Documents/Thèse/MEB et AFM/AFM/Résultats AFM Dynamo/06062025/Plaque hydrophobique_ethanol_PEI 0.5_Incubation 1h/cell2/force mapp/map-data-2025.06.06-11.56.16.356.jpk-force-map;map-data-2025.06.06-11.56.16.356.jpk-force-map;265;0.142;7.801310208055;[2.5e-05, 2.5e-05];[32, 32];5.6454312021257E-06;paraboloid;0.000000032;False;;False;8.64724120533448E-08;19102653.6972437;-6.69801781545431E-12;;0.5;;-5.31774649655925E-19;6.37136357173555E-22;2.52415601176622E-11;0.943956941745165;7.10605951702919E-09;2.3686865056764E-09;9.50288523900802E-07;3.72622459298236E-09;paraboloid;0.000000032;analytical;False;;False;1;526845.124133559;-0.000436146360544452;0.014757429259769;9.29960363151037E-11;0.5;5,00E-07;5;156;1.04037660346129E-10;2.26392531253489E-19;4.75807241699292E-10;0.952976347226466;2.61192877705362E-07;6.52982194263405E-08;9.9195527171686E-05;9.7171746541408E-05
C:/Users/rlolo/Documents/Thèse/MEB et AFM/AFM/Résultats AFM Dynamo/06062025/Plaque hydrophobique_ethanol_PEI 0.5_Incubation 1h/cell2/force mapp/map-data-2025.06.06-11.56.16.356.jpk-force-map;map-data-2025.06.06-11.56.16.356.jpk-force-map;266;0.142;7.801310208055;[2.5e-05, 2.5e-05];[32, 32];5.6427820269201E-06;paraboloid;0.000000032;False;;False;8.60461837348009E-08;12421762.6849124;1.60789733464561E-10;;0.5;;-6.25825930734145E-19;9.07100992280975E-21;9.52418496397973E-11;0.414779980167408;1.83495480742792E-07;6.11651602475973E-08;9.47213588394302E-07;4.08704932639432E-09;paraboloid;0.000000032;analytical;False;;False;1;457163.622776876;-0.000627725351673396;0.0100001440003841;-2.97088541902818E-11;0.5;5,00E-07;5;156;1.7907255437478E-10;2.42208179943997E-19;4.92146502521349E-10;0.957737986908118;-8.46900040153884E-08;-2.11725010038471E-08;9.9520051134372E-05;9.7145254789352E-05
C:/Users/rlolo/Documents/Thèse/MEB et AFM/AFM/Résultats AFM Dynamo/06062025/Plaque hydrophobique_ethanol_PEI 0.5_Incubation 1h/cell2/force mapp/map-data-2025.06.06-11.56.16.356.jpk-force-map;map-data-2025.06.06-11.56.16.356.jpk-force-map;267;0.142;7.801310208055;[2.5e-05, 2.5e-05];[32, 32];5.65482158209555E-06;paraboloid;0.000000032;False;;False;8.00486188780152E-08;3597795.9414286;2.8873961587177E-10;;0.5;;-1.18578962220036E-19;1.50655137135601E-21;3.88143191535805E-11;0.813733091205999;5.69049305651052E-09;1.89683101883684E-09;9.59324103619902E-07;9.34119462989393E-09;paraboloid;0.000000032;analytical;False;;False;1;442432.343600945;-0.000568196976786544;0.0100002124471634;5.69529638025855E-12;0.5;5,00E-07;5;157;8.90985082305759E-11;1.6371124708277E-19;4.04612465308188E-10;0.967562062582552;6.07742063372953E-08;1.51935515843238E-08;9.9402730518124E-05;9.7165596670395E-05
C:/Users/rlolo/Documents/Thèse/MEB et AFM/AFM/Résultats AFM Dynamo/06062025/Plaque hydrophobique_ethanol_PEI 0.5_Incubation 1h/cell2/force mapp/map-data-2025.06.06-11.56.16.356.jpk-force-map;map-data-2025.06.06-11.56.16.356.jpk-force-map;268;0.142;7.801310208055;[2.5e-05, 2.5e-05];[32, 32];5.6518176066392E-06;paraboloid;0.000000032;False;;False;7.76414913915025E-08;3173043.144193;-7.15380112386014E-12;;0.5;;-5.20778449261931E-20;7.33604996952325E-22;2.70851434729876E-11;0.943822965094723;1.50924153600428E-08;5.03080512001426E-09;9.56036287962951E-07;1.15778895218352E-08;paraboloid;0.000000032;analytical;False;;False;1;446268.012383433;-0.000591712463712745;0.0100000054164791;2.66457816199527E-11;0.5;5,00E-07;5;157;8.40664701688844E-11;2.06826474792266E-19;4.54781788105314E-10;0.958815491555419;2.42756111909738E-07;6.06890279774345E-08;9.9506332191343E-05;9.7142889454347E-05
C:/Users/rlolo/Documents/Thèse/MEB et AFM/AFM/Résultats AFM Dynamo/06062025/Plaque hydrophobique_ethanol_PEI 0.5_Incubation 1h/cell2/force mapp/map-data-2025.06.06-11.56.16.356.jpk-force-map;map-data-2025.06.06-11.56.16.356.jpk-force-map;269;0.142;7.801310208055;[2.5e-05, 2.5e-05];[32, 32];5.670172606278E-06;paraboloid;0.000000032;False;;False;8.17924723857382E-08;5580405.69818762;-1.05119751463856E-11;;0.5;;-1.25319411138271E-19;6.64231079237267E-22;2.57726808702018E-11;0.942070743129587;4.01239097491818E-09;1.33746365830606E-09;9.74509554352002E-07;8.05053596735991E-09;paraboloid;0.000000032;analytical;False;;False;1;430288.587262461;-0.000665922743271003;0.0100000409707198;4.07580290269642E-12;0.5;5,00E-07;5;156;7.85546060943982E-11;2.19846710947944E-19;4.6887814082973E-10;0.95597792367802;-1.67535164053284E-07;-4.18837910133211E-08;9.9350220081013E-05;9.7170800407406E-05
C:/Users/rlolo/Documents/Thèse/MEB et AFM/AFM/Résultats AFM Dynamo/06062025/Plaque hydrophobique_ethanol_PEI 0.5_Incubation 1h/cell2/force mapp/map-data-2025.06.06-11.56.16.356.jpk-force-map;map-data-2025.06.06-11.56.16.356.jpk-force-map;270;0.142;7.801310208055;[2.5e-05, 2.5e-05];[32, 32];5.6842226962077E-06;paraboloid;0.000000032;False;;False;8.62416326131421E-08;11802852.1275028;-6.6182340408496E-12;;0.5;;-3.23568655630646E-19;5.6604304079681E-22;2.37916590593596E-11;0.95046883927865;7.78137299290511E-09;2.59379099763504E-09;9.90404605585602E-07;5.06108762236481E-09;paraboloid;0.000000032;analytical;False;;False;1;449946.259981161;-0.000592808150153456;0.0100624056659912;9.58218585116399E-12;0.5;5,00E-07;5;156;6.69847942762513E-11;1.62142259871401E-19;4.02668920915684E-10;0.965126616355864;1.97947800177372E-08;4.9486950044343E-09;9.9352585416018E-05;9.7162285201388E-05
C:/Users/rlolo/Documents/Thèse/MEB et AFM/AFM/Résultats AFM Dynamo/06062025/Plaque hydrophobique_ethanol_PEI 0.5_Incubation 1h/cell2/force mapp/map-data-2025.06.06-11.56.16.356.jpk-force-map;map-data-2025.06.06-11.56.16.356.jpk-force-map;271;0.142;7.801310208055;[2.5e-05, 2.5e-05];[32, 32];5.6978470258365E-06;paraboloid;0.000000032;False;;False;8.74347848125538E-08;21033032.0151513;-8.16332235463433E-12;;0.5;;-1.82438630658339E-19;5.5750956621982E-22;2.3611640481335E-11;0.942736174363087;1.62443991999253E-08;5.41479973330842E-09;1.0022785873107E-06;3.48426977954523E-09;paraboloid;0.000000032;analytical;False;;False;1;473807.956607491;-0.000621132296173639;0.0100846102265028;1.00039183857859E-11;0.5;5,00E-07;5;155;8.22635563960853E-11;1.83114417593306E-19;4.27918704420951E-10;0.960920906167159;2.83729994710307E-08;7.09324986775768E-09;9.9370561962056E-05;9.7175531077416E-05
C:/Users/rlolo/Documents/Thèse/MEB et AFM/AFM/Résultats AFM Dynamo/06062025/Plaque hydrophobique_ethanol_PEI 0.5_Incubation 1h/cell2/force mapp/map-data-2025.06.06-11.56.16.356.jpk-force-map;map-data-2025.06.06-11.56.16.356.jpk-force-map;272;0.142;7.801310208055;[2.5e-05, 2.5e-05];[32, 32];5.700448894342E-06;paraboloid;0.000000032;False;;False;7.97540732469834E-08;2735851.60853574;-3.75841679791994E-11;;0.5;;-2.44252957676567E-20;8.01838031082962E-22;2.83167447119714E-11;0.941938716466855;-1.30337856889199E-08;-4.34459522963996E-09;1.0078607779225E-06;1.3392181857963E-08;paraboloid;0.000000032;analytical;False;;False;1;455015.532195042;-0.000531486458965551;0.010000100893567;4.20786639351199E-11;0.5;5,00E-07;5;157;9.94043246772113E-11;1.63955872986661E-19;4.04914649014654E-10;0.966076719265412;6.40066466871374E-07;1.60016616717843E-07;9.9479367372286E-05;9.7176950278419E-05
C:/Users/rlolo/Documents/Thèse/MEB et AFM/AFM/Résultats AFM Dynamo/06062025/Plaque hydrophobique_ethanol_PEI 0.5_Incubation 1h/cell2/force mapp/map-data-2025.06.06-11.56.16.356.jpk-force-map;map-data-2025.06.06-11.56.16.356.jpk-force-map;273;0.142;7.801310208055;[2.5e-05, 2.5e-05];[32, 32];5.7043753504503E-06;paraboloid;0.000000032;False;;False;8.70770364680358E-08;11982740.5230052;-2.78109929354904E-10;;0.5;;-8.65718145283731E-20;6.62555887194178E-22;2.57401609784045E-11;0.934175949604326;-3.08350472503638E-09;-1.02783490834546E-09;1.0086176851241E-06;4.79111370046225E-09;paraboloid;0.000000032;analytical;False;;False;1;497897.379444614;-0.000590176403793314;0.0108995415287154;1.45238742761257E-10;0.5;5,00E-07;5;156;1.62176996619062E-10;2.91316037606343E-19;5.39737007816161E-10;0.95243790309272;3.30834179104363E-06;8.27085447760908E-07;0.0000994386836102;9.7166069737396E-05
C:/Users/rlolo/Documents/Thèse/MEB et AFM/AFM/Résultats AFM Dynamo/06062025/Plaque hydrophobique_ethanol_PEI 0.5_Incubation 1h/cell2/force mapp/map-data-2025.06.06-11.56.16.356.jpk-force-map;map-data-2025.06.06-11.56.16.356.jpk-force-map;274;0.142;7.801310208055;[2.5e-05, 2.5e-05];[32, 32];7.896898979985E-06;paraboloid;0.000000032;False;;False;1.88789327695974E-08;60481.6383735184;1.58395936005103E-11;;0.5;;-1.84180712227962E-19;6.08976933605687E-21;7.80369741600536E-11;0.912793258579639;-1.95832666759069E-08;-6.52775555863563E-09;3.2877598825419E-06;1.69579796312592E-07;paraboloid;0.000000032;analytical;False;;False;1;22648.6530964238;-0.000624254617800838;0.0779208615131206;-2.44877358338578E-10;0.5;5,00E-07;5;150;6.8913438799977E-10;2.31585724969622E-18;1.52179408912514E-09;0.180513064864183;-1.2005964041342E-06;-3.00149101033551E-07;9.63665784190907E-05;9.738084215585E-05
C:/Users/rlolo/Documents/Thèse/MEB et AFM/AFM/Résultats AFM Dynamo/06062025/Plaque hydrophobique_ethanol_PEI 0.5_Incubation 1h/cell2/force mapp/map-data-2025.06.06-11.56.16.356.jpk-force-map;map-data-2025.06.06-11.56.16.356.jpk-force-map;275;0.142;7.801310208055;[2.5e-05, 2.5e-05];[32, 32];1.22598776634578E-05;paraboloid;0.000000032;False;;False;-4.72389036702436E-07;7796.64138461198;-7.17249277798956E-11;;0.5;;1.2969509799657E-20;1.28049687944829E-21;3.57840310676185E-11;0.992393839278158;2.03208207955461E-09;6.77360693184869E-10;7.6673195643997E-06;6.68657997084618E-07;paraboloid;0.000000032;analytical;False;;False;1;7997.25563703532;-0.000537607954436959;0.0100001786173888;-7.37983766143678E-11;0.5;5,00E-07;5;100;3.82703046141259E-11;1.16155462132117E-20;1.07775443460984E-10;0.967321712249296;-5.18308792343826E-09;-1.29577198085956E-09;8.37128351769577E-05;9.7251694864577E-05
C:/Users/rlolo/Documents/Thèse/MEB et AFM/AFM/Résultats AFM Dynamo/06062025/Plaque hydrophobique_ethanol_PEI 0.5_Incubation 1h/cell2/force mapp/map-data-2025.06.06-11.56.16.356.jpk-force-map;map-data-2025.06.06-11.56.16.356.jpk-force-map;276;0.142;7.801310208055;[2.5e-05, 2.5e-05];[32, 32];1.32833817734713E-05;paraboloid;0.000000032;False;;False;-1.9198510791074E-07;8232.62496871473;2.737940331715E-11;;0.5;;-5.85806795087854E-20;2.40415470072683E-21;4.90321802567133E-11;0.980750152279276;-4.82275442270926E-08;-1.60758480756975E-08;8.8805945018644E-06;6.08249116594066E-07;paraboloid;0.000000032;analytical;False;;False;1;9972.5402312649;0.000782436842342048;0.0295621856094241;-1.08162865708739E-11;0.5;5,00E-07;5;149;1.15579192731135E-11;5.22367401238228E-21;7.22749888438752E-11;0.9729865226265;4.51226359288274E-09;1.12806589822068E-09;9.78398532646111E-05;9.7762134158656E-05
C:/Users/rlolo/Documents/Thèse/MEB et AFM/AFM/Résultats AFM Dynamo/06062025/Plaque hydrophobique_ethanol_PEI 0.5_Incubation 1h/cell2/force mapp/map-data-2025.06.06-11.56.16.356.jpk-force-map;map-data-2025.06.06-11.56.16.356.jpk-force-map;277;0.142;7.801310208055;[2.5e-05, 2.5e-05];[32, 32];1.37480281818535E-05;paraboloid;0.000000032;False;;False;-3.48600083446188E-07;10965.4568188718;3.10739051832477E-11;;0.5;;-2.46411941731586E-20;2.40760311100503E-21;4.90673324219386E-11;0.980859709985095;-8.92437755649222E-08;-2.97479251883074E-08;9.0856690467979E-06;5.01880997059721E-07;paraboloid;0.000000032;analytical;False;;False;1;17482.9557702574;0.00107011564218067;0.0100056102211612;-2.36466454930602E-11;0.5;5,00E-07;5;152;3.77215649442313E-11;6.96636243665652E-21;8.34647376839855E-11;0.968070336378732;1.20909470494396E-08;3.0227367623599E-09;9.81054018030573E-05;9.7699216247523E-05
C:/Users/rlolo/Documents/Thèse/MEB et AFM/AFM/Résultats AFM Dynamo/06062025/Plaque hydrophobique_ethanol_PEI 0.5_Incubation 1h/cell2/force mapp/map-data-2025.06.06-11.56.16.356.jpk-force-map;map-data-2025.06.06-11.56.16.356.jpk-force-map;278;0.142;7.801310208055;[2.5e-05, 2.5e-05];[32, 32];1.43056559092823E-05;paraboloid;0.000000032;False;;False;-7.69110158462222E-08;16169.4658557351;1.64586547208517E-11;;0.5;;-2.01640109463843E-19;2.45029765014519E-21;4.95004813122578E-11;0.974594844585393;2.64752731059437E-08;8.82509103531458E-09;9.7976348833029E-06;3.85627192576263E-07;paraboloid;0.000000032;analytical;False;;False;1;23710.0764391456;0.000568030256548127;0.0100000000128467;-5.24621249792266E-11;0.5;5,00E-07;5;158;3.98786766742429E-11;1.01660041023278E-20;1.00826604139621E-10;0.960447348458503;6.2850282768945E-09;1.57125706922363E-09;9.80591968739506E-05;9.7724288798576E-05
C:/Users/rlolo/Documents/Thèse/MEB et AFM/AFM/Résultats AFM Dynamo/06062025/Plaque hydrophobique_ethanol_PEI 0.5_Incubation 1h/cell2/force mapp/map-data-2025.06.06-11.56.16.356.jpk-force-map;map-data-2025.06.06-11.56.16.356.jpk-force-map;279;0.142;7.801310208055;[2.5e-05, 2.5e-05];[32, 32];1.47088272608845E-05;paraboloid;0.000000032;False;;False;-9.32054534195909E-08;30400.3502892623;1.62278321504404E-11;;0.5;;-8.3432206147374E-20;2.77753245039207E-21;5.27023002381496E-11;0.964075838146176;-1.34913002287025E-08;-4.49710007623418E-09;1.00533039439934E-05;2.52399103445598E-07;paraboloid;0.000000032;analytical;False;;False;1;41724.016332072;0.00028934550099826;0.0100000025118353;-5.06205095280921E-11;0.5;5,00E-07;5;146;2.70544407911918E-11;7.631047429556E-21;8.73558666006812E-11;0.975913121828064;-2.83781577154813E-09;-7.09453942887032E-10;9.81485284187855E-05;9.7671305294464E-05
C:/Users/rlolo/Documents/Thèse/MEB et AFM/AFM/Résultats AFM Dynamo/06062025/Plaque hydrophobique_ethanol_PEI 0.5_Incubation 1h/cell2/force mapp/map-data-2025.06.06-11.56.16.356.jpk-force-map;map-data-2025.06.06-11.56.16.356.jpk-force-map;280;0.142;7.801310208055;[2.5e-05, 2.5e-05];[32, 32];1.48764585526889E-05;paraboloid;0.000000032;False;;False;-5.66386109672664E-08;15803.1457822926;1.9880127189439E-11;;0.5;;-1.79986091826827E-19;2.81998034469237E-21;5.31034871236567E-11;0.971981659503222;-4.24343088656034E-08;-1.41447696218678E-08;1.04057625130884E-05;3.96776025484489E-07;paraboloid;0.000000032;analytical;False;;False;1;20852.5229817491;0.000535270006998358;0.0100009394841733;-7.81639336821511E-12;0.5;5,00E-07;5;144;3.85589607189163E-11;8.11708552336983E-21;9.00948695729664E-11;0.968037353361907;-4.97618010468022E-09;-1.24404502617006E-09;9.82458274163423E-05;9.7614064187343E-05
C:/Users/rlolo/Documents/Thèse/MEB et AFM/AFM/Résultats AFM Dynamo/06062025/Plaque hydrophobique_ethanol_PEI 0.5_Incubation 1h/cell2/force mapp/map-data-2025.06.06-11.56.16.356.jpk-force-map;map-data-2025.06.06-11.56.16.356.jpk-force-map;281;0.142;7.801310208055;[2.5e-05, 2.5e-05];[32, 32];1.5366130205424E-05;paraboloid;0.000000032;False;;False;1.48593621767277E-08;18772.6575903937;-4.24354536872055E-12;;0.5;;-3.82995534094683E-21;5.97865156626682E-22;2.44512812880365E-11;0.994503594811928;4.40424840860402E-09;1.46808280286801E-09;1.09404937976688E-05;3.74386074767308E-07;paraboloid;0.000000032;analytical;False;;False;1;17336.9355395828;-0.000347924521497824;0.0100000002086574;-5.18693466473987E-11;0.5;5,00E-07;5;157;9.77490643429229E-12;5.79875156772854E-21;7.61495342581197E-11;0.974172965098719;1.32303394726687E-09;3.30758486816717E-10;9.80889630385806E-05;9.766941302646E-05
C:/Users/rlolo/Documents/Thèse/MEB et AFM/AFM/Résultats AFM Dynamo/06062025/Plaque hydrophobique_ethanol_PEI 0.5_Incubation 1h/cell2/force mapp/map-data-2025.06.06-11.56.16.356.jpk-force-map;map-data-2025.06.06-11.56.16.356.jpk-force-map;282;0.142;7.801310208055;[2.5e-05, 2.5e-05];[32, 32];1.59015710905058E-05;paraboloid;0.000000032;False;;False;4.3036757533179E-08;24090.7901362412;-8.86041163692226E-13;;0.5;;-4.30481285547615E-20;1.07430004074979E-21;3.27765166048772E-11;0.987709542477827;2.12882022198408E-09;7.09606740661362E-10;1.14343520933627E-05;3.06368664140318E-07;paraboloid;0.000000032;analytical;False;;False;1;21222.5345842151;-0.000647692217291697;0.0100000000034714;-6.36937099669258E-11;0.5;5,00E-07;5;148;9.02658564140434E-12;1.50609497469215E-20;1.2272306118624E-10;0.935266568460382;2.44565192418055E-09;6.11412981045138E-10;9.80895450856109E-05;9.7739900009609E-05
C:/Users/rlolo/Documents/Thèse/MEB et AFM/AFM/Résultats AFM Dynamo/06062025/Plaque hydrophobique_ethanol_PEI 0.5_Incubation 1h/cell2/force mapp/map-data-2025.06.06-11.56.16.356.jpk-force-map;map-data-2025.06.06-11.56.16.356.jpk-force-map;283;0.142;7.801310208055;[2.5e-05, 2.5e-05];[32, 32];1.60872735417484E-05;paraboloid;0.000000032;False;;False;5.45988254719038E-08;47059.1288954114;-3.05998601182674E-12;;0.5;;-3.65895072156706E-20;9.76076036435689E-22;3.12422156134242E-11;0.986245236256909;3.57703650413521E-09;1.1923455013784E-09;1.19528335264587E-05;2.0099023450894E-07;paraboloid;0.000000032;analytical;False;;False;1;44102.7448083922;-3.72835338963845E-05;0.0100000110791565;-3.47042404887984E-11;0.5;5,00E-07;5;160;9.36657002674461E-12;3.25815806908085E-21;5.70802774089339E-11;0.989777677058369;-3.93932751906841E-10;-9.84831879767102E-11;9.80662819968432E-05;9.72998260764775E-05
C:/Users/rlolo/Documents/Thèse/MEB et AFM/AFM/Résultats AFM Dynamo/06062025/Plaque hydrophobique_ethanol_PEI 0.5_Incubation 1h/cell2/force mapp/map-data-2025.06.06-11.56.16.356.jpk-force-map;map-data-2025.06.06-11.56.16.356.jpk-force-map;284;0.142;7.801310208055;[2.5e-05, 2.5e-05];[32, 32];1.61441125419185E-05;paraboloid;0.000000032;False;;False;5.51285209652921E-08;82535.1705180264;-3.89121111405688E-12;;0.5;;-1.74280183469892E-20;6.8396772123219E-22;2.61527765491963E-11;0.988792110828096;5.34757548062413E-09;1.78252516020804E-09;1.25651714525531E-05;1.42366138378178E-07;paraboloid;0.000000032;analytical;False;;False;1;69405.7553319952;-0.000181460541546594;0.0100000007995325;-6.48758921138425E-11;0.5;5,00E-07;5;151;1.57558796448954E-11;5.3427565541355E-21;7.30941622438858E-11;0.98530987475072;1.16929780705376E-09;2.9232445176344E-10;9.65800699261708E-05;9.67401190195899E-05
C:/Users/rlolo/Documents/Thèse/MEB et AFM/AFM/Résultats AFM Dynamo/06062025/Plaque hydrophobique_ethanol_PEI 0.5_Incubation 1h/cell2/force mapp/map-data-2025.06.06-11.56.16.356.jpk-force-map;map-data-2025.06.06-11.56.16.356.jpk-force-map;285;0.142;7.801310208055;[2.5e-05, 2.5e-05];[32, 32];1.61797817937939E-05;paraboloid;0.000000032;False;;False;6.59842419725562E-08;270597.8635683;4.05687088795952E-12;;0.5;;-4.24285406329299E-20;8.41564774061946E-22;2.90097358495721E-11;0.972693728784359;-3.08920454937905E-09;-1.02973484979302E-09;1.30555763591398E-05;6.22877650972671E-08;paraboloid;0.000000032;analytical;False;;False;1;249504.713115079;-0.000214058377086799;0.0100000006729912;-3.53117949467767E-13;0.5;5,00E-07;5;162;6.05816401761958E-11;3.6749071649098E-20;1.91700473784229E-10;0.973895393427821;-1.91869058733285E-08;-4.79672646833214E-09;9.72701621985924E-05;9.60721488926989E-05
C:/Users/rlolo/Documents/Thèse/MEB et AFM/AFM/Résultats AFM Dynamo/06062025/Plaque hydrophobique_ethanol_PEI 0.5_Incubation 1h/cell2/force mapp/map-data-2025.06.06-11.56.16.356.jpk-force-map;map-data-2025.06.06-11.56.16.356.jpk-force-map;286;0.142;7.801310208055;[2.5e-05, 2.5e-05];[32, 32];1.62040501309452E-05;paraboloid;0.000000032;False;;False;5.97280451545865E-08;666256.790461016;-3.34448124333427E-13;;0.5;;-7.33053360141001E-20;5.58653250710825E-22;2.36358467314125E-11;0.974325799804668;5.34735391512757E-10;1.78245130504252E-10;1.33786574674727E-05;3.43265522136399E-08;paraboloid;0.000000032;analytical;False;;False;1;251486.460385996;-0.000470548051582777;0.010000000005073;-5.12265116461536E-11;0.5;5,00E-07;5;158;1.32781763015118E-16;4.11314645630944E-20;2.02808936102664E-10;0.966675144606193;2.40771068394047E-08;6.01927670985118E-09;0.0000964653941994002;9.55356465106743E-05
C:/Users/rlolo/Documents/Thèse/MEB et AFM/AFM/Résultats AFM Dynamo/06062025/Plaque hydrophobique_ethanol_PEI 0.5_Incubation 1h/cell2/force mapp/map-data-2025.06.06-11.56.16.356.jpk-force-map;map-data-2025.06.06-11.56.16.356.jpk-force-map;287;0.142;7.801310208055;[2.5e-05, 2.5e-05];[32, 32];1.62232093444857E-05;paraboloid;0.000000032;False;;False;7.21499029620123E-08;538433.443647484;3.30179455664218E-12;;0.5;;-2.87952600304543E-20;1.11618787425325E-21;3.34093979929787E-11;0.9484316619185;-3.65820533945426E-09;-1.21940177981809E-09;1.35698238425768E-05;3.89387451337431E-08;paraboloid;0.000000032;analytical;False;;False;1;322298.017559368;-0.000357151161708513;0.0100000003428959;1.25303569161118E-11;0.5;5,00E-07;5;159;7.91617366663007E-11;5.19448318676552E-20;2.27914088787102E-10;0.974101983504223;-4.07396294708467E-08;-1.01849073677117E-08;9.5910932532692E-05;9.52303749777747E-05
C:/Users/rlolo/Documents/Thèse/MEB et AFM/AFM/Résultats AFM Dynamo/06062025/Plaque hydrophobique_ethanol_PEI 0.5_Incubation 1h/cell2/force mapp/map-data-2025.06.06-11.56.16.356.jpk-force-map;map-data-2025.06.06-11.56.16.356.jpk-force-map;288;0.142;7.801310208055;[2.5e-05, 2.5e-05];[32, 32];1.62358402334124E-05;paraboloid;0.000000032;False;;False;6.36199635343289E-08;656234.956399603;-2.16198614650709E-12;;0.5;;-3.72106168341126E-20;5.51760121827594E-22;2.34895747476959E-11;0.97486914042454;2.47641242221259E-09;8.25470807404195E-10;1.36622138278721E-05;3.49594731318724E-08;paraboloid;0.000000032;analytical;False;;False;1;287963.381397955;-0.000439095159064467;0.0100000000147783;-4.47937870118072E-11;0.5;5,00E-07;5;158;7.83767957739375E-12;4.82927886290124E-20;2.19756202708848E-10;0.967005620976874;6.31277920620767E-08;1.57819480155192E-08;9.54834084777011E-05;9.50487530206777E-05
C:/Users/rlolo/Documents/Thèse/MEB et AFM/AFM/Résultats AFM Dynamo/06062025/Plaque hydrophobique_ethanol_PEI 0.5_Incubation 1h/cell2/force mapp/map-data-2025.06.06-11.56.16.356.jpk-force-map;map-data-2025.06.06-11.56.16.356.jpk-force-map;289;0.142;7.801310208055;[2.5e-05, 2.5e-05];[32, 32];1.62418481843251E-05;paraboloid;0.000000032;False;;False;5.47327827842401E-08;327359.1149703;4.29933846194956E-12;;0.5;;-6.92841606750428E-20;1.16806100727006E-21;3.41769075147248E-11;0.951980780117958;-4.59592843954643E-09;-1.53197614651548E-09;1.3459220777743E-05;5.16872401362895E-08;paraboloid;0.000000032;analytical;False;;False;1;327748.261277774;-0.000229552218964405;0.0100000000482096;-6.35595577759166E-12;0.5;5,00E-07;5;161;9.16223821076771E-11;6.2556852837875E-20;2.50113679829543E-10;0.971565555434943;-3.84169286129365E-08;-9.60423215323413E-09;9.57047405512569E-05;9.54221921694517E-05
C:/Users/rlolo/Documents/Thèse/MEB et AFM/AFM/Résultats AFM Dynamo/06062025/Plaque hydrophobique_ethanol_PEI 0.5_Incubation 1h/cell2/force mapp/map-data-2025.06.06-11.56.16.356.jpk-force-map;map-data-2025.06.06-11.56.16.356.jpk-force-map;290;0.142;7.801310208055;[2.5e-05, 2.5e-05];[32, 32];1.62412331972238E-05;paraboloid;0.000000032;False;;False;4.87025240140975E-08;107350.631724236;-1.10253330444928E-12;;0.5;;-4.72577043851131E-20;9.91174242465183E-22;3.14829198529168E-11;0.977060600015802;2.06840128101629E-09;6.89467093672097E-10;1.30843151794505E-05;1.11593445812835E-07;paraboloid;0.000000032;analytical;False;;False;1;152483.027843513;-5.83987581428743E-05;0.0100000000063056;-7.18477279099316E-11;0.5;5,00E-07;5;147;6.95253118044799E-12;2.5260259744222E-20;1.58934765687756E-10;0.968217355392504;4.44761506187696E-09;1.11190376546924E-09;9.6395621412278E-05;9.61607403054855E-05
C:/Users/rlolo/Documents/Thèse/MEB et AFM/AFM/Résultats AFM Dynamo/06062025/Plaque hydrophobique_ethanol_PEI 0.5_Incubation 1h/cell2/force mapp/map-data-2025.06.06-11.56.16.356.jpk-force-map;map-data-2025.06.06-11.56.16.356.jpk-force-map;291;0.142;7.801310208055;[2.5e-05, 2.5e-05];[32, 32];1.62367390607143E-05;paraboloid;0.000000032;False;;False;3.56357486975306E-08;75014.1289024675;-2.14509772164925E-12;;0.5;;-5.63191384736049E-20;6.83289722689266E-22;2.61398110683545E-11;0.988913044578189;3.08599051241072E-09;1.02866350413691E-09;1.26673539247691E-05;1.49713804384674E-07;paraboloid;0.000000032;analytical;False;;False;1;53761.1529044075;-0.000615429919983472;0.0100000000080743;-8.05361643331264E-11;0.5;5,00E-07;5;150;4.33149033471454E-16;2.03414245379671E-20;1.4262336603084E-10;0.941554780709429;2.48663488374592E-08;6.21658720936479E-09;9.70378536512245E-05;9.66826945406575E-05
C:/Users/rlolo/Documents/Thèse/MEB et AFM/AFM/Résultats AFM Dynamo/06062025/Plaque hydrophobique_ethanol_PEI 0.5_Incubation 1h/cell2/force mapp/map-data-2025.06.06-11.56.16.356.jpk-force-map;map-data-2025.06.06-11.56.16.356.jpk-force-map;292;0.142;7.801310208055;[2.5e-05, 2.5e-05];[32, 32];1.62325524177555E-05;paraboloid;0.000000032;False;;False;4.22399943636552E-08;48330.9985524566;-4.55724244021441E-12;;0.5;;-5.19807120337874E-20;1.03407356336548E-21;3.21570142172043E-11;0.985848204161264;5.67260419620445E-09;1.89086806540148E-09;1.23134998080211E-05;1.99088612054347E-07;paraboloid;0.000000032;analytical;False;;False;1;39859.0609502036;-0.000415222152882134;0.0100000000073851;-7.65598016637832E-11;0.5;5,00E-07;5;157;3.42717450586988E-11;1.39270644460113E-20;1.18012984226361E-10;0.959295337485655;2.67415345188002E-09;6.68538362970005E-10;0.000097540387065;9.70900259270621E-05
C:/Users/rlolo/Documents/Thèse/MEB et AFM/AFM/Résultats AFM Dynamo/06062025/Plaque hydrophobique_ethanol_PEI 0.5_Incubation 1h/cell2/force mapp/map-data-2025.06.06-11.56.16.356.jpk-force-map;map-data-2025.06.06-11.56.16.356.jpk-force-map;293;0.142;7.801310208055;[2.5e-05, 2.5e-05];[32, 32];1.62251962258899E-05;paraboloid;0.000000032;False;;False;1.51555461940576E-09;41649.9242022358;-1.13558161579645E-11;;0.5;;-1.00541715296294E-20;8.43997665066452E-22;2.90516379067765E-11;0.989967575817192;9.06842680570214E-09;3.02280893523405E-09;1.18271869309931E-05;2.23472598760967E-07;paraboloid;0.000000032;analytical;False;;False;1;32945.8521290615;-0.000270912624412992;0.0100000000188463;-4.35856224348427E-11;0.5;5,00E-07;5;161;1.42766319106516E-11;3.86575063085594E-21;6.21751608832332E-11;0.985608349710476;-1.38162767053173E-09;-3.45406917632932E-10;9.79790012518905E-05;9.74350999442824E-05
C:/Users/rlolo/Documents/Thèse/MEB et AFM/AFM/Résultats AFM Dynamo/06062025/Plaque hydrophobique_ethanol_PEI 0.5_Incubation 1h/cell2/force mapp/map-data-2025.06.06-11.56.16.356.jpk-force-map;map-data-2025.06.06-11.56.16.356.jpk-force-map;294;0.142;7.801310208055;[2.5e-05, 2.5e-05];[32, 32];1.61800656339945E-05;paraboloid;0.000000032;False;;False;2.84125860688207E-08;47580.873625801;-1.05246229666994E-11;;0.5;;-4.84557525274217E-21;6.05310778354249E-22;2.46030644098301E-11;0.992106028836891;1.05629542185829E-08;3.52098473952763E-09;1.16046562137227E-05;2.03699209494221E-07;paraboloid;0.000000032;analytical;False;;False;1;28304.5698451079;-0.000847255283221118;0.0100000000075645;-7.85528945128303E-11;0.5;5,00E-07;5;156;4.67685282877195E-16;1.08327714341974E-20;1.04080600662167E-10;0.954290815057861;2.91932260315813E-08;7.29830650789533E-09;9.9029953721336E-05;9.7564392152238E-05
C:/Users/rlolo/Documents/Thèse/MEB et AFM/AFM/Résultats AFM Dynamo/06062025/Plaque hydrophobique_ethanol_PEI 0.5_Incubation 1h/cell2/force mapp/map-data-2025.06.06-11.56.16.356.jpk-force-map;map-data-2025.06.06-11.56.16.356.jpk-force-map;295;0.142;7.801310208055;[2.5e-05, 2.5e-05];[32, 32];1.5896935033896E-05;paraboloid;0.000000032;False;;False;-3.04440819524562E-08;39334.9401590948;-1.09447013607409E-11;;0.5;;-1.97637721005896E-20;1.25728521081302E-21;3.54582178177785E-11;0.984949187800929;7.24606467680502E-09;2.41535489226834E-09;1.12842006272453E-05;2.28652809533617E-07;paraboloid;0.000000032;analytical;False;;False;1;30859.3009082309;-0.000292007744538629;0.0100000061076108;-1.90784560108935E-11;0.5;5,00E-07;5;160;4.82224288110811E-11;9.84185465463944E-21;9.92061220622974E-11;0.969069547216932;-2.10185805905104E-08;-5.25464514762759E-09;0.000100742456264956;9.7613591120342E-05
C:/Users/rlolo/Documents/Thèse/MEB et AFM/AFM/Résultats AFM Dynamo/06062025/Plaque hydrophobique_ethanol_PEI 0.5_Incubation 1h/cell2/force mapp/map-data-2025.06.06-11.56.16.356.jpk-force-map;map-data-2025.06.06-11.56.16.356.jpk-force-map;296;0.142;7.801310208055;[2.5e-05, 2.5e-05];[32, 32];1.56115573655428E-05;paraboloid;0.000000032;False;;False;-1.14123836226388E-08;47289.3546739669;-7.76166334220121E-12;;0.5;;-2.27351765109348E-20;1.65885693816399E-21;4.07290674845864E-11;0.976513169945365;7.64239041851425E-09;2.54746347283808E-09;1.09850330558129E-05;1.97162477074731E-07;paraboloid;0.000000032;analytical;False;;False;1;58701.7077721359;0.000286516145422345;0.0139603960676394;-8.32405875458123E-13;0.5;5,00E-07;5;159;3.65682844456546E-11;8.00923435094898E-21;8.94943258030864E-11;0.983121317028897;-5.66938759531983E-09;-1.41734689882996E-09;0.000100785978429048;9.765049034642E-05
C:/Users/rlolo/Documents/Thèse/MEB et AFM/AFM/Résultats AFM Dynamo/06062025/Plaque hydrophobique_ethanol_PEI 0.5_Incubation 1h/cell2/force mapp/map-data-2025.06.06-11.56.16.356.jpk-force-map;map-data-2025.06.06-11.56.16.356.jpk-force-map;297;0.142;7.801310208055;[2.5e-05, 2.5e-05];[32, 32];1.52736692600785E-05;paraboloid;0.000000032;False;;False;-1.16230273513901E-07;36077.079460663;3.47408873025537E-12;;0.5;;-9.43889212240121E-20;2.30858872509848E-21;4.80477754438068E-11;0.967740599122356;3.02410932165203E-10;1.00803644055068E-10;1.05672675872298E-05;2.23611998969788E-07;paraboloid;0.000000032;analytical;False;;False;1;70065.4681595347;0.000673773909893965;0.010000051325489;1.55199071376724E-11;0.5;5,00E-07;5;161;9.42427052465175E-11;2.22782539009782E-20;1.49259016146356E-10;0.967793399101001;-1.21885111787255E-08;-3.04712779468138E-09;0.000100819093119118;9.7690227974504E-05
C:/Users/rlolo/Documents/Thèse/MEB et AFM/AFM/Résultats AFM Dynamo/06062025/Plaque hydrophobique_ethanol_PEI 0.5_Incubation 1h/cell2/force mapp/map-data-2025.06.06-11.56.16.356.jpk-force-map;map-data-2025.06.06-11.56.16.356.jpk-force-map;298;0.142;7.801310208055;[2.5e-05, 2.5e-05];[32, 32];1.47168693999015E-05;paraboloid;0.000000032;False;;False;-1.30580405343018E-07;16202.9579082808;-7.73517908556294E-12;;0.5;;-6.82866459810363E-21;1.16426524014989E-21;3.41213311602858E-11;0.990268299466197;7.52064988736649E-09;2.50688329578883E-09;1.01773184583055E-05;4.08446539778878E-07;paraboloid;0.000000032;analytical;False;;False;1;18547.099241657;0.000217160092383983;0.0100000658583072;-4.2631226071367E-11;0.5;5,00E-07;5;144;3.48215825487619E-11;1.09115974234942E-20;1.04458591908441E-10;0.959079452296771;-6.00955956232045E-09;-1.50238989058011E-09;0.000100804901109088;9.7757403488646E-05
C:/Users/rlolo/Documents/Thèse/MEB et AFM/AFM/Résultats AFM Dynamo/06062025/Plaque hydrophobique_ethanol_PEI 0.5_Incubation 1h/cell2/force mapp/map-data-2025.06.06-11.56.16.356.jpk-force-map;map-data-2025.06.06-11.56.16.356.jpk-force-map;299;0.142;7.801310208055;[2.5e-05, 2.5e-05];[32, 32];1.40073635118017E-05;paraboloid;0.000000032;False;;False;-1.33059492367066E-07;12859.4288104462;1.83138172704648E-11;;0.5;;-1.28347391681445E-19;2.86313133166131E-21;5.35082361105402E-11;0.973147278870056;-2.87986712905187E-08;-9.59955709683955E-09;9.5035764354813E-06;4.48932764948466E-07;paraboloid;0.000000032;analytical;False;;False;1;9065.65612447768;0.00105633305752807;0.120602908523919;1.84187103761915E-11;0.5;5,00E-07;5;151;7.07349581493634E-11;1.5172349590271E-20;1.23176091796545E-10;0.953079508855328;-2.02324459527681E-08;-5.05811148819201E-09;0.000100768948017012;9.7758349622648E-05
C:/Users/rlolo/Documents/Thèse/MEB et AFM/AFM/Résultats AFM Dynamo/06062025/Plaque hydrophobique_ethanol_PEI 0.5_Incubation 1h/cell2/force mapp/map-data-2025.06.06-11.56.16.356.jpk-force-map;map-data-2025.06.06-11.56.16.356.jpk-force-map;300;0.142;7.801310208055;[2.5e-05, 2.5e-05];[32, 32];1.31584920852073E-05;paraboloid;0.000000032;False;;False;-4.77545113779081E-07;7674.61329050853;4.96446513546695E-11;;0.5;;-3.65406268625408E-20;3.42491445479364E-21;5.85227686870131E-11;0.97534474402322;-1.07339340931506E-07;-3.5779780310502E-08;8.4925376409441E-06;6.30703553944362E-07;paraboloid;0.000000032;analytical;False;;False;1;3784.99546400356;0.000840622226306344;0.16681816070073;-3.00336908956804E-11;0.5;5,00E-07;5;151;6.25360292781073E-10;1.05221152145267E-18;1.0257736209577E-09;0.416640013190372;-1.80556716574934E-07;-4.51391791437336E-08;0.000100727318120924;0.0000978302558068
C:/Users/rlolo/Documents/Thèse/MEB et AFM/AFM/Résultats AFM Dynamo/06062025/Plaque hydrophobique_ethanol_PEI 0.5_Incubation 1h/cell2/force mapp/map-data-2025.06.06-11.56.16.356.jpk-force-map;map-data-2025.06.06-11.56.16.356.jpk-force-map;301;0.142;7.801310208055;[2.5e-05, 2.5e-05];[32, 32];1.21249116480725E-05;paraboloid;0.000000032;False;;False;-6.28892491170611E-07;3797.60614178996;1.34945584322025E-10;;0.5;;-2.65488895858315E-19;5.21488408275713E-21;7.22141543103367E-11;0.96035667516911;2.70060361940984E-08;9.00201206469946E-09;7.63578964878305E-06;9.58961268616807E-07;paraboloid;0.000000032;analytical;False;;False;1;743.356656815261;-0.000361483997298302;0.275018877231783;2.28673019609545E-11;0.5;5,00E-07;5;152;7.22481363337676E-10;1.332508673047E-18;1.15434339476908E-09;0.376420535484071;-6.94815984390574E-07;-1.73703996097644E-07;0.000100713599177895;9.7809440858756E-05
C:/Users/rlolo/Documents/Thèse/MEB et AFM/AFM/Résultats AFM Dynamo/06062025/Plaque hydrophobique_ethanol_PEI 0.5_Incubation 1h/cell2/force mapp/map-data-2025.06.06-11.56.16.356.jpk-force-map;map-data-2025.06.06-11.56.16.356.jpk-force-map;302;0.142;7.801310208055;[2.5e-05, 2.5e-05];[32, 32];1.27580881755609E-05;paraboloid;0.000000032;False;;False;-5.49231294133088E-07;2820.14035141268;-2.55614873947672E-11;;0.5;;-2.94827270667991E-19;1.70864056118174E-20;1.30714978528925E-10;0.92489209009364;1.530462223202E-08;5.10154074400665E-09;8.7890087304708E-06;1.38766919824166E-06;paraboloid;0.000000032;analytical;False;;False;1;1254.33732799561;0.00120439862045162;0.175493578027892;-5.61923992079922E-11;0.5;5,00E-07;5;150;-4.76078896798058E-22;7.39649491667131E-21;8.60028773743723E-11;0.963930997308496;8.50529842642688E-09;2.12632460660672E-09;9.79299765430432E-05;9.7542631070192E-05
C:/Users/rlolo/Documents/Thèse/MEB et AFM/AFM/Résultats AFM Dynamo/06062025/Plaque hydrophobique_ethanol_PEI 0.5_Incubation 1h/cell2/force mapp/map-data-2025.06.06-11.56.16.356.jpk-force-map;map-data-2025.06.06-11.56.16.356.jpk-force-map;303;0.142;7.801310208055;[2.5e-05, 2.5e-05];[32, 32];1.22418774640697E-05;paraboloid;0.000000032;False;;False;-7.96291805870217E-07;2576.14053948243;8.5986929025749E-11;;0.5;;-3.80416917581647E-20;2.35896645373134E-21;4.85691924344161E-11;0.983996020048812;3.38656262080896E-08;1.12885420693632E-08;7.9435906929837E-06;1.30691099566865E-06;paraboloid;0.000000032;analytical;False;;False;1;1528.93853373002;-0.00105389277100178;0.0911812181047576;-7.86473518553565E-11;0.5;5,00E-07;5;146;1.01678153502768E-11;5.00641143228895E-21;7.07559992671219E-11;0.975758895320748;-1.45652316891731E-09;-3.64130792229328E-10;0.000100702718636872;9.762210632636E-05
C:/Users/rlolo/Documents/Thèse/MEB et AFM/AFM/Résultats AFM Dynamo/06062025/Plaque hydrophobique_ethanol_PEI 0.5_Incubation 1h/cell2/force mapp/map-data-2025.06.06-11.56.16.356.jpk-force-map;map-data-2025.06.06-11.56.16.356.jpk-force-map;304;0.142;7.801310208055;[2.5e-05, 2.5e-05];[32, 32];5.7124647961674E-06;paraboloid;0.000000032;False;;False;9.05258056071377E-08;14388316.0809409;2.44805467302901E-11;;0.5;;-1.30220753409928E-19;1.73076562630908E-21;4.160247139665E-11;0.845561989198899;-2.48012511854952E-08;-8.26708372849838E-09;9.96980236899502E-07;4.22072123316296E-09;paraboloid;0.000000032;analytical;False;;False;1;486813.969792354;-0.000563223226803036;0.0102496496890976;-6.79093363674898E-12;0.5;5,00E-07;5;156;9.12072926085611E-11;1.78407728284109E-19;4.22383390161248E-10;0.966012399895242;2.0420030096326E-07;5.1050075240815E-08;9.9917900482213E-05;9.7641502073401E-05
C:/Users/rlolo/Documents/Thèse/MEB et AFM/AFM/Résultats AFM Dynamo/06062025/Plaque hydrophobique_ethanol_PEI 0.5_Incubation 1h/cell2/force mapp/map-data-2025.06.06-11.56.16.356.jpk-force-map;map-data-2025.06.06-11.56.16.356.jpk-force-map;305;0.142;7.801310208055;[2.5e-05, 2.5e-05];[32, 32];5.6994554536399E-06;paraboloid;0.000000032;False;;False;8.6732025891525E-08;10138812.0842424;-1.29885679263703E-11;;0.5;;-1.16830942966581E-19;7.09646610254756E-22;2.66391931231927E-11;0.936325603993291;2.54654781845095E-08;8.48849272816983E-09;9.95442769146252E-07;5.62068554087497E-09;paraboloid;0.000000032;analytical;False;;False;1;475146.305471622;-0.000617862989356512;0.010000012394935;8.13098670757859E-11;0.5;5,00E-07;5;155;1.28449402119019E-10;2.16380230270699E-19;4.65166884322926E-10;0.962306810380162;-6.54699598520268E-07;-1.63674899630067E-07;9.9582495978504E-05;9.7425310453944E-05
C:/Users/rlolo/Documents/Thèse/MEB et AFM/AFM/Résultats AFM Dynamo/06062025/Plaque hydrophobique_ethanol_PEI 0.5_Incubation 1h/cell2/force mapp/map-data-2025.06.06-11.56.16.356.jpk-force-map;map-data-2025.06.06-11.56.16.356.jpk-force-map;306;0.142;7.801310208055;[2.5e-05, 2.5e-05];[32, 32];5.68831472576635E-06;paraboloid;0.000000032;False;;False;8.35457842671658E-08;5218088.46847887;-4.29577356671198E-12;;0.5;;-1.76414146552073E-19;6.60975771695021E-22;2.57094490741249E-11;0.946530928761354;3.43546083326831E-09;1.14515361108944E-09;9.89529431633752E-07;8.69538769236422E-09;paraboloid;0.000000032;analytical;False;;False;1;471159.0449586;-0.000560950496830819;0.0100000287579326;-4.84626932717932E-11;0.5;5,00E-07;5;157;4.09768940253824E-11;1.55093751230268E-19;3.93819439883645E-10;0.970739940899451;-2.40668262126913E-08;-6.01670655317284E-09;9.9605676261553E-05;9.7272509812621E-05
C:/Users/rlolo/Documents/Thèse/MEB et AFM/AFM/Résultats AFM Dynamo/06062025/Plaque hydrophobique_ethanol_PEI 0.5_Incubation 1h/cell2/force mapp/map-data-2025.06.06-11.56.16.356.jpk-force-map;map-data-2025.06.06-11.56.16.356.jpk-force-map;307;0.142;7.801310208055;[2.5e-05, 2.5e-05];[32, 32];5.67199391423185E-06;paraboloid;0.000000032;False;;False;8.56158443826126E-08;12262024.5219409;-8.29384563725357E-12;;0.5;;-8.60722657074648E-19;6.20910970463418E-22;2.49180852086074E-11;0.947352644827182;2.03324175413412E-08;6.77747251378039E-09;9.73705340450301E-07;5.00500944351335E-09;paraboloid;0.000000032;analytical;False;;False;1;426129.211655366;-0.000647343309983287;0.010012153704931;4.68771110075435E-11;0.5;5,00E-07;5;156;1.05014070055809E-10;1.90111071494265E-19;4.36017283481131E-10;0.960317346088282;9.28432252327989E-06;2.32108063081997E-06;9.9706439532766E-05;9.7255479400585E-05
C:/Users/rlolo/Documents/Thèse/MEB et AFM/AFM/Résultats AFM Dynamo/06062025/Plaque hydrophobique_ethanol_PEI 0.5_Incubation 1h/cell2/force mapp/map-data-2025.06.06-11.56.16.356.jpk-force-map;map-data-2025.06.06-11.56.16.356.jpk-force-map;308;0.142;7.801310208055;[2.5e-05, 2.5e-05];[32, 32];5.66645903032015E-06;paraboloid;0.000000032;False;;False;-8.68045824552351E-07;1228.46844695504;3.68355921906983E-10;;0.5;;-7.19736521151586E-18;2.61183438420229E-21;5.11061090692912E-11;0.834292737940101;3.99644941425652E-09;1.33214980475217E-09;9.68525256789352E-07;9.58204556483548E-07;paraboloid;0.000000032;analytical;False;;False;1;407889.73430969;0.00880686122979814;0.0100000904579713;1.18174422913167E-10;0.5;5,00E-07;5;157;8.51670930873696E-16;1.24077796064289E-19;3.52246782901262E-10;0.952162622969682;1.18955249249985E-08;2.97388123124963E-09;9.9598107189537E-05;9.7211484169492E-05
C:/Users/rlolo/Documents/Thèse/MEB et AFM/AFM/Résultats AFM Dynamo/06062025/Plaque hydrophobique_ethanol_PEI 0.5_Incubation 1h/cell2/force mapp/map-data-2025.06.06-11.56.16.356.jpk-force-map;map-data-2025.06.06-11.56.16.356.jpk-force-map;309;0.142;7.801310208055;[2.5e-05, 2.5e-05];[32, 32];;;;;;;;;;;;;;;;;;;;;;;;;;;;;;;;;;;;;;;;;;;
C:/Users/rlolo/Documents/Thèse/MEB et AFM/AFM/Résultats AFM Dynamo/06062025/Plaque hydrophobique_ethanol_PEI 0.5_Incubation 1h/cell2/force mapp/map-data-2025.06.06-11.56.16.356.jpk-force-map;map-data-2025.06.06-11.56.16.356.jpk-force-map;310;0.142;7.801310208055;[2.5e-05, 2.5e-05];[32, 32];5.6534260344426E-06;paraboloid;0.000000032;False;;False;8.8618116908964E-08;8640209.08909611;-4.90430830195422E-13;;0.5;;-1.49911937443983E-19;7.02153898510521E-22;2.64981867023108E-11;0.936374269840663;-65.5264763025914;-21.8421587675305;9.61098104873653E-07;5.91127579876112E-09;paraboloid;0.000000032;analytical;False;;False;1;440172.701970741;-0.000576647013625078;0.0100011067373556;-2.61748029842497E-11;0.5;5,00E-07;5;157;3.47312621197777E-11;1.34461103301004E-19;3.66689382585594E-10;0.971230037158594;2.69900528366298E-07;6.74751320915745E-08;9.956641170047E-05;9.7187830819442E-05
C:/Users/rlolo/Documents/Thèse/MEB et AFM/AFM/Résultats AFM Dynamo/06062025/Plaque hydrophobique_ethanol_PEI 0.5_Incubation 1h/cell2/force mapp/map-data-2025.06.06-11.56.16.356.jpk-force-map;map-data-2025.06.06-11.56.16.356.jpk-force-map;311;0.142;7.801310208055;[2.5e-05, 2.5e-05];[32, 32];5.639896318214E-06;paraboloid;0.000000032;False;;False;9.64582674892895E-08;5774439.84926575;-1.27350048232728E-11;;0.5;;-2.96326329349233E-19;6.23732399590413E-22;2.49746351242699E-11;0.951343077591225;1.35103462036141E-08;4.50344873453802E-09;9.58614503118402E-07;8.51390620137419E-09;paraboloid;0.000000032;analytical;False;;False;1;450042.003350717;-0.000559125261947447;0.0100003037725106;-4.49447320321499E-11;0.5;5,00E-07;5;157;4.81197587018143E-11;1.41967492659062E-19;3.76785738396587E-10;0.970420994473349;-2.70599940480213E-06;-6.76499851200532E-07;9.9659132832666E-05;9.7177896412421E-05
C:/Users/rlolo/Documents/Thèse/MEB et AFM/AFM/Résultats AFM Dynamo/06062025/Plaque hydrophobique_ethanol_PEI 0.5_Incubation 1h/cell2/force mapp/map-data-2025.06.06-11.56.16.356.jpk-force-map;map-data-2025.06.06-11.56.16.356.jpk-force-map;312;0.142;7.801310208055;[2.5e-05, 2.5e-05];[32, 32];5.64715789667935E-06;paraboloid;0.000000032;False;;False;8.31755427438852E-08;8228998.09906145;-1.67119080352476E-11;;0.5;;-1.60503017276886E-19;6.3782255822715E-22;2.52551491428411E-11;0.942235795033512;1.58919673356827E-09;5.29732244522755E-10;9.50051990400301E-07;6.19086561561269E-09;paraboloid;0.000000032;analytical;False;;False;1;468495.23510771;-0.000545194336749393;0.0102064287295752;3.40268866402869E-11;0.5;5,00E-07;5;157;6.97487457987363E-11;1.48955642132363E-19;3.85947719428892E-10;0.971890389311958;1.6396446858807E-07;4.09911171470175E-08;9.9455714022236E-05;9.720107669547E-05
C:/Users/rlolo/Documents/Thèse/MEB et AFM/AFM/Résultats AFM Dynamo/06062025/Plaque hydrophobique_ethanol_PEI 0.5_Incubation 1h/cell2/force mapp/map-data-2025.06.06-11.56.16.356.jpk-force-map;map-data-2025.06.06-11.56.16.356.jpk-force-map;313;0.142;7.801310208055;[2.5e-05, 2.5e-05];[32, 32];5.6208317180737E-06;paraboloid;0.000000032;False;;False;8.33019862951016E-08;4979243.94879864;-1.57822883810082E-11;;0.5;;-2.16486357777303E-19;6.45784385453538E-22;2.5412288079855E-11;0.949884279413265;2.03948271549478E-08;6.79827571831595E-09;9.26729787251002E-07;9.16052243293802E-09;paraboloid;0.000000032;analytical;False;;False;1;464830.743228401;-0.000508357435960711;0.010000930777669;-4.59949411645188E-12;0.5;5,00E-07;5;158;6.17836091400995E-11;1.19575793598242E-19;3.45797330235851E-10;0.976736990277951;7.8343935174881E-07;1.95859837937203E-07;9.9762261438884E-05;9.7179315613424E-05
C:/Users/rlolo/Documents/Thèse/MEB et AFM/AFM/Résultats AFM Dynamo/06062025/Plaque hydrophobique_ethanol_PEI 0.5_Incubation 1h/cell2/force mapp/map-data-2025.06.06-11.56.16.356.jpk-force-map;map-data-2025.06.06-11.56.16.356.jpk-force-map;314;0.142;7.801310208055;[2.5e-05, 2.5e-05];[32, 32];5.60827178919715E-06;paraboloid;0.000000032;False;;False;8.42524978500199E-08;7193838.84491853;-1.36392668402419E-11;;0.5;;-2.73519647721074E-19;6.73429192289626E-22;2.59505142972086E-11;0.943737384560463;-4.21672909437482E-10;-1.40557636479161E-10;9.13200071022401E-07;6.79482914239573E-09;paraboloid;0.000000032;analytical;False;;False;1;440332.011728351;-0.000594885346202096;0.0100138941797247;-2.82722944443379E-11;0.5;5,00E-07;5;157;6.10007055593102E-11;1.56431079468861E-19;3.95513690621274E-10;0.967920363748928;-6.38653587324528E-07;-1.59663396831132E-07;9.9660078966668E-05;9.7165596670395E-05
C:/Users/rlolo/Documents/Thèse/MEB et AFM/AFM/Résultats AFM Dynamo/06062025/Plaque hydrophobique_ethanol_PEI 0.5_Incubation 1h/cell2/force mapp/map-data-2025.06.06-11.56.16.356.jpk-force-map;map-data-2025.06.06-11.56.16.356.jpk-force-map;315;0.142;7.801310208055;[2.5e-05, 2.5e-05];[32, 32];5.58494958604785E-06;paraboloid;0.000000032;False;;False;8.40854649971513E-08;8656059.54552985;-1.77176477618357E-11;;0.5;;-1.53691426330944E-19;7.11252711794191E-22;2.66693215473171E-11;0.936940956735805;1.71968459331483E-08;5.73228197771609E-09;8.89026347271302E-07;6.13460632388432E-09;paraboloid;0.000000032;analytical;False;;False;1;460950.594474049;-0.00056959298186837;0.010000055972901;2.08858433386547E-11;0.5;5,00E-07;5;157;7.45584898527293E-11;1.5971353969622E-19;3.99641764204168E-10;0.969282803718098;2.99593726224425E-07;7.48984315561063E-08;9.9733877418824E-05;9.7168435072401E-05
C:/Users/rlolo/Documents/Thèse/MEB et AFM/AFM/Résultats AFM Dynamo/06062025/Plaque hydrophobique_ethanol_PEI 0.5_Incubation 1h/cell2/force mapp/map-data-2025.06.06-11.56.16.356.jpk-force-map;map-data-2025.06.06-11.56.16.356.jpk-force-map;316;0.142;7.801310208055;[2.5e-05, 2.5e-05];[32, 32];5.5835067316948E-06;paraboloid;0.000000032;False;;False;8.55338743009616E-08;8579657.26935011;-9.92242285679493E-12;;0.5;;-2.90010383313905E-20;6.41383268560076E-22;2.53255457702312E-11;0.937831982946563;1.85615060575686E-08;6.18716868585619E-09;8.88837120470901E-07;6.03269037960483E-09;paraboloid;0.000000032;analytical;False;;False;1;461393.477572234;-0.000571768745136729;0.0100002778465928;6.89913502273969E-11;0.5;5,00E-07;5;157;9.94420524382464E-11;1.66372136496094E-19;4.07887406640722E-10;0.967935894698484;3.8180700925826E-07;9.54517523145649E-08;0.0000995332970104;9.7160392933384E-05
C:/Users/rlolo/Documents/Thèse/MEB et AFM/AFM/Résultats AFM Dynamo/06062025/Plaque hydrophobique_ethanol_PEI 0.5_Incubation 1h/cell2/force mapp/map-data-2025.06.06-11.56.16.356.jpk-force-map;map-data-2025.06.06-11.56.16.356.jpk-force-map;317;0.142;7.801310208055;[2.5e-05, 2.5e-05];[32, 32];5.5756538194782E-06;paraboloid;0.000000032;False;;False;8.38391637626942E-08;5219743.61361896;-1.06614065258891E-11;;0.5;;-1.08186416971112E-19;5.368302305337E-22;2.31695971163441E-11;0.953290357317118;2.33024200853857E-08;7.76747336179524E-09;8.81906688906252E-07;9.03272152695629E-09;paraboloid;0.000000032;analytical;False;;False;1;444296.287944257;-0.000598299811075256;0.0100003747899089;1.20295587454204E-12;0.5;5,00E-07;5;157;8.33455107909713E-11;1.71512729836313E-19;4.14140954067952E-10;0.965429437129766;-2.17778275164941E-07;-5.44445687912353E-08;9.9626964276598E-05;9.7155662263374E-05
C:/Users/rlolo/Documents/Thèse/MEB et AFM/AFM/Résultats AFM Dynamo/06062025/Plaque hydrophobique_ethanol_PEI 0.5_Incubation 1h/cell2/force mapp/map-data-2025.06.06-11.56.16.356.jpk-force-map;map-data-2025.06.06-11.56.16.356.jpk-force-map;318;0.142;7.801310208055;[2.5e-05, 2.5e-05];[32, 32];5.5666182397591E-06;paraboloid;0.000000032;False;;False;9.59081885551708E-08;10470354.2398046;-8.53724275955041E-12;;0.5;;-3.22573641473848E-19;7.42399180904149E-22;2.72470031545517E-11;0.937193977365171;1.91496330205995E-08;6.3832110068665E-09;8.82734556158002E-07;5.62786351672182E-09;paraboloid;0.000000032;analytical;False;;False;1;469333.227879402;-0.000529340146820743;0.0112816985028084;8.04139098582789E-11;0.5;5,00E-07;5;157;1.33440996873175E-10;1.66160925056305E-19;4.07628415418142E-10;0.968255662013074;4.65236073211607E-07;1.16309018302902E-07;9.9591011184522E-05;9.716323133539E-05
C:/Users/rlolo/Documents/Thèse/MEB et AFM/AFM/Résultats AFM Dynamo/06062025/Plaque hydrophobique_ethanol_PEI 0.5_Incubation 1h/cell2/force mapp/map-data-2025.06.06-11.56.16.356.jpk-force-map;map-data-2025.06.06-11.56.16.356.jpk-force-map;319;0.142;7.801310208055;[2.5e-05, 2.5e-05];[32, 32];5.5531831369307E-06;paraboloid;0.000000032;False;;False;8.69147325646839E-08;10298341.0384419;-1.20326574997775E-11;;0.5;;-3.00967863765268E-19;6.03905297462023E-22;2.45744846835498E-11;0.939315240376417;3.08023456917219E-08;1.02674485639073E-08;8.59412353008701E-07;5.33676550008861E-09;paraboloid;0.000000032;analytical;False;;False;1;461634.604645645;-0.000557779189640261;0.0107072232656268;3.89405603168666E-11;0.5;5,00E-07;5;157;9.83460816652324E-11;1.62172826365442E-19;4.02706873998249E-10;0.968944762365728;5.9628860190109E-06;1.49072150475273E-06;9.9657240564662E-05;9.7163704402391E-05
C:/Users/rlolo/Documents/Thèse/MEB et AFM/AFM/Résultats AFM Dynamo/06062025/Plaque hydrophobique_ethanol_PEI 0.5_Incubation 1h/cell2/force mapp/map-data-2025.06.06-11.56.16.356.jpk-force-map;map-data-2025.06.06-11.56.16.356.jpk-force-map;320;0.142;7.801310208055;[2.5e-05, 2.5e-05];[32, 32];5.5534669771313E-06;paraboloid;0.000000032;False;;False;8.49207329788977E-08;8819861.33236697;-1.48968062080448E-11;;0.5;;-3.14725200816827E-19;5.41835448454693E-22;2.32773591383278E-11;0.948825985546014;-1.75303045917535E-08;-5.84343486391783E-09;8.58844672607503E-07;6.43574465131107E-09;paraboloid;0.000000032;analytical;False;;False;1;458672.806821876;-0.000567650382947012;0.0100045140769041;5.89284101117717E-11;0.5;5,00E-07;5;157;8.56430481722162E-11;1.47900589116016E-19;3.8457845638571E-10;0.969666886466565;1.87081725855628E-07;4.6770431463907E-08;9.9530458608394E-05;9.7140524119342E-05
C:/Users/rlolo/Documents/Thèse/MEB et AFM/AFM/Résultats AFM Dynamo/06062025/Plaque hydrophobique_ethanol_PEI 0.5_Incubation 1h/cell2/force mapp/map-data-2025.06.06-11.56.16.356.jpk-force-map;map-data-2025.06.06-11.56.16.356.jpk-force-map;321;0.142;7.801310208055;[2.5e-05, 2.5e-05];[32, 32];5.5804317961883E-06;paraboloid;0.000000032;False;;False;8.71215452835324E-08;13062477.2009123;-1.03398918454356E-11;;0.5;;-4.3747517118949E-19;6.76606823936515E-22;2.6011667073383E-11;0.942009561446132;3.69445020067647E-09;1.23148340022549E-09;8.87134079267302E-07;4.89522428668474E-09;paraboloid;0.000000032;analytical;False;;False;1;441096.586215648;-0.000618693972486257;0.010002952227194;9.66735550046907E-11;0.5;5,00E-07;5;156;1.24851742903978E-10;2.06056529172743E-19;4.53934498769088E-10;0.958549084661158;9.51204700639121E-07;2.3780117515978E-07;9.9241887737784E-05;9.7173638809412E-05
C:/Users/rlolo/Documents/Thèse/MEB et AFM/AFM/Résultats AFM Dynamo/06062025/Plaque hydrophobique_ethanol_PEI 0.5_Incubation 1h/cell2/force mapp/map-data-2025.06.06-11.56.16.356.jpk-force-map;map-data-2025.06.06-11.56.16.356.jpk-force-map;322;0.142;7.801310208055;[2.5e-05, 2.5e-05];[32, 32];5.5841217187961E-06;paraboloid;0.000000032;False;;False;8.46019227931653E-08;8032943.53109032;-1.54173289727559E-11;;0.5;;-1.34860351247798E-19;6.85607394049587E-22;2.61841057523374E-11;0.937838436228567;-7.89594178872114E-09;-2.63198059624038E-09;8.89594027672501E-07;6.63960797566873E-09;paraboloid;0.000000032;analytical;False;;False;1;457383.614122055;-0.000539038850468682;0.0102150425600585;4.87113508382721E-11;0.5;5,00E-07;5;157;1.05378196632378E-10;1.40598622719044E-19;3.74964828642693E-10;0.973386364777093;2.33935992756301E-07;5.84839981890753E-08;9.9431114538184E-05;9.7190669221448E-05
C:/Users/rlolo/Documents/Thèse/MEB et AFM/AFM/Résultats AFM Dynamo/06062025/Plaque hydrophobique_ethanol_PEI 0.5_Incubation 1h/cell2/force mapp/map-data-2025.06.06-11.56.16.356.jpk-force-map;map-data-2025.06.06-11.56.16.356.jpk-force-map;323;0.142;7.801310208055;[2.5e-05, 2.5e-05];[32, 32];5.58802452155435E-06;paraboloid;0.000000032;False;;False;7.95477246507235E-08;4280891.965614;-1.17494038399676E-11;;0.5;;-4.68060400842057E-20;6.69715363884832E-22;2.58788594007702E-11;0.94850435150265;-4.20821420771097E-09;-1.40273806923699E-09;8.92408776328451E-07;9.69380079616412E-09;paraboloid;0.000000032;analytical;False;;False;1;452341.216486652;-0.000579218539093195;0.0100001048005957;-6.48512654451331E-12;0.5;5,00E-07;5;157;5.69048571951696E-11;1.86871124457825E-19;4.32285929053705E-10;0.963930481094277;1.15327960123645E-06;2.88319900309112E-07;9.9457133223239E-05;9.7170327340405E-05
C:/Users/rlolo/Documents/Thèse/MEB et AFM/AFM/Résultats AFM Dynamo/06062025/Plaque hydrophobique_ethanol_PEI 0.5_Incubation 1h/cell2/force mapp/map-data-2025.06.06-11.56.16.356.jpk-force-map;map-data-2025.06.06-11.56.16.356.jpk-force-map;324;0.142;7.801310208055;[2.5e-05, 2.5e-05];[32, 32];5.6022874916345E-06;paraboloid;0.000000032;False;;False;8.75854996013008E-08;35018042.3692327;-1.50700362347612E-11;;0.5;;-9.45914460962593E-19;5.58814076760282E-22;2.36392486505025E-11;0.944494828448397;3.14117895227709E-08;1.04705965075903E-08;9.07192120109702E-07;2.4516949792572E-09;paraboloid;0.000000032;analytical;False;;False;1;410707.925877611;-0.000597344692566594;0.0100019384093267;8.0616608088953E-11;0.5;5,00E-07;5;156;1.0757294055833E-10;1.19877096993656E-19;3.46232720859331E-10;0.971270999907396;2.10519877939139E-07;5.26299694847847E-08;9.9323255261956E-05;0.0000971679620054
C:/Users/rlolo/Documents/Thèse/MEB et AFM/AFM/Résultats AFM Dynamo/06062025/Plaque hydrophobique_ethanol_PEI 0.5_Incubation 1h/cell2/force mapp/map-data-2025.06.06-11.56.16.356.jpk-force-map;map-data-2025.06.06-11.56.16.356.jpk-force-map;325;0.142;7.801310208055;[2.5e-05, 2.5e-05];[32, 32];5.61830080961835E-06;paraboloid;0.000000032;False;;False;8.5120058242666E-08;10269786.9204606;-6.31326413330218E-12;;0.5;;-7.74931952397294E-20;6.44109528342648E-22;2.53793129998164E-11;0.945789788723164;6.26710078727671E-09;2.0890335957589E-09;9.23938691945101E-07;5.94760085690088E-09;paraboloid;0.000000032;analytical;False;;False;1;427224.603679385;-0.000671112575057069;0.0100371611151872;3.53595407632009E-11;0.5;5,00E-07;5;156;6.22993394767977E-11;1.96898361154715E-19;4.43732307990657E-10;0.959216898910509;4.07155158565076E-07;1.01788789641269E-07;9.9347854746008E-05;9.7177896412421E-05
C:/Users/rlolo/Documents/Thèse/MEB et AFM/AFM/Résultats AFM Dynamo/06062025/Plaque hydrophobique_ethanol_PEI 0.5_Incubation 1h/cell2/force mapp/map-data-2025.06.06-11.56.16.356.jpk-force-map;map-data-2025.06.06-11.56.16.356.jpk-force-map;326;0.142;7.801310208055;[2.5e-05, 2.5e-05];[32, 32];5.6412209058168E-06;paraboloid;0.000000032;False;;False;8.22090887005553E-08;4246451.85982879;-1.63319909931253E-11;;0.5;;-1.33530868047283E-19;9.56287975775076E-22;3.09239062179259E-11;0.918042184449747;2.80724914765988E-09;9.35749715886628E-10;9.47024361593902E-07;9.49132410016699E-09;paraboloid;0.000000032;analytical;False;;False;1;432901.561851501;-0.000557069446987576;0.0100004224314053;5.44024464446372E-11;0.5;5,00E-07;5;157;1.19453511766457E-10;1.45415370114749E-19;3.81333672935854E-10;0.969763784692714;1.85116230314004E-09;4.62790575785009E-10;9.9239522402779E-05;9.7169381206403E-05
C:/Users/rlolo/Documents/Thèse/MEB et AFM/AFM/Résultats AFM Dynamo/06062025/Plaque hydrophobique_ethanol_PEI 0.5_Incubation 1h/cell2/force mapp/map-data-2025.06.06-11.56.16.356.jpk-force-map;map-data-2025.06.06-11.56.16.356.jpk-force-map;327;0.142;7.801310208055;[2.5e-05, 2.5e-05];[32, 32];5.652669127241E-06;paraboloid;0.000000032;False;;False;8.90869446561139E-08;9285684.71006835;-1.55935335100839E-11;;0.5;;-3.38303889888474E-19;6.41003905751863E-22;2.53180549361886E-11;0.938390708244264;2.93366298127797E-08;9.77887660425989E-09;9.61925972125402E-07;5.86242865526913E-09;paraboloid;0.000000032;analytical;False;;False;1;479653.867569263;-0.000508566280681381;0.0121949407324396;7.64518429974705E-11;0.5;5,00E-07;5;157;1.38290920553434E-10;1.66208176435285E-19;4.07686370185814E-10;0.971015857004885;-8.17485151473241E-08;-2.0437128786831E-08;9.9385227039087E-05;9.7176477211418E-05
C:/Users/rlolo/Documents/Thèse/MEB et AFM/AFM/Résultats AFM Dynamo/06062025/Plaque hydrophobique_ethanol_PEI 0.5_Incubation 1h/cell2/force mapp/map-data-2025.06.06-11.56.16.356.jpk-force-map;map-data-2025.06.06-11.56.16.356.jpk-force-map;328;0.142;7.801310208055;[2.5e-05, 2.5e-05];[32, 32];5.65692673025E-06;paraboloid;0.000000032;False;;False;8.4428815527161E-08;9256222.66738337;-1.5428980123104E-11;;0.5;;-2.27498276659225E-19;7.51235086688297E-22;2.74086680940227E-11;0.93752157903113;1.2704533844417E-08;4.23484461480566E-09;9.61594825224701E-07;6.03110076061132E-09;paraboloid;0.000000032;analytical;False;;False;1;458135.690639844;-0.000631890266463053;0.0100665288250615;8.54031649860227E-11;0.5;5,00E-07;5;156;1.10059496706018E-10;2.23348779881381E-19;4.72597905075108E-10;0.959598919098492;-2.00966559799498E-07;-5.02416399498746E-08;9.9453821754232E-05;9.7197292159462E-05
C:/Users/rlolo/Documents/Thèse/MEB et AFM/AFM/Résultats AFM Dynamo/06062025/Plaque hydrophobique_ethanol_PEI 0.5_Incubation 1h/cell2/force mapp/map-data-2025.06.06-11.56.16.356.jpk-force-map;map-data-2025.06.06-11.56.16.356.jpk-force-map;329;0.142;7.801310208055;[2.5e-05, 2.5e-05];[32, 32];5.6608058796582E-06;paraboloid;0.000000032;False;;False;8.50618325193149E-08;9223847.44914832;-1.29945606886891E-11;;0.5;;-5.41029760537613E-19;7.40077073687943E-22;2.72043576231446E-11;0.936923319996416;-9.30121511114734E-09;-3.10040503704911E-09;9.66325495234702E-07;5.73135242004874E-09;paraboloid;0.000000032;analytical;False;;False;1;455791.511715024;-0.000571473337297688;0.0103519486400638;3.34471559010427E-11;0.5;5,00E-07;5;157;9.42102440300838E-11;1.51775458608149E-19;3.89583699104761E-10;0.971385633093497;5.56512882224783E-07;1.39128220556196E-07;9.9451929486228E-05;9.7179315613424E-05
C:/Users/rlolo/Documents/Thèse/MEB et AFM/AFM/Résultats AFM Dynamo/06062025/Plaque hydrophobique_ethanol_PEI 0.5_Incubation 1h/cell2/force mapp/map-data-2025.06.06-11.56.16.356.jpk-force-map;map-data-2025.06.06-11.56.16.356.jpk-force-map;330;0.142;7.801310208055;[2.5e-05, 2.5e-05];[32, 32];;;;;;;;;;;;;;;;;;;;;;;;;;;;;;;;;;;;;;;;;;;
C:/Users/rlolo/Documents/Thèse/MEB et AFM/AFM/Résultats AFM Dynamo/06062025/Plaque hydrophobique_ethanol_PEI 0.5_Incubation 1h/cell2/force mapp/map-data-2025.06.06-11.56.16.356.jpk-force-map;map-data-2025.06.06-11.56.16.356.jpk-force-map;331;0.142;7.801310208055;[2.5e-05, 2.5e-05];[32, 32];5.6940624898285E-06;paraboloid;0.000000032;False;;False;4.67638060870479E-07;1004.78037790333;1.47169695895018E-10;;0.5;;1.22884721551826E-21;3.79774706694983E-21;6.16258636203163E-11;0.959173721431551;2.96954186815115E-07;9.89847289383718E-08;3.48864778451655E-06;2.11326574309007E-06;paraboloid;0.000000032;analytical;False;;False;1;141454.441714013;0.0198355817610339;0.0558317103709398;5.19214263222359E-11;0.5;5,00E-07;5;152;-7.80857711006433E-11;1.23201750582633E-19;3.51001069204402E-10;0.895707274776777;2.75735476203912E-08;6.89338690509779E-09;9.9271217891846E-05;9.7183100149432E-05
C:/Users/rlolo/Documents/Thèse/MEB et AFM/AFM/Résultats AFM Dynamo/06062025/Plaque hydrophobique_ethanol_PEI 0.5_Incubation 1h/cell2/force mapp/map-data-2025.06.06-11.56.16.356.jpk-force-map;map-data-2025.06.06-11.56.16.356.jpk-force-map;332;0.142;7.801310208055;[2.5e-05, 2.5e-05];[32, 32];5.68126602745145E-06;paraboloid;0.000000032;False;;False;8.35964915435627E-08;7852020.87941824;-8.57551059703706E-12;;0.5;;-1.18757568872917E-19;5.78136508425751E-22;2.40444693937244E-11;0.952085617585881;9.19624089182682E-09;3.06541363060894E-09;9.86643722927653E-07;6.6753116420534E-09;paraboloid;0.000000032;analytical;False;;False;1;464548.265203427;-0.000593684874410966;0.0100002686766484;1.7434474443905E-11;0.5;5,00E-07;5;157;9.33146997397891E-11;1.85360667842827E-19;4.30535327055547E-10;0.966330949880341;5.29451450611404E-07;1.32362862652851E-07;9.962317974059E-05;9.7133428114327E-05
C:/Users/rlolo/Documents/Thèse/MEB et AFM/AFM/Résultats AFM Dynamo/06062025/Plaque hydrophobique_ethanol_PEI 0.5_Incubation 1h/cell2/force mapp/map-data-2025.06.06-11.56.16.356.jpk-force-map;map-data-2025.06.06-11.56.16.356.jpk-force-map;333;0.142;7.801310208055;[2.5e-05, 2.5e-05];[32, 32];5.6987931598385E-06;paraboloid;0.000000032;False;;False;8.55136088912079E-08;11864034.0949353;-1.32750850002424E-11;;0.5;;-4.21364654568434E-19;5.35387252505686E-22;2.31384366910491E-11;0.954091034540108;-2.09699451035725E-09;-6.98998170119083E-10;1.00428912206495E-06;5.31769501216752E-09;paraboloid;0.000000032;analytical;False;;False;1;452366.070243757;-0.000638055315043311;0.0100188762712957;-2.21968500653379E-11;0.5;5,00E-07;5;156;6.98273710770498E-11;2.17984565960008E-19;4.66888172863704E-10;0.957038199442922;3.68547585482093E-07;9.21368963705232E-08;9.9338393405988E-05;9.7167015871398E-05
C:/Users/rlolo/Documents/Thèse/MEB et AFM/AFM/Résultats AFM Dynamo/06062025/Plaque hydrophobique_ethanol_PEI 0.5_Incubation 1h/cell2/force mapp/map-data-2025.06.06-11.56.16.356.jpk-force-map;map-data-2025.06.06-11.56.16.356.jpk-force-map;334;0.142;7.801310208055;[2.5e-05, 2.5e-05];[32, 32];5.7033819097482E-06;paraboloid;0.000000032;False;;False;8.30571974793793E-08;6025300.31219956;-1.22176310647325E-11;;0.5;;-1.19058084541925E-19;6.6330848793427E-22;2.5754776021823E-11;0.944902325932844;8.92178807076602E-09;2.97392935692201E-09;1.0090907521251E-06;7.78230842214295E-09;paraboloid;0.000000032;analytical;False;;False;1;470139.329694028;-0.000574441803966408;0.0100024772333195;3.98320004089678E-11;0.5;5,00E-07;5;157;9.69520667660879E-11;1.78403637154805E-19;4.22378547223702E-10;0.969207168965456;2.70122775929351E-07;6.75306939823377E-08;9.9440575878204E-05;0.0000971679620054
C:/Users/rlolo/Documents/Thèse/MEB et AFM/AFM/Résultats AFM Dynamo/06062025/Plaque hydrophobique_ethanol_PEI 0.5_Incubation 1h/cell2/force mapp/map-data-2025.06.06-11.56.16.356.jpk-force-map;map-data-2025.06.06-11.56.16.356.jpk-force-map;335;0.142;7.801310208055;[2.5e-05, 2.5e-05];[32, 32];5.7194188810821E-06;paraboloid;0.000000032;False;;False;-5.2501506707723E-08;27351.7696857246;2.81572935935754E-10;;0.5;;-1.19860597236686E-18;7.69380428393043E-21;8.77143334007073E-11;0.503854124682328;2.71189061761499E-08;9.03963539204998E-09;1.0232827621551E-06;1.42982941406268E-07;paraboloid;0.000000032;analytical;False;;False;1;408415.830237888;0.000772928221069683;0.0100011483397992;-1.13236161253411E-10;0.5;5,00E-07;5;154;2.00141760714006E-10;1.88311243035616E-19;4.33948433613506E-10;0.963298763363635;-3.23148712579638E-09;-8.07871781449095E-10;9.9342651008997E-05;9.718688468544E-05
C:/Users/rlolo/Documents/Thèse/MEB et AFM/AFM/Résultats AFM Dynamo/06062025/Plaque hydrophobique_ethanol_PEI 0.5_Incubation 1h/cell2/force mapp/map-data-2025.06.06-11.56.16.356.jpk-force-map;map-data-2025.06.06-11.56.16.356.jpk-force-map;336;0.142;7.801310208055;[2.5e-05, 2.5e-05];[32, 32];;;;;;;;;;;;;;;;;;;;;;;;;;;;;;;;;;;;;;;;;;;
C:/Users/rlolo/Documents/Thèse/MEB et AFM/AFM/Résultats AFM Dynamo/06062025/Plaque hydrophobique_ethanol_PEI 0.5_Incubation 1h/cell2/force mapp/map-data-2025.06.06-11.56.16.356.jpk-force-map;map-data-2025.06.06-11.56.16.356.jpk-force-map;337;0.142;7.801310208055;[2.5e-05, 2.5e-05];[32, 32];1.33419474681951E-05;paraboloid;0.000000032;False;;False;-8.51902939294465E-06;347.747292884307;-2.28191485894479E-09;;0.5;;-1.60850152492693E-17;8.9504877607876E-21;9.4607017502866E-11;0.925193967790396;6.67045205548955E-09;2.22348401849652E-09;9.834581416081E-06;9.82590281046464E-06;paraboloid;0.000000032;analytical;False;;False;1;82.8490390993318;-0.0699481872873667;0.0100000000074022;8.78305403289093E-11;0.5;5,00E-07;5;102;-2.60924028863906E-12;5.43692488892061E-20;2.33172144325188E-10;0.366960076437525;5.47149555975405E-06;1.36787388993851E-06;9.59163307214862E-05;9.7653328748426E-05
C:/Users/rlolo/Documents/Thèse/MEB et AFM/AFM/Résultats AFM Dynamo/06062025/Plaque hydrophobique_ethanol_PEI 0.5_Incubation 1h/cell2/force mapp/map-data-2025.06.06-11.56.16.356.jpk-force-map;map-data-2025.06.06-11.56.16.356.jpk-force-map;338;0.142;7.801310208055;[2.5e-05, 2.5e-05];[32, 32];1.32871663094793E-05;paraboloid;0.000000032;False;;False;-5.30668774044578E-07;7260.0643324725;6.65436660840762E-11;;0.5;;-3.2081971358023E-20;2.91095304994632E-21;5.39532487432066E-11;0.977618163143283;4.3518662745488E-08;1.45062209151627E-08;8.5821838376336E-06;6.37214952326942E-07;paraboloid;0.000000032;analytical;False;;False;1;4298.15030609339;0.00060853737891255;0.12198853963891;2.40003477641108E-11;0.5;5,00E-07;5;152;4.97627784825179E-10;8.19650204598727E-19;9.05345351011826E-10;0.398526793383296;-1.34399772124406E-07;-3.35999430311016E-08;0.00010013882277168;9.7606968182328E-05
C:/Users/rlolo/Documents/Thèse/MEB et AFM/AFM/Résultats AFM Dynamo/06062025/Plaque hydrophobique_ethanol_PEI 0.5_Incubation 1h/cell2/force mapp/map-data-2025.06.06-11.56.16.356.jpk-force-map;map-data-2025.06.06-11.56.16.356.jpk-force-map;339;0.142;7.801310208055;[2.5e-05, 2.5e-05];[32, 32];1.39944960893745E-05;paraboloid;0.000000032;False;;False;-1.0145069586031E-07;10349.5017599639;3.07716572003212E-11;;0.5;;-3.83108793776296E-20;2.57704844989714E-21;5.07646377894804E-11;0.976845789462409;-7.59114492204521E-09;-2.53038164068174E-09;9.59537508702535E-06;5.18976649921862E-07;paraboloid;0.000000032;analytical;False;;False;1;12487.2119591453;0.000786114021601718;0.0323957455551255;-6.32071228076557E-11;0.5;5,00E-07;5;155;2.01743440346309E-11;5.26288091069293E-21;7.25457160051021E-11;0.972863390585417;-2.67816182199302E-09;-6.69540455498254E-10;9.79519046845161E-05;9.7734696272598E-05
C:/Users/rlolo/Documents/Thèse/MEB et AFM/AFM/Résultats AFM Dynamo/06062025/Plaque hydrophobique_ethanol_PEI 0.5_Incubation 1h/cell2/force mapp/map-data-2025.06.06-11.56.16.356.jpk-force-map;map-data-2025.06.06-11.56.16.356.jpk-force-map;340;0.142;7.801310208055;[2.5e-05, 2.5e-05];[32, 32];1.49021224374931E-05;paraboloid;0.000000032;False;;False;-1.17494114225919E-07;36277.7995647559;1.88841639337779E-11;;0.5;;-9.34041994789483E-20;3.02775952691311E-21;5.50250808896553E-11;0.95058490128867;-1.31084969379222E-08;-4.36949897930739E-09;1.01756154171019E-05;2.12216286983646E-07;paraboloid;0.000000032;analytical;False;;False;1;88581.7961339161;0.000682286963476306;0.0100000000074019;1.97533081623491E-11;0.5;5,00E-07;5;159;4.65477692093276E-11;1.18520957141763E-20;1.08867330793844E-10;0.975544302750135;4.06259879031759E-09;1.0156496975794E-09;9.7871879375744E-05;9.7817009930772E-05
C:/Users/rlolo/Documents/Thèse/MEB et AFM/AFM/Résultats AFM Dynamo/06062025/Plaque hydrophobique_ethanol_PEI 0.5_Incubation 1h/cell2/force mapp/map-data-2025.06.06-11.56.16.356.jpk-force-map;map-data-2025.06.06-11.56.16.356.jpk-force-map;341;0.142;7.801310208055;[2.5e-05, 2.5e-05];[32, 32];1.56964965455723E-05;paraboloid;0.000000032;False;;False;3.74886415689307E-08;75667.1117128095;4.98500231726382E-12;;0.5;;-5.17283437345321E-20;1.23271522719592E-21;3.51100445342343E-11;0.975520104051608;-4.11002196052835E-09;-1.37000732017612E-09;1.10527525970061E-05;1.40806048863217E-07;paraboloid;0.000000032;analytical;False;;False;1;66900.851143894;-3.35926058229203E-05;0.010000109417688;2.26144066568606E-11;0.5;5,00E-07;5;151;5.91087092528027E-11;8.90910927763826E-21;9.43880780482274E-11;0.981046816005756;-1.03339155915337E-07;-2.58347889788343E-08;9.79731008984427E-05;9.78018717867399E-05
C:/Users/rlolo/Documents/Thèse/MEB et AFM/AFM/Résultats AFM Dynamo/06062025/Plaque hydrophobique_ethanol_PEI 0.5_Incubation 1h/cell2/force mapp/map-data-2025.06.06-11.56.16.356.jpk-force-map;map-data-2025.06.06-11.56.16.356.jpk-force-map;342;0.142;7.801310208055;[2.5e-05, 2.5e-05];[32, 32];1.5969290631699E-05;paraboloid;0.000000032;False;;False;-4.34695580364499E-08;70449.9299154593;-2.9638532357419E-12;;0.5;;-9.32794576943026E-20;1.75375866746907E-21;4.18779018990812E-11;0.96527284405921;4.06764340276462E-09;1.35588113425487E-09;1.12553198868343E-05;1.42501584737584E-07;paraboloid;0.000000032;analytical;False;;False;1;124453.970281332;0.000252402925596961;0.0100000000221552;-7.1104795648635E-11;0.5;5,00E-07;5;152;1.20799945956449E-11;1.07563367440285E-20;1.03712760757915E-10;0.983704629336236;1.08653441761424E-07;2.71633604403559E-08;9.82265736137513E-05;9.7640082872398E-05
C:/Users/rlolo/Documents/Thèse/MEB et AFM/AFM/Résultats AFM Dynamo/06062025/Plaque hydrophobique_ethanol_PEI 0.5_Incubation 1h/cell2/force mapp/map-data-2025.06.06-11.56.16.356.jpk-force-map;map-data-2025.06.06-11.56.16.356.jpk-force-map;343;0.142;7.801310208055;[2.5e-05, 2.5e-05];[32, 32];1.61053210478365E-05;paraboloid;0.000000032;False;;False;-1.95385595036977E-08;100310.844881409;-5.69531874774572E-12;;0.5;;-1.22351726468491E-19;1.80414541824641E-21;4.24752329981416E-11;0.955253385676798;7.17293056969696E-09;2.39097685656565E-09;1.17000265211243E-05;1.10828528273171E-07;paraboloid;0.000000032;analytical;False;;False;1;155100.524598872;9.14195020046242E-05;0.010000000007363;-1.01396521203995E-11;0.5;5,00E-07;5;148;4.0856540729489E-11;1.65957248508681E-20;1.28824395402688E-10;0.980685928260682;-1.91840780756405E-08;-4.79601951891013E-09;9.81323332604787E-05;9.73575721827682E-05
C:/Users/rlolo/Documents/Thèse/MEB et AFM/AFM/Résultats AFM Dynamo/06062025/Plaque hydrophobique_ethanol_PEI 0.5_Incubation 1h/cell2/force mapp/map-data-2025.06.06-11.56.16.356.jpk-force-map;map-data-2025.06.06-11.56.16.356.jpk-force-map;344;0.142;7.801310208055;[2.5e-05, 2.5e-05];[32, 32];1.61465015302736E-05;paraboloid;0.000000032;False;;False;4.40557972455013E-08;82452.6073435099;-5.54923853474576E-12;;0.5;;-1.62230794158491E-20;7.42919258932332E-22;2.72565452493953E-11;0.986639786850941;2.87250475374509E-09;9.57501584581696E-10;1.21116894253945E-05;1.3845782712596E-07;paraboloid;0.000000032;analytical;False;;False;1;92630.740744536;2.80178002314176E-05;0.0100000003601873;-5.86545732292846E-11;0.5;5,00E-07;5;152;7.27236938420626E-12;4.29440331453418E-21;6.55316970216259E-11;0.991425263113697;2.80886569220945E-09;7.02216423052363E-10;9.71008686246495E-05;9.71148773058996E-05
C:/Users/rlolo/Documents/Thèse/MEB et AFM/AFM/Résultats AFM Dynamo/06062025/Plaque hydrophobique_ethanol_PEI 0.5_Incubation 1h/cell2/force mapp/map-data-2025.06.06-11.56.16.356.jpk-force-map;map-data-2025.06.06-11.56.16.356.jpk-force-map;345;0.142;7.801310208055;[2.5e-05, 2.5e-05];[32, 32];1.61712665877759E-05;paraboloid;0.000000032;False;;False;5.72886373362217E-08;44454.7626650178;-2.93175760968896E-12;;0.5;;-5.09225069391451E-20;8.58489841124998E-22;2.92999972888224E-11;0.988106867594997;4.41490465401981E-09;1.47163488467327E-09;1.23395184930761E-05;2.0853013469246E-07;paraboloid;0.000000032;analytical;False;;False;1;37747.6594545358;-0.000288562361957283;0.010000000003338;-6.91643830683937E-11;0.5;5,00E-07;5;159;5.30651949602213E-13;4.87639928149171E-21;6.9831219962791E-11;0.981718829689249;4.13130684355238E-09;1.0328267108881E-09;9.78904381662064E-05;9.69880974157299E-05
C:/Users/rlolo/Documents/Thèse/MEB et AFM/AFM/Résultats AFM Dynamo/06062025/Plaque hydrophobique_ethanol_PEI 0.5_Incubation 1h/cell2/force mapp/map-data-2025.06.06-11.56.16.356.jpk-force-map;map-data-2025.06.06-11.56.16.356.jpk-force-map;346;0.142;7.801310208055;[2.5e-05, 2.5e-05];[32, 32];1.6189266787164E-05;paraboloid;0.000000032;False;;False;4.82690898995939E-08;70997.2868926584;-3.55437239909424E-12;;0.5;;-2.94006493975267E-20;5.48548192457552E-22;2.34211057052726E-11;0.991720407102008;3.0249595084636E-09;1.00831983615453E-09;1.24366154950314E-05;1.58491245807605E-07;paraboloid;0.000000032;analytical;False;;False;1;44558.6358974196;-0.000504203013193989;0.0100000001034235;-1.09436924895378E-10;0.5;5,00E-07;5;154;8.79276986244167E-12;1.24820780646271E-20;1.11723220794189E-10;0.961687172402773;8.97542925923406E-09;2.24385731480852E-09;9.77685136483221E-05;9.68632558865741E-05
C:/Users/rlolo/Documents/Thèse/MEB et AFM/AFM/Résultats AFM Dynamo/06062025/Plaque hydrophobique_ethanol_PEI 0.5_Incubation 1h/cell2/force mapp/map-data-2025.06.06-11.56.16.356.jpk-force-map;map-data-2025.06.06-11.56.16.356.jpk-force-map;347;0.142;7.801310208055;[2.5e-05, 2.5e-05];[32, 32];1.62048306914969E-05;paraboloid;0.000000032;False;;False;4.20620626229265E-08;87349.0644754826;-2.75425930954655E-12;;0.5;;-4.44873955400766E-21;5.55120354850425E-22;2.35609922297518E-11;0.990157869461;3.55933354597938E-09;1.18644451532646E-09;1.25900074701056E-05;1.35061389683203E-07;paraboloid;0.000000032;analytical;False;;False;1;54866.235288395;-0.000613073554004785;0.0100000000041548;-8.17647248584778E-11;0.5;5,00E-07;5;150;1.50114787063634E-18;1.65795395837354E-20;1.28761560971182E-10;0.954738357336687;3.35872062645049E-08;8.39680156612621E-09;9.75016550916687E-05;9.66819576348761E-05
C:/Users/rlolo/Documents/Thèse/MEB et AFM/AFM/Résultats AFM Dynamo/06062025/Plaque hydrophobique_ethanol_PEI 0.5_Incubation 1h/cell2/force mapp/map-data-2025.06.06-11.56.16.356.jpk-force-map;map-data-2025.06.06-11.56.16.356.jpk-force-map;348;0.142;7.801310208055;[2.5e-05, 2.5e-05];[32, 32];1.6220039795579E-05;paraboloid;0.000000032;False;;False;8.96315270192273E-08;39567.9950329468;-4.10872421994874E-12;;0.5;;-6.07989337695544E-20;1.21865922026787E-21;3.49092999108815E-11;0.981818621927046;4.60484971853121E-09;1.53494990617707E-09;1.30313080219885E-05;2.18188401403101E-07;paraboloid;0.000000032;analytical;False;;False;1;42340.4126621727;-6.52812906417645E-05;0.0100000000068683;-9.36839305367895E-11;0.5;5,00E-07;5;161;4.59215229086944E-17;4.6001955353881E-21;6.78247413219402E-11;0.984928245384439;1.1672308869492E-08;2.918077217373E-09;9.71174569973105E-05;9.63784515375148E-05
C:/Users/rlolo/Documents/Thèse/MEB et AFM/AFM/Résultats AFM Dynamo/06062025/Plaque hydrophobique_ethanol_PEI 0.5_Incubation 1h/cell2/force mapp/map-data-2025.06.06-11.56.16.356.jpk-force-map;map-data-2025.06.06-11.56.16.356.jpk-force-map;349;0.142;7.801310208055;[2.5e-05, 2.5e-05];[32, 32];1.62337114319079E-05;paraboloid;0.000000032;False;;False;3.05090892043537E-08;60620.8838464991;3.50908913496372E-12;;0.5;;-1.8210667754135E-20;5.7084644599279E-22;2.38923930570546E-11;0.99188375803869;-3.05916349546146E-09;-1.01972116515382E-09;1.32230420774938E-05;1.74351841262292E-07;paraboloid;0.000000032;analytical;False;;False;1;45306.5665417165;-0.000509083207245171;0.0100000000012476;-9.89227840329984E-11;0.5;5,00E-07;5;154;2.88302273170785E-16;1.24366828603807E-20;1.11519876526029E-10;0.959289655109946;-2.64950250038542E-09;-6.62375625096354E-10;9.66606719541809E-05;9.59820043232905E-05
C:/Users/rlolo/Documents/Thèse/MEB et AFM/AFM/Résultats AFM Dynamo/06062025/Plaque hydrophobique_ethanol_PEI 0.5_Incubation 1h/cell2/force mapp/map-data-2025.06.06-11.56.16.356.jpk-force-map;map-data-2025.06.06-11.56.16.356.jpk-force-map;350;0.142;7.801310208055;[2.5e-05, 2.5e-05];[32, 32];1.6247477681637E-05;paraboloid;0.000000032;False;;False;7.44745858642882E-08;197816.568280851;2.5457855315181E-12;;0.5;;-7.0555746940533E-20;1.15687910757241E-21;3.40129255956086E-11;0.95895735655771;-1.51940595572501E-09;-5.06468651908336E-10;1.34890713055061E-05;7.09093973337324E-08;paraboloid;0.000000032;analytical;False;;False;1;323772.115938105;-9.88042431137298E-05;0.0100000000012197;-6.19705013009046E-11;0.5;5,00E-07;5;163;1.15134115933792E-11;5.75009066934194E-20;2.39793466744654E-10;0.968579227812058;2.07764580804881E-08;5.19411452012202E-09;9.60610035471531E-05;9.54527371237397E-05
C:/Users/rlolo/Documents/Thèse/MEB et AFM/AFM/Résultats AFM Dynamo/06062025/Plaque hydrophobique_ethanol_PEI 0.5_Incubation 1h/cell2/force mapp/map-data-2025.06.06-11.56.16.356.jpk-force-map;map-data-2025.06.06-11.56.16.356.jpk-force-map;351;0.142;7.801310208055;[2.5e-05, 2.5e-05];[32, 32];1.62593516633621E-05;paraboloid;0.000000032;False;;False;7.17579609365566E-08;440360.576910921;2.33358608834655E-13;;0.5;;-1.20075460598956E-20;5.1746541698356E-22;2.27478662072635E-11;0.980280636472681;-1.76650895708161E-11;-5.88836319027204E-12;1.37040566041106E-05;4.57043479789626E-08;paraboloid;0.000000032;analytical;False;;False;1;226838.779834219;-0.000355469707334745;0.0100000000005257;-2.88238608895341E-11;0.5;5,00E-07;5;160;1.08076196603933E-16;2.10455994940332E-20;1.45071015347771E-10;0.979247809049293;1.02560792626834E-08;2.56401981567085E-09;9.54559272578394E-05;9.5036308329792E-05
C:/Users/rlolo/Documents/Thèse/MEB et AFM/AFM/Résultats AFM Dynamo/06062025/Plaque hydrophobique_ethanol_PEI 0.5_Incubation 1h/cell2/force mapp/map-data-2025.06.06-11.56.16.356.jpk-force-map;map-data-2025.06.06-11.56.16.356.jpk-force-map;352;0.142;7.801310208055;[2.5e-05, 2.5e-05];[32, 32];1.6263561959671E-05;paraboloid;0.000000032;False;;False;8.75733008983987E-08;312598.741437078;3.60968970225566E-12;;0.5;;-1.75777433833194E-20;5.75833346942213E-22;2.39965278101273E-11;0.981193276378391;-4.33412423011158E-09;-1.44470807670386E-09;1.35871854015135E-05;5.81711501304112E-08;paraboloid;0.000000032;analytical;False;;False;1;209972.971635034;-0.000318619226411373;0.0100000000247794;-6.09920923632897E-11;0.5;5,00E-07;5;161;3.19424906841147E-12;2.07212434329676E-20;1.43948752801015E-10;0.977743663075431;1.58103886890449E-08;3.95259717226122E-09;9.55220635484555E-05;9.53127098570484E-05
C:/Users/rlolo/Documents/Thèse/MEB et AFM/AFM/Résultats AFM Dynamo/06062025/Plaque hydrophobique_ethanol_PEI 0.5_Incubation 1h/cell2/force mapp/map-data-2025.06.06-11.56.16.356.jpk-force-map;map-data-2025.06.06-11.56.16.356.jpk-force-map;353;0.142;7.801310208055;[2.5e-05, 2.5e-05];[32, 32];1.62661638281765E-05;paraboloid;0.000000032;False;;False;5.28955508495581E-08;76794.3504680412;2.89810906018093E-12;;0.5;;-4.69109886729433E-20;5.10332057769833E-22;2.25905302675664E-11;0.990852076657161;-1.0006703625352E-09;-3.33556787511732E-10;1.34598121114943E-05;1.44256834120764E-07;paraboloid;0.000000032;analytical;False;;False;1;59288.3445114779;-0.000482372483178159;0.0100000000429922;-5.55385492375878E-11;0.5;5,00E-07;5;150;5.54638557223217E-17;1.3471556660423E-20;1.16067035201314E-10;0.959277383191669;1.82088010787998E-08;4.55220026969996E-09;9.58336243915581E-05;9.5640782797069E-05
C:/Users/rlolo/Documents/Thèse/MEB et AFM/AFM/Résultats AFM Dynamo/06062025/Plaque hydrophobique_ethanol_PEI 0.5_Incubation 1h/cell2/force mapp/map-data-2025.06.06-11.56.16.356.jpk-force-map;map-data-2025.06.06-11.56.16.356.jpk-force-map;354;0.142;7.801310208055;[2.5e-05, 2.5e-05];[32, 32];1.62668024686279E-05;paraboloid;0.000000032;False;;False;5.14681754188617E-08;38442.2185094375;3.87085066442798E-13;;0.5;;-2.60669518378638E-20;7.18044819280103E-22;2.67963583212365E-11;0.990393883400873;1.88311863677082E-11;6.27706212256941E-12;1.33623603092883E-05;2.27556835730989E-07;paraboloid;0.000000032;analytical;False;;False;1;37370.1977070355;-0.000310195587503611;0.0100000000031769;-4.12905599117583E-11;0.5;5,00E-07;5;160;1.40826201872881E-17;8.10474891850479E-21;9.00263790147354E-11;0.970887096521791;1.25899698125169E-09;3.14749245312922E-10;9.61670459521049E-05;9.59432038127757E-05
C:/Users/rlolo/Documents/Thèse/MEB et AFM/AFM/Résultats AFM Dynamo/06062025/Plaque hydrophobique_ethanol_PEI 0.5_Incubation 1h/cell2/force mapp/map-data-2025.06.06-11.56.16.356.jpk-force-map;map-data-2025.06.06-11.56.16.356.jpk-force-map;355;0.142;7.801310208055;[2.5e-05, 2.5e-05];[32, 32];1.6265927294676E-05;paraboloid;0.000000032;False;;False;4.36129974913421E-08;62059.1185682604;-1.51019341650615E-12;;0.5;;-2.23484276450483E-20;6.13292797745001E-22;2.47647490951352E-11;0.99075717452639;2.26269398187906E-09;7.5423132729302E-10;1.30741678922791E-05;1.69460821331824E-07;paraboloid;0.000000032;analytical;False;;False;1;48629.7022484064;-0.000390164606698051;0.0100000000483734;-9.24575648630416E-11;0.5;5,00E-07;5;155;6.50875025389562E-12;1.06015479386508E-20;1.02963818590079E-10;0.968828509436479;4.53371153171283E-08;1.13342788292821E-08;0.0000964968955804;9.62260988381363E-05
C:/Users/rlolo/Documents/Thèse/MEB et AFM/AFM/Résultats AFM Dynamo/06062025/Plaque hydrophobique_ethanol_PEI 0.5_Incubation 1h/cell2/force mapp/map-data-2025.06.06-11.56.16.356.jpk-force-map;map-data-2025.06.06-11.56.16.356.jpk-force-map;356;0.142;7.801310208055;[2.5e-05, 2.5e-05];[32, 32];1.62660692147763E-05;paraboloid;0.000000032;False;;False;6.4039862179907E-08;83475.4008379639;-4.33176440395139E-12;;0.5;;-3.12627406550597E-20;7.27868828903183E-22;2.69790442548135E-11;0.986665795762917;4.2249485237199E-09;1.4083161745733E-09;1.29469601757102E-05;1.37697165282769E-07;paraboloid;0.000000032;analytical;False;;False;1;55814.7251827211;-0.000684784214411861;0.0100000000073241;-3.61014629928057E-11;0.5;5,00E-07;5;149;1.29127178653854E-11;2.60780167537936E-20;1.61486893442761E-10;0.931201115859674;1.10505261876935E-08;2.76263154692337E-09;9.67336951320182E-05;9.63985107834836E-05
C:/Users/rlolo/Documents/Thèse/MEB et AFM/AFM/Résultats AFM Dynamo/06062025/Plaque hydrophobique_ethanol_PEI 0.5_Incubation 1h/cell2/force mapp/map-data-2025.06.06-11.56.16.356.jpk-force-map;map-data-2025.06.06-11.56.16.356.jpk-force-map;357;0.142;7.801310208055;[2.5e-05, 2.5e-05];[32, 32];1.62694752971835E-05;paraboloid;0.000000032;False;;False;4.34882011849831E-08;85739.5542820658;-1.30952104795078E-12;;0.5;;-8.16489547039078E-22;4.75935924263861E-22;2.18159557265746E-11;0.991919695304298;1.56537290945428E-09;5.21790969818095E-10;1.2924181999612E-05;1.37620068796614E-07;paraboloid;0.000000032;analytical;False;;False;1;56067.2079581788;-0.000504622221941236;0.0100000000052276;-7.91778375425838E-11;0.5;5,00E-07;5;151;1.71343935710933E-17;9.15200559320821E-21;9.56661151777797E-11;0.974289811887769;1.46399957706029E-08;3.65999894265072E-09;9.6767510598761E-05;9.63829648661201E-05
C:/Users/rlolo/Documents/Thèse/MEB et AFM/AFM/Résultats AFM Dynamo/06062025/Plaque hydrophobique_ethanol_PEI 0.5_Incubation 1h/cell2/force mapp/map-data-2025.06.06-11.56.16.356.jpk-force-map;map-data-2025.06.06-11.56.16.356.jpk-force-map;358;0.142;7.801310208055;[2.5e-05, 2.5e-05];[32, 32];1.62698774041344E-05;paraboloid;0.000000032;False;;False;5.7223391572706E-08;136613.000832775;-3.37775876399783E-12;;0.5;;-1.9128597046325E-20;6.54305847605939E-22;2.55794028000252E-11;0.984815526429567;4.00464326890941E-09;1.33488108963647E-09;1.28108114928224E-05;9.86225376132681E-08;paraboloid;0.000000032;analytical;False;;False;1;96803.366199088;-0.000292260195427756;0.0100000000042531;-5.98685339200184E-11;0.5;5,00E-07;5;147;2.19818255393957E-11;8.53308758070446E-21;9.23747128856402E-11;0.983249240350098;1.94089161535122E-09;4.85222903837805E-10;9.6844953492227E-05;9.64536556017957E-05
C:/Users/rlolo/Documents/Thèse/MEB et AFM/AFM/Résultats AFM Dynamo/06062025/Plaque hydrophobique_ethanol_PEI 0.5_Incubation 1h/cell2/force mapp/map-data-2025.06.06-11.56.16.356.jpk-force-map;map-data-2025.06.06-11.56.16.356.jpk-force-map;359;0.142;7.801310208055;[2.5e-05, 2.5e-05];[32, 32];1.62669207353781E-05;paraboloid;0.000000032;False;;False;5.04447068826818E-08;266082.464805125;2.35346135283273E-13;;0.5;;-3.53031081855923E-20;1.11301723584808E-21;3.33619129524685E-11;0.964672395904425;2.46749622643374E-10;8.22498742144579E-11;1.250220623472E-05;6.30903766487045E-08;paraboloid;0.000000032;analytical;False;;False;1;154059.179608757;-0.000408413821747616;0.0100000000062331;6.5331647095748E-11;0.5;5,00E-07;5;162;5.85520213696097E-11;2.71870767131396E-20;1.64885040901653E-10;0.96925160038525;3.00936757851427E-09;7.52341894628568E-10;9.71554256719422E-05;9.67891140854523E-05
C:/Users/rlolo/Documents/Thèse/MEB et AFM/AFM/Résultats AFM Dynamo/06062025/Plaque hydrophobique_ethanol_PEI 0.5_Incubation 1h/cell2/force mapp/map-data-2025.06.06-11.56.16.356.jpk-force-map;map-data-2025.06.06-11.56.16.356.jpk-force-map;360;0.142;7.801310208055;[2.5e-05, 2.5e-05];[32, 32];1.62598720370632E-05;paraboloid;0.000000032;False;;False;7.97058050322432E-08;243821.432291878;-6.52361454304356E-12;;0.5;;-3.80286949343148E-20;1.02674603909818E-21;3.20428781338097E-11;0.965149305131395;4.81681793377491E-09;1.60560597792497E-09;1.21834300360962E-05;6.49719424810693E-08;paraboloid;0.000000032;analytical;False;;False;1;173786.318351772;-0.000314004260895957;0.0100000000976349;1.23747200066782E-11;0.5;5,00E-07;5;162;5.81532851055165E-11;2.67686155008353E-20;1.63611171687129E-10;0.971876209112653;5.55506451146443E-08;1.38876612786611E-08;9.75388054908654E-05;9.70836708457831E-05
C:/Users/rlolo/Documents/Thèse/MEB et AFM/AFM/Résultats AFM Dynamo/06062025/Plaque hydrophobique_ethanol_PEI 0.5_Incubation 1h/cell2/force mapp/map-data-2025.06.06-11.56.16.356.jpk-force-map;map-data-2025.06.06-11.56.16.356.jpk-force-map;361;0.142;7.801310208055;[2.5e-05, 2.5e-05];[32, 32];1.62552359804534E-05;paraboloid;0.000000032;False;;False;3.86679621740303E-08;32648.14076514;-3.83366470911493E-12;;0.5;;-2.25991414622596E-20;1.16196334275944E-21;3.40875834103775E-11;0.98467609261592;3.52136224661812E-09;1.17378741553937E-09;1.20495757281632E-05;2.4947283118574E-07;paraboloid;0.000000032;analytical;False;;False;1;38792.9988704421;9.25994169746688E-05;0.0100000000206231;-5.63652334431467E-11;0.5;5,00E-07;5;146;1.04975596055338E-11;6.85571735117984E-21;8.27992593637155E-11;0.977509148355276;-1.07216419594638E-09;-2.68041048986595E-10;9.78392234240714E-05;9.73222611462253E-05
C:/Users/rlolo/Documents/Thèse/MEB et AFM/AFM/Résultats AFM Dynamo/06062025/Plaque hydrophobique_ethanol_PEI 0.5_Incubation 1h/cell2/force mapp/map-data-2025.06.06-11.56.16.356.jpk-force-map;map-data-2025.06.06-11.56.16.356.jpk-force-map;362;0.142;7.801310208055;[2.5e-05, 2.5e-05];[32, 32];1.61233212472246E-05;paraboloid;0.000000032;False;;False;7.07193712056885E-09;133316.756047962;-6.50263100029158E-12;;0.5;;-9.69785689768576E-20;2.34479434624793E-21;4.84230765880063E-11;0.914848597996139;6.93145195047939E-09;2.31048398349313E-09;1.14048800192004E-05;8.48069913855551E-08;paraboloid;0.000000032;analytical;False;;False;1;180734.559894884;-4.63116009863495E-05;0.0100000002000758;1.4408661512632E-11;0.5;5,00E-07;5;164;8.260996682804E-11;3.11521467829389E-20;1.76499707600151E-10;0.969937913540673;-9.29372590722112E-08;-2.32343147680528E-08;0.000100028598160447;9.75747996262599E-05
C:/Users/rlolo/Documents/Thèse/MEB et AFM/AFM/Résultats AFM Dynamo/06062025/Plaque hydrophobique_ethanol_PEI 0.5_Incubation 1h/cell2/force mapp/map-data-2025.06.06-11.56.16.356.jpk-force-map;map-data-2025.06.06-11.56.16.356.jpk-force-map;363;0.142;7.801310208055;[2.5e-05, 2.5e-05];[32, 32];1.55844742797355E-05;paraboloid;0.000000032;False;;False;-1.60939850249081E-08;93885.6199515025;-3.45747227800579E-12;;0.5;;-1.87822607434053E-19;3.27145958790256E-21;5.7196674622766E-11;0.897680848074355;6.67523738999819E-09;2.2250791299994E-09;1.08589607000464E-05;1.05423751849206E-07;paraboloid;0.000000032;analytical;False;;False;1;206576.356641485;0.000242513423628549;0.010000000007434;-7.31518300484408E-12;0.5;5,00E-07;5;147;6.13845979018394E-11;2.19632221540893E-20;1.48199939791112E-10;0.982894484647505;-5.86298880469616E-08;-1.46574720117404E-08;0.000100813416315106;9.7684551170492E-05
C:/Users/rlolo/Documents/Thèse/MEB et AFM/AFM/Résultats AFM Dynamo/06062025/Plaque hydrophobique_ethanol_PEI 0.5_Incubation 1h/cell2/force mapp/map-data-2025.06.06-11.56.16.356.jpk-force-map;map-data-2025.06.06-11.56.16.356.jpk-force-map;364;0.142;7.801310208055;[2.5e-05, 2.5e-05];[32, 32];1.48757252988373E-05;paraboloid;0.000000032;False;;False;-1.28110973518523E-07;34132.4699781655;1.06530409592729E-11;;0.5;;-1.15806020693032E-19;3.97327869379049E-21;6.30339487402661E-11;0.936675364346719;-5.98476570507623E-09;-1.99492190169208E-09;1.01483667578443E-05;2.190006909856E-07;paraboloid;0.000000032;analytical;False;;False;1;80519.3971401969;0.000801802579767749;0.0100000039187461;3.27039493244409E-11;0.5;5,00E-07;5;160;5.43125778809298E-11;1.03929107633818E-20;1.01945626504435E-10;0.980506707420242;1.64948648792825E-07;4.12371621982062E-08;0.00010075854054299;9.7743211478616E-05
C:/Users/rlolo/Documents/Thèse/MEB et AFM/AFM/Résultats AFM Dynamo/06062025/Plaque hydrophobique_ethanol_PEI 0.5_Incubation 1h/cell2/force mapp/map-data-2025.06.06-11.56.16.356.jpk-force-map;map-data-2025.06.06-11.56.16.356.jpk-force-map;365;0.142;7.801310208055;[2.5e-05, 2.5e-05];[32, 32];1.4074657292694E-05;paraboloid;0.000000032;False;;False;-6.78601654854795E-08;8939.69273075567;1.36783444513794E-11;;0.5;;-5.11203400577734E-20;2.5722712042425E-21;5.07175630747624E-11;0.977394776582082;-1.13918224975729E-08;-3.79727416585764E-09;9.7589380026211E-06;5.71924807100354E-07;paraboloid;0.000000032;analytical;False;;False;1;10131.4296844396;0.000502468132102446;0.0229729338314777;-6.68801815111254E-11;0.5;5,00E-07;5;144;7.00668930649437E-12;5.51768785452584E-21;7.42811406382928E-11;0.968588324895544;-1.73139930129608E-09;-4.32849825324021E-10;0.000100740563996952;9.7805656322748E-05
C:/Users/rlolo/Documents/Thèse/MEB et AFM/AFM/Résultats AFM Dynamo/06062025/Plaque hydrophobique_ethanol_PEI 0.5_Incubation 1h/cell2/force mapp/map-data-2025.06.06-11.56.16.356.jpk-force-map;map-data-2025.06.06-11.56.16.356.jpk-force-map;366;0.142;7.801310208055;[2.5e-05, 2.5e-05];[32, 32];1.40754851599457E-05;paraboloid;0.000000032;False;;False;-1.34921706246949E-07;12224.2454702021;2.92344075736833E-11;;0.5;;-5.23376891239693E-20;5.36665942571625E-21;7.32574871649052E-11;0.962672252328058;-3.535653113726E-08;-1.17855103790867E-08;9.63449772800805E-06;5.03244229532562E-07;paraboloid;0.000000032;analytical;False;;False;1;13325.5991530269;0.000641133075137884;0.0388901966990059;-4.49547067746807E-11;0.5;5,00E-07;5;152;9.62444661639438E-12;9.07364258794044E-21;9.52556695842323E-11;0.956584783949829;-5.78950978189613E-10;-1.44737744547403E-10;9.947652897028E-05;9.7614537254344E-05
C:/Users/rlolo/Documents/Thèse/MEB et AFM/AFM/Résultats AFM Dynamo/06062025/Plaque hydrophobique_ethanol_PEI 0.5_Incubation 1h/cell2/force mapp/map-data-2025.06.06-11.56.16.356.jpk-force-map;map-data-2025.06.06-11.56.16.356.jpk-force-map;367;0.142;7.801310208055;[2.5e-05, 2.5e-05];[32, 32];1.25103902938373E-05;paraboloid;0.000000032;False;;False;-4.92152138775465E-07;5774.09060911232;6.59039795135735E-11;;0.5;;-9.95341831250148E-20;2.51368881292739E-21;5.01367012569374E-11;0.981074685003188;-1.25983788251685E-07;-4.19945960838951E-08;7.94309397263265E-06;7.45274467015126E-07;paraboloid;0.000000032;analytical;False;;False;1;3855.46134263647;0.000916493922642859;0.113328120669613;-3.06006300972562E-11;0.5;5,00E-07;5;147;5.61023740112803E-11;1.53728833882928E-20;1.23987432380435E-10;0.934664790188305;-1.34837760080633E-08;-3.37094400201583E-09;0.000100543768124536;9.7788625910712E-05
C:/Users/rlolo/Documents/Thèse/MEB et AFM/AFM/Résultats AFM Dynamo/06062025/Plaque hydrophobique_ethanol_PEI 0.5_Incubation 1h/cell2/force mapp/map-data-2025.06.06-11.56.16.356.jpk-force-map;map-data-2025.06.06-11.56.16.356.jpk-force-map;368;0.142;7.801310208055;[2.5e-05, 2.5e-05];[32, 32];9.77916161691385E-06;paraboloid;0.000000032;False;;False;-3.17972727722177E-06;932.16319973284;-6.04977832134729E-10;;0.5;;-2.19515168491425E-17;1.9477597137047E-21;4.41334307946335E-11;0.981158149520033;4.40836806212061E-09;1.46945602070687E-09;5.41535506618935E-06;3.63493923830673E-06;paraboloid;0.000000032;analytical;False;;False;1;163.80511702626;0.00795652109538876;0.345425170003322;-1.41311374221376E-10;0.5;5,00E-07;5;149;2.92770310949363E-10;5.62109825391246E-19;7.49739838471483E-10;0.422231896481933;-1.61633261307083E-07;-4.04083153267707E-08;0.000100397117354226;9.7815117662768E-05
C:/Users/rlolo/Documents/Thèse/MEB et AFM/AFM/Résultats AFM Dynamo/06062025/Plaque hydrophobique_ethanol_PEI 0.5_Incubation 1h/cell2/force mapp/map-data-2025.06.06-11.56.16.356.jpk-force-map;map-data-2025.06.06-11.56.16.356.jpk-force-map;369;0.142;7.801310208055;[2.5e-05, 2.5e-05];[32, 32];5.7394296152244E-06;paraboloid;0.000000032;False;;False;8.07518642200425E-08;5618132.15293101;-2.03111380421339E-12;;0.5;;-1.6936068505901E-19;2.01023265261251E-21;4.48356181245727E-11;0.838526477392818;1123.90551591936;374.635171973118;1.0174167313427E-06;7.95324856070542E-09;paraboloid;0.000000032;analytical;False;;False;1;499840.712026469;-0.000409068696423797;0.0100012756986259;3.75468031462808E-11;0.5;5,00E-07;5;157;1.17337746047068E-10;1.03391484089227E-19;3.21545461932255E-10;0.979606840052887;-9.83017055473094E-08;-2.45754263868274E-08;0.000100263712459944;9.7642448207403E-05
C:/Users/rlolo/Documents/Thèse/MEB et AFM/AFM/Résultats AFM Dynamo/06062025/Plaque hydrophobique_ethanol_PEI 0.5_Incubation 1h/cell2/force mapp/map-data-2025.06.06-11.56.16.356.jpk-force-map;map-data-2025.06.06-11.56.16.356.jpk-force-map;370;0.142;7.801310208055;[2.5e-05, 2.5e-05];[32, 32];5.7113767420651E-06;paraboloid;0.000000032;False;;False;8.30703318739114E-08;4078301.34672699;-2.57789269842643E-12;;0.5;;-1.26394619926879E-19;1.09595300980113E-21;3.3105181011454E-11;0.908161389011734;3.67214710120154E-09;1.22404903373385E-09;1.0075769377219E-06;1.02454625982059E-08;paraboloid;0.000000032;analytical;False;;False;1;428047.46578455;-0.00062784587396634;0.0100001918806578;-7.83538596381459E-12;0.5;5,00E-07;5;156;6.73501310505284E-11;1.8853106312964E-19;4.34201638791979E-10;0.961612480335142;1.37512730109451E-07;3.43781825273628E-08;9.9752327031863E-05;9.7387465093864E-05
C:/Users/rlolo/Documents/Thèse/MEB et AFM/AFM/Résultats AFM Dynamo/06062025/Plaque hydrophobique_ethanol_PEI 0.5_Incubation 1h/cell2/force mapp/map-data-2025.06.06-11.56.16.356.jpk-force-map;map-data-2025.06.06-11.56.16.356.jpk-force-map;371;0.142;7.801310208055;[2.5e-05, 2.5e-05];[32, 32];5.7071191390561E-06;paraboloid;0.000000032;False;;False;-6.27110149463962E-07;2981.69180740221;4.30138647306271E-11;;0.5;;-1.06873557874599E-18;3.73694402627192E-21;6.11305490427816E-11;0.897290066765363;-5.00048708604311E-09;-1.66682902868104E-09;1.0075769377219E-06;7.19136040231324E-07;paraboloid;0.000000032;analytical;False;;False;1;396104.356078616;0.00642316661115851;0.0100000000118553;-1.43441590076999E-10;0.5;5,00E-07;5;150;-7.54664875724981E-19;8.8631214534022E-20;2.97709950344328E-10;0.968529572520363;5.95165715585885E-08;1.48791428896471E-08;9.9576819174492E-05;9.7307989837696E-05
C:/Users/rlolo/Documents/Thèse/MEB et AFM/AFM/Résultats AFM Dynamo/06062025/Plaque hydrophobique_ethanol_PEI 0.5_Incubation 1h/cell2/force mapp/map-data-2025.06.06-11.56.16.356.jpk-force-map;map-data-2025.06.06-11.56.16.356.jpk-force-map;372;0.142;7.801310208055;[2.5e-05, 2.5e-05];[32, 32];6.4638371138557E-06;paraboloid;0.000000032;False;;False;5.47350867751404E-07;1701.77071245792;1.22432587550157E-10;;0.5;;-2.98998900968877E-19;2.8217644147867E-21;5.31202825179489E-11;0.973996532744045;1.51780948970624E-07;5.05936496568747E-08;3.82622839643015E-06;1.60887699837154E-06;paraboloid;0.000000032;analytical;False;;False;1;1046.85556772864;-0.000190483077090652;0.110874386727614;-1.3757036187534E-10;0.5;5,00E-07;5;148;-3.82484625799867E-19;5.88339415735111E-21;7.67032864833777E-11;0.964188565691976;1.42546372248052E-08;3.5636593062013E-09;9.76742939110262E-05;9.7323127981728E-05
C:/Users/rlolo/Documents/Thèse/MEB et AFM/AFM/Résultats AFM Dynamo/06062025/Plaque hydrophobique_ethanol_PEI 0.5_Incubation 1h/cell2/force mapp/map-data-2025.06.06-11.56.16.356.jpk-force-map;map-data-2025.06.06-11.56.16.356.jpk-force-map;373;0.142;7.801310208055;[2.5e-05, 2.5e-05];[32, 32];5.68840933916655E-06;paraboloid;0.000000032;False;;False;7.86387023263186E-08;2379476.75970698;4.8525489214296E-10;;0.5;;-1.34533118470187E-18;1.30476372475934E-20;1.14226254633483E-10;0.239542024114916;3.65132093665142E-08;1.21710697888381E-08;9.84680494873502E-07;1.09144163162708E-08;paraboloid;0.000000032;analytical;False;;False;1;433258.332875256;-0.000581978298226935;0.0100003989798719;-1.2507086643797E-10;0.5;5,00E-07;5;156;2.3442061205851E-10;2.46725354888898E-19;4.96714560778017E-10;0.962404965877632;-1.0148259316674E-07;-2.5370648291685E-08;0.000100552283330554;9.7357661872801E-05
C:/Users/rlolo/Documents/Thèse/MEB et AFM/AFM/Résultats AFM Dynamo/06062025/Plaque hydrophobique_ethanol_PEI 0.5_Incubation 1h/cell2/force mapp/map-data-2025.06.06-11.56.16.356.jpk-force-map;map-data-2025.06.06-11.56.16.356.jpk-force-map;374;0.142;7.801310208055;[2.5e-05, 2.5e-05];[32, 32];5.6977051057362E-06;paraboloid;0.000000032;False;;False;-8.98085580336888E-07;1394.65837290558;4.58077192392713E-10;;0.5;;-2.27889225934963E-19;2.62805174835918E-21;5.12645271933642E-11;0.875209187586418;4.05370698770066E-09;1.35123566256689E-09;1.00088303965775E-06;9.90661834376592E-07;paraboloid;0.000000032;analytical;False;;False;1;339757.292592028;0.0092772178912509;0.0100000000010098;1.5805368438714E-10;0.5;5,00E-07;5;148;-5.21851652258488E-18;7.22668859161944E-20;2.68825009841336E-10;0.945589430967534;-5.72813706653553E-09;-1.43203426663388E-09;9.9365831292046E-05;9.7257371668589E-05
C:/Users/rlolo/Documents/Thèse/MEB et AFM/AFM/Résultats AFM Dynamo/06062025/Plaque hydrophobique_ethanol_PEI 0.5_Incubation 1h/cell2/force mapp/map-data-2025.06.06-11.56.16.356.jpk-force-map;map-data-2025.06.06-11.56.16.356.jpk-force-map;375;0.142;7.801310208055;[2.5e-05, 2.5e-05];[32, 32];5.6749505829881E-06;paraboloid;0.000000032;False;;False;-8.76064311370746E-07;890.053592653374;6.85138834676075E-10;;0.5;;-3.20621069130397E-17;1.61254381479096E-21;4.01564915647639E-11;0.813284565181478;2.06397054633157E-09;6.87990182110523E-10;9.76922196057101E-07;9.6767524544275E-07;paraboloid;0.000000032;analytical;False;;False;1;48258.546919547;0.00811634957149712;0.180092700579943;1.61535203365824E-10;0.5;5,00E-07;5;158;1.27742745942222E-10;3.25892708445279E-19;5.70870132731849E-10;0.843390402206027;6.01774073925892E-08;1.50443518481473E-08;9.9721577676798E-05;9.7217160973504E-05
C:/Users/rlolo/Documents/Thèse/MEB et AFM/AFM/Résultats AFM Dynamo/06062025/Plaque hydrophobique_ethanol_PEI 0.5_Incubation 1h/cell2/force mapp/map-data-2025.06.06-11.56.16.356.jpk-force-map;map-data-2025.06.06-11.56.16.356.jpk-force-map;376;0.142;7.801310208055;[2.5e-05, 2.5e-05];[32, 32];5.6686114851747E-06;paraboloid;0.000000032;False;;False;-8.71215374674944E-07;689.232139658638;5.99016872307085E-10;;0.5;;-1.39094991466853E-17;2.30197027604192E-21;4.79788523835442E-11;0.644237114962407;2.9952289129495E-09;9.98409637649833E-10;9.71836725796352E-07;9.61625550127348E-07;paraboloid;0.000000032;analytical;False;;False;1;190446.701427178;0.00856662565851395;0.0619135203304528;3.82441187476352E-11;0.5;5,00E-07;5;157;8.77722098036565E-11;1.82941132986458E-19;4.27716182750264E-10;0.918535380183569;4.68497937296801E-08;1.171244843242E-08;9.9587226648514E-05;9.7183100149432E-05
C:/Users/rlolo/Documents/Thèse/MEB et AFM/AFM/Résultats AFM Dynamo/06062025/Plaque hydrophobique_ethanol_PEI 0.5_Incubation 1h/cell2/force mapp/map-data-2025.06.06-11.56.16.356.jpk-force-map;map-data-2025.06.06-11.56.16.356.jpk-force-map;377;0.142;7.801310208055;[2.5e-05, 2.5e-05];[32, 32];5.6424035733193E-06;paraboloid;0.000000032;False;;False;8.51279819866249E-08;8613838.14484956;3.31918280507674E-10;;0.5;;-3.98151283944091E-19;2.67201208988107E-21;5.16915088760337E-11;0.644196208963813;8.81451550377663E-09;2.93817183459221E-09;9.45983614191702E-07;5.05593542801188E-09;paraboloid;0.000000032;analytical;False;;False;1;448521.620641099;-0.000535942569322099;0.0113802977251143;1.30531102715885E-10;0.5;5,00E-07;5;157;1.45492651022129E-10;1.38313869287384E-19;3.71905726343901E-10;0.974355287973394;-1.3440851124718E-08;-3.3602127811795E-09;9.976036917088E-05;9.7188776953444E-05
C:/Users/rlolo/Documents/Thèse/MEB et AFM/AFM/Résultats AFM Dynamo/06062025/Plaque hydrophobique_ethanol_PEI 0.5_Incubation 1h/cell2/force mapp/map-data-2025.06.06-11.56.16.356.jpk-force-map;map-data-2025.06.06-11.56.16.356.jpk-force-map;378;0.142;7.801310208055;[2.5e-05, 2.5e-05];[32, 32];5.62899212384095E-06;paraboloid;0.000000032;False;;False;8.53749097369232E-08;8680601.9595386;-1.29592636200548E-11;;0.5;;-3.52799750540096E-19;6.81626969701079E-22;2.61079867033266E-11;0.935623599762761;-9.81192688343568E-09;-3.27064229447856E-09;9.33589258765501E-07;6.3021948398398E-09;paraboloid;0.000000032;analytical;False;;False;1;474332.289855852;-0.00054601097905011;0.0110304215707158;6.65272690542776E-11;0.5;5,00E-07;5;157;1.27997865926973E-10;1.83943784205341E-19;4.28886679911304E-10;0.966963437303565;-1.94689726134449E-07;-4.86724315336123E-08;9.9657713631663E-05;9.7178842546423E-05
C:/Users/rlolo/Documents/Thèse/MEB et AFM/AFM/Résultats AFM Dynamo/06062025/Plaque hydrophobique_ethanol_PEI 0.5_Incubation 1h/cell2/force mapp/map-data-2025.06.06-11.56.16.356.jpk-force-map;map-data-2025.06.06-11.56.16.356.jpk-force-map;379;0.142;7.801310208055;[2.5e-05, 2.5e-05];[32, 32];5.6060247209424E-06;paraboloid;0.000000032;False;;False;9.42554192353912E-08;11207268.7332013;-1.63200004713511E-11;;0.5;;-8.03042408413072E-18;7.12109863670108E-22;2.66853867064E-11;0.939363675599025;1.72187351977108E-09;5.73957839923693E-10;9.19420902085552E-07;5.58446106115415E-09;paraboloid;0.000000032;analytical;False;;False;1;479276.441544558;-0.000532814778437675;0.0121038951169327;8.76149623962198E-12;0.5;5,00E-07;5;158;9.635398298068E-11;1.78922423137347E-19;4.22992225859231E-10;0.971403775616825;-3.6047765430795E-07;-9.01194135769875E-08;9.9737661954832E-05;9.7180734814427E-05
C:/Users/rlolo/Documents/Thèse/MEB et AFM/AFM/Résultats AFM Dynamo/06062025/Plaque hydrophobique_ethanol_PEI 0.5_Incubation 1h/cell2/force mapp/map-data-2025.06.06-11.56.16.356.jpk-force-map;map-data-2025.06.06-11.56.16.356.jpk-force-map;380;0.142;7.801310208055;[2.5e-05, 2.5e-05];[32, 32];5.5967526077228E-06;paraboloid;0.000000032;False;;False;8.32881965594678E-08;5868029.78182327;-1.35812868054415E-11;;0.5;;-1.71462213516323E-19;1.29196990580057E-21;3.5943982887273E-11;0.889404744447647;1.63431651482272E-08;5.44772171607573E-09;9.01988383098702E-07;7.28718966823703E-09;paraboloid;0.000000032;analytical;False;;False;1;468408.735031987;-0.00053669893658417;0.0105668301522677;6.29105354603708E-11;0.5;5,00E-07;5;158;1.42455467056978E-10;1.65523283003498E-19;4.06845527201047E-10;0.973476032988594;1.38198195167303E-06;3.45495487918256E-07;9.9619395204582E-05;9.7158027598379E-05
C:/Users/rlolo/Documents/Thèse/MEB et AFM/AFM/Résultats AFM Dynamo/06062025/Plaque hydrophobique_ethanol_PEI 0.5_Incubation 1h/cell2/force mapp/map-data-2025.06.06-11.56.16.356.jpk-force-map;map-data-2025.06.06-11.56.16.356.jpk-force-map;381;0.142;7.801310208055;[2.5e-05, 2.5e-05];[32, 32];5.6043689864389E-06;paraboloid;0.000000032;False;;False;8.86182565872199E-08;17261269.8422389;-1.48046881963607E-11;;0.5;;-7.81611408243003E-19;1.26085237450418E-21;3.55084831343748E-11;0.853489947427829;8.53654852127597E-09;2.84551617375866E-09;9.09462841714502E-07;3.3810350454508E-09;paraboloid;0.000000032;analytical;False;;False;1;422016.462665447;-0.000835259707989172;0.0100004656267786;3.33849237291752E-11;0.5;5,00E-07;5;154;7.53774089278043E-11;3.74409785151892E-19;6.11890337521268E-10;0.928229769757185;6.4614077017813E-07;1.61535192544532E-07;9.9451929486228E-05;9.7203915097476E-05
C:/Users/rlolo/Documents/Thèse/MEB et AFM/AFM/Résultats AFM Dynamo/06062025/Plaque hydrophobique_ethanol_PEI 0.5_Incubation 1h/cell2/force mapp/map-data-2025.06.06-11.56.16.356.jpk-force-map;map-data-2025.06.06-11.56.16.356.jpk-force-map;382;0.142;7.801310208055;[2.5e-05, 2.5e-05];[32, 32];5.5792964353859E-06;paraboloid;0.000000032;False;;False;8.54500058629381E-08;11053020.9850236;-1.74085960340957E-11;;0.5;;-2.15804118799296E-19;7.54747766402441E-22;2.74726730844023E-11;0.936735248909695;4.62560131292842E-09;1.54186710430947E-09;8.84816050962402E-07;5.5793637406078E-09;paraboloid;0.000000032;analytical;False;;False;1;469531.945427454;-0.000703737031491276;0.0100016375267823;1.11355968923263E-10;0.5;5,00E-07;5;156;1.54786275507087E-10;3.32512745757767E-19;5.76639181601257E-10;0.947040619852531;1.57863798493669E-07;3.94659496234174E-08;9.9729146748814E-05;9.7158027598379E-05
C:/Users/rlolo/Documents/Thèse/MEB et AFM/AFM/Résultats AFM Dynamo/06062025/Plaque hydrophobique_ethanol_PEI 0.5_Incubation 1h/cell2/force mapp/map-data-2025.06.06-11.56.16.356.jpk-force-map;map-data-2025.06.06-11.56.16.356.jpk-force-map;383;0.142;7.801310208055;[2.5e-05, 2.5e-05];[32, 32];5.5700716288664E-06;paraboloid;0.000000032;False;;False;8.27855001736066E-08;5899868.61331572;-1.1530316132419E-11;;0.5;;-2.16146163735501E-20;9.28656891105254E-22;3.04738722696223E-11;0.922017737566412;6.19075257045604E-09;2.06358419015201E-09;8.74550497040702E-07;8.19501876208339E-09;paraboloid;0.000000032;analytical;False;;False;1;405310.338079865;-0.000653743568329203;0.0100008745938097;4.09049914749638E-11;0.5;5,00E-07;5;156;1.06629922629732E-10;1.94653851987462E-19;4.41195933783916E-10;0.954605387911952;1.53616986586247E-07;3.84042466465619E-08;9.9624125874592E-05;9.7173638809412E-05
C:/Users/rlolo/Documents/Thèse/MEB et AFM/AFM/Résultats AFM Dynamo/06062025/Plaque hydrophobique_ethanol_PEI 0.5_Incubation 1h/cell2/force mapp/map-data-2025.06.06-11.56.16.356.jpk-force-map;map-data-2025.06.06-11.56.16.356.jpk-force-map;384;0.142;7.801310208055;[2.5e-05, 2.5e-05];[32, 32];6.048153140077E-06;paraboloid;0.000000032;False;;False;5.37017520646964E-08;76694.9267370368;-7.70717250818966E-12;;0.5;;-9.75284082895483E-21;6.75045252530039E-22;2.59816329842841E-11;0.988228405243338;6.69307348541756E-09;2.23102449513919E-09;1.4587882432757E-06;1.4521201912962E-07;paraboloid;0.000000032;analytical;False;;False;1;64108.8681519259;-0.000338841147398943;0.0100000047925317;-1.0662026883838E-10;0.5;5,00E-07;5;150;9.88325420861618E-11;1.08301136743462E-19;3.29091380536564E-10;0.786676376505162;-7.04130526294425E-08;-1.76032631573606E-08;9.78067046752031E-05;9.7195399891458E-05
C:/Users/rlolo/Documents/Thèse/MEB et AFM/AFM/Résultats AFM Dynamo/06062025/Plaque hydrophobique_ethanol_PEI 0.5_Incubation 1h/cell2/force mapp/map-data-2025.06.06-11.56.16.356.jpk-force-map;map-data-2025.06.06-11.56.16.356.jpk-force-map;385;0.142;7.801310208055;[2.5e-05, 2.5e-05];[32, 32];5.5818036904912E-06;paraboloid;0.000000032;False;;False;8.26187233243856E-08;9777187.75864936;-1.55964420060615E-11;;0.5;;-2.73249760552717E-19;8.22384009020818E-22;2.86772385180446E-11;0.930297386244654;-6.67398669492792E-09;-2.22466223164264E-09;8.82119569056702E-07;5.67754309526555E-09;paraboloid;0.000000032;analytical;False;;False;1;470207.545756472;-0.000625825837064284;0.0100827025085971;9.02737644295844E-11;0.5;5,00E-07;5;156;1.13363970080909E-10;2.51356993246469E-19;5.01355156796526E-10;0.960043095146124;2.65224739162666E-07;6.63061847906666E-08;0.000100598643896652;9.7263048472601E-05
C:/Users/rlolo/Documents/Thèse/MEB et AFM/AFM/Résultats AFM Dynamo/06062025/Plaque hydrophobique_ethanol_PEI 0.5_Incubation 1h/cell2/force mapp/map-data-2025.06.06-11.56.16.356.jpk-force-map;map-data-2025.06.06-11.56.16.356.jpk-force-map;386;0.142;7.801310208055;[2.5e-05, 2.5e-05];[32, 32];5.59904698267765E-06;paraboloid;0.000000032;False;;False;8.65776814164218E-08;23369055.2845963;-8.93417428713798E-12;;0.5;;-3.99560349348912E-19;7.43925961235929E-22;2.7275006163811E-11;0.924885474945518;1.17095488003658E-08;3.90318293345527E-09;9.02863557050552E-07;3.07158105389391E-09;paraboloid;0.000000032;analytical;False;;False;1;558194.818029598;-0.000483127540159627;0.0138425200011895;6.25305882245447E-11;0.5;5,00E-07;5;156;1.02258583654056E-10;2.67034458625935E-19;5.16753769822664E-10;0.956286560010262;-1.26311658643267E-07;-3.15779146608166E-08;9.9272637092849E-05;9.7197292159462E-05
C:/Users/rlolo/Documents/Thèse/MEB et AFM/AFM/Résultats AFM Dynamo/06062025/Plaque hydrophobique_ethanol_PEI 0.5_Incubation 1h/cell2/force mapp/map-data-2025.06.06-11.56.16.356.jpk-force-map;map-data-2025.06.06-11.56.16.356.jpk-force-map;387;0.142;7.801310208055;[2.5e-05, 2.5e-05];[32, 32];5.60543338719115E-06;paraboloid;0.000000032;False;;False;8.40568207348473E-08;11118614.3050997;-1.46019456084764E-11;;0.5;;-2.30263752025685E-19;7.67067434509568E-22;2.76959822810018E-11;0.937943214295921;2.50015312377633E-08;8.33384374592109E-09;9.09462841714502E-07;5.49933178901521E-09;paraboloid;0.000000032;analytical;False;;False;1;461589.271021323;-0.000576640651082984;0.0101125208753734;2.10308040791861E-11;0.5;5,00E-07;5;157;8.17812088679762E-11;1.66327630212034E-19;4.07832845921014E-10;0.970003886956765;1.31600267810271E-07;3.29000669525678E-08;9.941976093016E-05;9.7193034556453E-05
C:/Users/rlolo/Documents/Thèse/MEB et AFM/AFM/Résultats AFM Dynamo/06062025/Plaque hydrophobique_ethanol_PEI 0.5_Incubation 1h/cell2/force mapp/map-data-2025.06.06-11.56.16.356.jpk-force-map;map-data-2025.06.06-11.56.16.356.jpk-force-map;388;0.142;7.801310208055;[2.5e-05, 2.5e-05];[32, 32];5.6262246818851E-06;paraboloid;0.000000032;False;;False;8.6213408158951E-08;9298239.999885;-8.22432149861784E-12;;0.5;;-2.4118880836176E-19;5.26705238639476E-22;2.29500596652705E-11;0.950242411726705;8.29098300915237E-09;2.76366100305079E-09;9.31862564211851E-07;6.2465468961578E-09;paraboloid;0.000000032;analytical;False;;False;1;442240.238535237;-0.000588425642621022;0.0100001473570102;-1.12204459035896E-11;0.5;5,00E-07;5;157;4.92643670218993E-11;1.45969747292801E-19;3.82059873963232E-10;0.970305459191943;3.68825133112148E-07;9.2206283278037E-08;9.9281152298867E-05;9.718688468544E-05
C:/Users/rlolo/Documents/Thèse/MEB et AFM/AFM/Résultats AFM Dynamo/06062025/Plaque hydrophobique_ethanol_PEI 0.5_Incubation 1h/cell2/force mapp/map-data-2025.06.06-11.56.16.356.jpk-force-map;map-data-2025.06.06-11.56.16.356.jpk-force-map;389;0.142;7.801310208055;[2.5e-05, 2.5e-05];[32, 32];5.6324691662983E-06;paraboloid;0.000000032;False;;False;8.76627455704524E-08;8437117.91939394;-1.32011760830763E-11;;0.5;;-1.59510844780396E-19;7.10158364861936E-22;2.66487966869413E-11;0.937186106200118;8.18158403850048E-09;2.72719467950016E-09;9.40685263780502E-07;6.18578807686003E-09;paraboloid;0.000000032;analytical;False;;False;1;450259.096712175;-0.00057087977458291;0.0102627059519026;3.23245270627319E-11;0.5;5,00E-07;5;157;1.08107459389046E-10;1.48249095647812E-19;3.8503129177745E-10;0.972743383360811;1.35971586469055E-07;3.39928966172638E-08;9.9417868662156E-05;9.7184992417436E-05
C:/Users/rlolo/Documents/Thèse/MEB et AFM/AFM/Résultats AFM Dynamo/06062025/Plaque hydrophobique_ethanol_PEI 0.5_Incubation 1h/cell2/force mapp/map-data-2025.06.06-11.56.16.356.jpk-force-map;map-data-2025.06.06-11.56.16.356.jpk-force-map;390;0.142;7.801310208055;[2.5e-05, 2.5e-05];[32, 32];5.6439173877225E-06;paraboloid;0.000000032;False;;False;8.48473660363694E-08;4874185.76557454;-1.26389956090984E-11;;0.5;;-5.78847033056893E-20;6.57384253314164E-22;2.56395057150906E-11;0.938802155870349;-1.57815192289583E-08;-5.26050640965278E-09;9.50856204302002E-07;8.96025554684264E-09;paraboloid;0.000000032;analytical;False;;False;1;454711.215992856;-0.000490866194737698;0.0105902200827754;-5.03169841953378E-12;0.5;5,00E-07;5;158;6.86805341241188E-11;1.58214184271611E-19;3.97761466549503E-10;0.969136782137725;5.21523037344457E-08;1.30380759336114E-08;9.9386173173089E-05;9.7188776953444E-05
C:/Users/rlolo/Documents/Thèse/MEB et AFM/AFM/Résultats AFM Dynamo/06062025/Plaque hydrophobique_ethanol_PEI 0.5_Incubation 1h/cell2/force mapp/map-data-2025.06.06-11.56.16.356.jpk-force-map;map-data-2025.06.06-11.56.16.356.jpk-force-map;391;0.142;7.801310208055;[2.5e-05, 2.5e-05];[32, 32];5.6617047069601E-06;paraboloid;0.000000032;False;;False;8.5057556839499E-08;8300523.98004707;-9.7570979110418E-12;;0.5;;-1.183109902226E-19;6.59837187854495E-22;2.56872962348024E-11;0.944881485066211;1.32565729290769E-08;4.41885764302562E-09;9.67389895986951E-07;6.4033348613895E-09;paraboloid;0.000000032;analytical;False;;False;1;474742.113524894;-0.000600675463883567;0.0100011357351111;2.75961577272426E-11;0.5;5,00E-07;5;157;8.79956767900001E-11;2.04772135101267E-19;4.52517552257664E-10;0.966171684396567;4.49963511570465E-07;1.12490877892616E-07;9.9301967246911E-05;9.7179315613424E-05
C:/Users/rlolo/Documents/Thèse/MEB et AFM/AFM/Résultats AFM Dynamo/06062025/Plaque hydrophobique_ethanol_PEI 0.5_Incubation 1h/cell2/force mapp/map-data-2025.06.06-11.56.16.356.jpk-force-map;map-data-2025.06.06-11.56.16.356.jpk-force-map;392;0.142;7.801310208055;[2.5e-05, 2.5e-05];[32, 32];5.6795866395979E-06;paraboloid;0.000000032;False;;False;8.40396220371046E-08;6298546.95563737;-1.59618291354721E-11;;0.5;;-2.40360995460619E-20;4.90253334215449E-22;2.21416651184017E-11;0.954553536615839;1.0455800129174E-08;3.48526670972467E-09;9.84751454923651E-07;7.61041202444083E-09;paraboloid;0.000000032;analytical;False;;False;1;450717.845104178;-0.00054227062734781;0.0100029187781487;-3.20405923989725E-11;0.5;5,00E-07;5;157;4.36823076878144E-11;1.27758395739709E-19;3.57433064698425E-10;0.972819952319214;6.51094834773265E-07;1.62773708693316E-07;0.0000992967635099;9.7166069737396E-05
C:/Users/rlolo/Documents/Thèse/MEB et AFM/AFM/Résultats AFM Dynamo/06062025/Plaque hydrophobique_ethanol_PEI 0.5_Incubation 1h/cell2/force mapp/map-data-2025.06.06-11.56.16.356.jpk-force-map;map-data-2025.06.06-11.56.16.356.jpk-force-map;393;0.142;7.801310208055;[2.5e-05, 2.5e-05];[32, 32];5.68386789595695E-06;paraboloid;0.000000032;False;;False;8.25266140511198E-08;4715843.14709777;-8.26914725367813E-12;;0.5;;-7.59017749947578E-20;6.81527122178792E-22;2.6106074430653E-11;0.945344866757978;2.35302555191769E-08;7.84341850639228E-09;9.89647698384001E-07;9.23036208094128E-09;paraboloid;0.000000032;analytical;False;;False;1;464756.795562176;-0.000579410979228296;0.0100001894738478;-8.01622926780716E-12;0.5;5,00E-07;5;157;7.11540815079957E-11;1.69978669827261E-19;4.12284695116446E-10;0.969351761563739;5.13565542192357E-06;1.28391385548089E-06;9.9455714022236E-05;9.7188776953444E-05
C:/Users/rlolo/Documents/Thèse/MEB et AFM/AFM/Résultats AFM Dynamo/06062025/Plaque hydrophobique_ethanol_PEI 0.5_Incubation 1h/cell2/force mapp/map-data-2025.06.06-11.56.16.356.jpk-force-map;map-data-2025.06.06-11.56.16.356.jpk-force-map;394;0.142;7.801310208055;[2.5e-05, 2.5e-05];[32, 32];5.6943463300291E-06;paraboloid;0.000000032;False;;False;8.28295779755568E-08;6123033.99918334;1.34354285426418E-10;;0.5;;-2.38071205852197E-20;1.10733065816765E-20;1.05229779918408E-10;0.403820867862717;1.36859603338722E-07;4.56198677795741E-08;9.98730584803202E-07;7.45049003692122E-09;paraboloid;0.000000032;analytical;False;;False;1;468267.441126334;-0.000524766706823124;0.0101022330360971;-2.37436034169068E-10;0.5;5,00E-07;5;157;7.68336259579256E-11;1.46009236501942E-19;3.82111549814896E-10;0.97210175080088;-6.54968448005996E-08;-1.63742112001499E-08;9.9385700106088E-05;9.7168435072401E-05
C:/Users/rlolo/Documents/Thèse/MEB et AFM/AFM/Résultats AFM Dynamo/06062025/Plaque hydrophobique_ethanol_PEI 0.5_Incubation 1h/cell2/force mapp/map-data-2025.06.06-11.56.16.356.jpk-force-map;map-data-2025.06.06-11.56.16.356.jpk-force-map;395;0.142;7.801310208055;[2.5e-05, 2.5e-05];[32, 32];7.0366266386665E-06;paraboloid;0.000000032;False;;False;4.95091829986576E-07;3713.86548469211;4.31616079676611E-10;;0.5;;-4.73708995745791E-20;1.32117344554713E-20;1.14942309248907E-10;0.835704448420463;8.91908310441945E-08;2.97302770147315E-08;3.6119053916271E-06;8.77811114569596E-07;paraboloid;0.000000032;analytical;False;;False;1;2399.9478108934;-0.00158819810626098;0.0549828545206906;-1.50157418697655E-10;0.5;5,00E-07;5;147;6.99933132628763E-11;5.95706654030046E-20;2.44071025324606E-10;0.752141756185192;6.71299702538619E-08;1.67824925634655E-08;9.73018512600597E-05;9.7372326949832E-05
C:/Users/rlolo/Documents/Thèse/MEB et AFM/AFM/Résultats AFM Dynamo/06062025/Plaque hydrophobique_ethanol_PEI 0.5_Incubation 1h/cell2/force mapp/map-data-2025.06.06-11.56.16.356.jpk-force-map;map-data-2025.06.06-11.56.16.356.jpk-force-map;396;0.142;7.801310208055;[2.5e-05, 2.5e-05];[32, 32];5.710856368364E-06;paraboloid;0.000000032;False;;False;8.54021289643798E-08;17326572.4646488;-2.04924435876367E-11;;0.5;;-1.93520145453008E-19;9.82462434521334E-22;3.13442568028233E-11;0.911501290055605;3.51889349351343E-08;1.17296449783781E-08;1.00883056527455E-06;3.75420277176598E-09;paraboloid;0.000000032;analytical;False;;False;1;532886.936451878;-0.000465638099338422;0.0140973285308194;7.31976350031026E-11;0.5;5,00E-07;5;156;1.08941554146002E-10;2.29916186932204E-19;4.79495763205686E-10;0.958761192750112;2.48898327918635E-06;6.22245819796588E-07;0.00010032804957208;9.729569009567E-05
C:/Users/rlolo/Documents/Thèse/MEB et AFM/AFM/Résultats AFM Dynamo/06062025/Plaque hydrophobique_ethanol_PEI 0.5_Incubation 1h/cell2/force mapp/map-data-2025.06.06-11.56.16.356.jpk-force-map;map-data-2025.06.06-11.56.16.356.jpk-force-map;397;0.142;7.801310208055;[2.5e-05, 2.5e-05];[32, 32];5.7105725281634E-06;paraboloid;0.000000032;False;;False;8.4693714259024E-08;7493725.33569442;-1.05224225706789E-10;;0.5;;-1.46680605209849E-19;7.87400547724306E-22;2.80606583622749E-11;0.927417552691377;-6.0799370743002E-09;-2.0266456914334E-09;1.0132064350338E-06;6.53513594328992E-09;paraboloid;0.000000032;analytical;False;;False;1;470306.719937099;-0.000570066733851555;0.0103306593095199;6.44107595976395E-11;0.5;5,00E-07;5;157;1.31831982640761E-10;1.92380154474734E-19;4.38611621454258E-10;0.96818826180163;-5.07664548114099E-08;-1.26916137028525E-08;9.948125964029E-05;9.7211957236493E-05
C:/Users/rlolo/Documents/Thèse/MEB et AFM/AFM/Résultats AFM Dynamo/06062025/Plaque hydrophobique_ethanol_PEI 0.5_Incubation 1h/cell2/force mapp/map-data-2025.06.06-11.56.16.356.jpk-force-map;map-data-2025.06.06-11.56.16.356.jpk-force-map;398;0.142;7.801310208055;[2.5e-05, 2.5e-05];[32, 32];;;;;;;;;;;;;;;;;;;;;;;;;;;;;;;;;;;;;;;;;;;
C:/Users/rlolo/Documents/Thèse/MEB et AFM/AFM/Résultats AFM Dynamo/06062025/Plaque hydrophobique_ethanol_PEI 0.5_Incubation 1h/cell2/force mapp/map-data-2025.06.06-11.56.16.356.jpk-force-map;map-data-2025.06.06-11.56.16.356.jpk-force-map;399;0.142;7.801310208055;[2.5e-05, 2.5e-05];[32, 32];1.22893497376201E-05;paraboloid;0.000000032;False;;False;-5.86031445979695E-07;4547.61218046621;1.29050408276262E-10;;0.5;;-1.85822459064578E-20;2.96938494705597E-21;5.44920631565366E-11;0.977234368510659;1.96057224489127E-08;6.53524081630422E-09;7.7445240989629E-06;8.57221920385125E-07;paraboloid;0.000000032;analytical;False;;False;1;4801.98410245844;0.000982943351673753;0.044517501823979;8.92524379113457E-11;0.5;5,00E-07;5;143;6.49407316329244E-11;1.36895305381473E-20;1.17002267235072E-10;0.944146634136261;1.5637697699551E-07;3.90942442488775E-08;9.72937572485553E-05;9.7738953875607E-05
C:/Users/rlolo/Documents/Thèse/MEB et AFM/AFM/Résultats AFM Dynamo/06062025/Plaque hydrophobique_ethanol_PEI 0.5_Incubation 1h/cell2/force mapp/map-data-2025.06.06-11.56.16.356.jpk-force-map;map-data-2025.06.06-11.56.16.356.jpk-force-map;400;0.142;7.801310208055;[2.5e-05, 2.5e-05];[32, 32];1.34839621818953E-05;paraboloid;0.000000032;False;;False;-7.68602905163917E-08;6192.28501527919;2.47969422842202E-11;;0.5;;-8.61485983893263E-20;1.86749319741853E-21;4.32145021655755E-11;0.986185746282972;-6.36253442637135E-08;-2.12084480879045E-08;9.3380029851313E-06;7.51494827898203E-07;paraboloid;0.000000032;analytical;False;;False;1;4388.02989849896;3.30506558120017E-05;0.0693915872066739;-4.3242938805586E-11;0.5;5,00E-07;5;149;2.23741031895517E-12;2.76037444293256E-21;5.2539265725099E-11;0.984162273149174;-2.5502722376619E-10;-6.37568059415475E-11;9.76734235483444E-05;9.781133312676E-05
C:/Users/rlolo/Documents/Thèse/MEB et AFM/AFM/Résultats AFM Dynamo/06062025/Plaque hydrophobique_ethanol_PEI 0.5_Incubation 1h/cell2/force mapp/map-data-2025.06.06-11.56.16.356.jpk-force-map;map-data-2025.06.06-11.56.16.356.jpk-force-map;401;0.142;7.801310208055;[2.5e-05, 2.5e-05];[32, 32];1.42408220767952E-05;paraboloid;0.000000032;False;;False;-2.89065922692511E-07;9742.12854545281;2.46180006890268E-11;;0.5;;-6.85572454229616E-20;2.38632730925215E-21;4.88500492246645E-11;0.981890963937083;-4.05634129495754E-09;-1.35211376498585E-09;9.6835311226617E-06;5.5157957848216E-07;paraboloid;0.000000032;analytical;False;;False;1;11266.142730587;0.000488035752341871;0.0150753948369251;-1.19831409798767E-11;0.5;5,00E-07;5;143;4.51174707829721E-11;6.86934543517601E-21;8.28815144358259E-11;0.973293275039238;-1.78867750728623E-08;-4.47169376821557E-09;9.79455037934733E-05;9.7796194982728E-05
C:/Users/rlolo/Documents/Thèse/MEB et AFM/AFM/Résultats AFM Dynamo/06062025/Plaque hydrophobique_ethanol_PEI 0.5_Incubation 1h/cell2/force mapp/map-data-2025.06.06-11.56.16.356.jpk-force-map;map-data-2025.06.06-11.56.16.356.jpk-force-map;402;0.142;7.801310208055;[2.5e-05, 2.5e-05];[32, 32];1.50161788914342E-05;paraboloid;0.000000032;False;;False;-1.61011100052097E-07;21883.3899650463;1.66851811154558E-11;;0.5;;-1.00658567746656E-19;2.84768143357971E-21;5.33636714776983E-11;0.965369379605208;-2.59626951607726E-08;-8.65423172025752E-09;1.03389181458471E-05;3.04560674993913E-07;paraboloid;0.000000032;analytical;False;;False;1;51297.9293376812;0.00101666295566203;0.0100000071987394;8.02402130425498E-12;0.5;5,00E-07;5;152;2.72333174583754E-11;8.68825550981856E-21;9.32108121937502E-11;0.975246635948059;7.63550165754677E-09;1.90887541438669E-09;9.79608205453521E-05;9.7793356580722E-05
C:/Users/rlolo/Documents/Thèse/MEB et AFM/AFM/Résultats AFM Dynamo/06062025/Plaque hydrophobique_ethanol_PEI 0.5_Incubation 1h/cell2/force mapp/map-data-2025.06.06-11.56.16.356.jpk-force-map;map-data-2025.06.06-11.56.16.356.jpk-force-map;403;0.142;7.801310208055;[2.5e-05, 2.5e-05];[32, 32];1.57114454628039E-05;paraboloid;0.000000032;False;;False;-8.25166264269533E-08;45630.6129168733;7.10509332262376E-12;;0.5;;-6.1354005613647E-20;2.56447640758357E-21;5.06406596282431E-11;0.949964779185153;-6.14081534652363E-09;-2.04693844884121E-09;1.09871618573174E-05;1.78885384109894E-07;paraboloid;0.000000032;analytical;False;;False;1;189426.974057886;0.000880100761134404;0.0100000295911007;-1.06774748744062E-11;0.5;5,00E-07;5;157;3.80755999114978E-11;1.3010689250843E-20;1.14064408343896E-10;0.988346428582761;-2.58831641716384E-08;-6.4707910429096E-09;9.80179756815996E-05;9.78132253947641E-05
C:/Users/rlolo/Documents/Thèse/MEB et AFM/AFM/Résultats AFM Dynamo/06062025/Plaque hydrophobique_ethanol_PEI 0.5_Incubation 1h/cell2/force mapp/map-data-2025.06.06-11.56.16.356.jpk-force-map;map-data-2025.06.06-11.56.16.356.jpk-force-map;404;0.142;7.801310208055;[2.5e-05, 2.5e-05];[32, 32];1.60484347409663E-05;paraboloid;0.000000032;False;;False;-6.31435084650492E-08;43913.1561809384;1.6239571147285E-12;;0.5;;-1.05811079219721E-19;3.33300574116757E-21;5.77321898178786E-11;0.888443564565539;2.55802253687085E-09;8.52674178956951E-10;1.14925629878358E-05;1.53986399440369E-07;paraboloid;0.000000032;analytical;False;;False;1;273450.037776478;0.000690132943815026;0.0100000002287671;-5.55078722892452E-11;0.5;5,00E-07;5;153;1.51866273688033E-11;4.50564116071779E-20;2.12264956144857E-10;0.971802158070272;1.14085227140287E-08;2.85213067850716E-09;9.81247188312757E-05;9.75693349880028E-05
C:/Users/rlolo/Documents/Thèse/MEB et AFM/AFM/Résultats AFM Dynamo/06062025/Plaque hydrophobique_ethanol_PEI 0.5_Incubation 1h/cell2/force mapp/map-data-2025.06.06-11.56.16.356.jpk-force-map;map-data-2025.06.06-11.56.16.356.jpk-force-map;405;0.142;7.801310208055;[2.5e-05, 2.5e-05];[32, 32];1.61210268722697E-05;paraboloid;0.000000032;False;;False;2.06853323612208E-08;168432.16596599;3.93903515271069E-12;;0.5;;-1.81347881468582E-19;2.29525943915334E-21;4.79088659764907E-11;0.914864560624904;-2.34520066834128E-09;-7.81733556113759E-10;1.19346677536203E-05;7.41929154322501E-08;paraboloid;0.000000032;analytical;False;;False;1;254200.466016268;-7.59733099032229E-05;0.0100000004311939;2.29700592555514E-11;0.5;5,00E-07;5;164;7.83409451807248E-11;4.36710638058357E-20;2.08976227848614E-10;0.97363048483565;-5.52071864470178E-08;-1.38017966117545E-08;9.67554123521343E-05;9.72181758211485E-05
C:/Users/rlolo/Documents/Thèse/MEB et AFM/AFM/Résultats AFM Dynamo/06062025/Plaque hydrophobique_ethanol_PEI 0.5_Incubation 1h/cell2/force mapp/map-data-2025.06.06-11.56.16.356.jpk-force-map;map-data-2025.06.06-11.56.16.356.jpk-force-map;406;0.142;7.801310208055;[2.5e-05, 2.5e-05];[32, 32];1.61598183663517E-05;paraboloid;0.000000032;False;;False;4.6410432898745E-08;242216.066867938;7.26875425803417E-12;;0.5;;-1.52458749779706E-19;1.52288051233441E-21;3.9024101685169E-11;0.952373972135982;-1.09929737815933E-08;-3.66432459386445E-09;1.23262726170481E-05;6.60720804415647E-08;paraboloid;0.000000032;analytical;False;;False;1;140371.150538813;-0.000346009324557667;0.0100000000071172;7.36599077788456E-11;0.5;5,00E-07;5;162;1.2084752936265E-10;3.65973081048674E-20;1.91304229187092E-10;0.963512390787548;1.12228320613514E-07;2.80570801533786E-08;9.70829876871567E-05;9.68828432453378E-05
C:/Users/rlolo/Documents/Thèse/MEB et AFM/AFM/Résultats AFM Dynamo/06062025/Plaque hydrophobique_ethanol_PEI 0.5_Incubation 1h/cell2/force mapp/map-data-2025.06.06-11.56.16.356.jpk-force-map;map-data-2025.06.06-11.56.16.356.jpk-force-map;407;0.142;7.801310208055;[2.5e-05, 2.5e-05];[32, 32];1.61843941970537E-05;paraboloid;0.000000032;False;;False;-3.3537632084371E-07;10932.9330621393;-7.97155974472697E-12;;0.5;;-4.09316470846606E-21;2.43486439651298E-21;4.93443451320714E-11;0.967927278376752;5.02793288059195E-09;1.67597762686398E-09;1.25423696231049E-05;4.29717299248921E-07;paraboloid;0.000000032;analytical;False;;False;1;138824.909343179;0.00298828514760385;0.0100000003785645;-1.6698737337512E-11;0.5;5,00E-07;5;149;-5.36470097864632E-18;3.66950534919849E-20;1.91559529890802E-10;0.94734595726029;3.25878372270443E-08;8.14695930676107E-09;9.765264395067E-05;9.66855466140831E-05
C:/Users/rlolo/Documents/Thèse/MEB et AFM/AFM/Résultats AFM Dynamo/06062025/Plaque hydrophobique_ethanol_PEI 0.5_Incubation 1h/cell2/force mapp/map-data-2025.06.06-11.56.16.356.jpk-force-map;map-data-2025.06.06-11.56.16.356.jpk-force-map;408;0.142;7.801310208055;[2.5e-05, 2.5e-05];[32, 32];1.62037189840445E-05;paraboloid;0.000000032;False;;False;7.99460475317568E-08;469814.890464267;1.7302291646043E-12;;0.5;;-7.6240481496562E-20;5.16529408629235E-22;2.27272833534771E-11;0.979464453443593;-1.46714050442212E-09;-4.89046834807373E-10;1.28634401966836E-05;4.3840804431048E-08;paraboloid;0.000000032;analytical;False;;False;1;191483.668632128;-0.000443758009566506;0.0100000000000498;-1.00287122397827E-10;0.5;5,00E-07;5;160;1.38054534195097E-16;2.04762448461488E-20;1.43095229990901E-10;0.9775280055727;2.46434976491325E-08;6.16087441228314E-09;9.72083919772902E-05;9.63190466253612E-05
C:/Users/rlolo/Documents/Thèse/MEB et AFM/AFM/Résultats AFM Dynamo/06062025/Plaque hydrophobique_ethanol_PEI 0.5_Incubation 1h/cell2/force mapp/map-data-2025.06.06-11.56.16.356.jpk-force-map;map-data-2025.06.06-11.56.16.356.jpk-force-map;409;0.142;7.801310208055;[2.5e-05, 2.5e-05];[32, 32];1.62192355816773E-05;paraboloid;0.000000032;False;;False;5.23580895980235E-08;382021.743485972;1.6596540327033E-12;;0.5;;-1.30162850939694E-20;6.52911738362947E-22;2.55521376476205E-11;0.977509341116089;-1.28377594900359E-09;-4.27925316334531E-10;1.30375761597517E-05;5.03526417322888E-08;paraboloid;0.000000032;analytical;False;;False;1;163618.899071568;-0.000407292701804948;0.0100000107211921;-8.23382654257403E-11;0.5;5,00E-07;5;162;1.46859976237109E-11;1.66626556960047E-20;1.29083909516271E-10;0.98026959670975;1.59090741372877E-08;3.97726853432193E-09;9.67921774066781E-05;9.60769131220281E-05
C:/Users/rlolo/Documents/Thèse/MEB et AFM/AFM/Résultats AFM Dynamo/06062025/Plaque hydrophobique_ethanol_PEI 0.5_Incubation 1h/cell2/force mapp/map-data-2025.06.06-11.56.16.356.jpk-force-map;map-data-2025.06.06-11.56.16.356.jpk-force-map;410;0.142;7.801310208055;[2.5e-05, 2.5e-05];[32, 32];1.62318191639039E-05;paraboloid;0.000000032;False;;False;6.24424323046297E-08;215259.823271948;1.6556656936927E-12;;0.5;;-1.03242671580491E-20;6.5224440414316E-22;2.55390760236771E-11;0.981631894913997;-1.27392520121949E-09;-4.24641733739829E-10;1.31826185022583E-05;7.35935742551833E-08;paraboloid;0.000000032;analytical;False;;False;1;128267.024976542;-0.000479960090443069;0.0100000000075078;-1.0041638389972E-10;0.5;5,00E-07;5;163;8.06389176299903E-15;2.41040247562255E-20;1.552547092884E-10;0.963304288755347;-5.35337693471259E-09;-1.33834423367815E-09;9.65293285541536E-05;9.59494797606072E-05
C:/Users/rlolo/Documents/Thèse/MEB et AFM/AFM/Résultats AFM Dynamo/06062025/Plaque hydrophobique_ethanol_PEI 0.5_Incubation 1h/cell2/force mapp/map-data-2025.06.06-11.56.16.356.jpk-force-map;map-data-2025.06.06-11.56.16.356.jpk-force-map;411;0.142;7.801310208055;[2.5e-05, 2.5e-05];[32, 32];1.62421556778758E-05;paraboloid;0.000000032;False;;False;5.32472795204016E-08;150536.57715156;-3.74559177933109E-12;;0.5;;2.17139206323286E-21;5.53341439763628E-22;2.3523210660189E-11;0.988211978734659;4.61307794997412E-09;1.53769264999137E-09;1.32696391770923E-05;9.62729540585632E-08;paraboloid;0.000000032;analytical;False;;False;1;80194.8010747666;-0.000526199470681568;0.0100000001433095;-7.67401955379815E-11;0.5;5,00E-07;5;146;1.38716168957565E-18;1.1586754360833E-20;1.07641787242841E-10;0.972189485798204;1.64122519168803E-08;4.10306297922007E-09;9.63423253949773E-05;9.58301626214911E-05
C:/Users/rlolo/Documents/Thèse/MEB et AFM/AFM/Résultats AFM Dynamo/06062025/Plaque hydrophobique_ethanol_PEI 0.5_Incubation 1h/cell2/force mapp/map-data-2025.06.06-11.56.16.356.jpk-force-map;map-data-2025.06.06-11.56.16.356.jpk-force-map;412;0.142;7.801310208055;[2.5e-05, 2.5e-05];[32, 32];1.62473594148868E-05;paraboloid;0.000000032;False;;False;4.75648487124231E-08;141843.918905461;-6.82361873776307E-13;;0.5;;-4.31224902201251E-20;6.71581392460239E-22;2.5914887467636E-11;0.986080086866743;9.97433258877189E-10;3.32477752959063E-10;1.31759009508441E-05;9.94928662416346E-08;paraboloid;0.000000032;analytical;False;;False;1;66959.9997728029;-0.000726981531560629;0.0100000000533289;-8.13234291795429E-11;0.5;5,00E-07;5;145;2.96426184342788E-17;1.91992884219168E-20;1.38561496895483E-10;0.945782709817145;4.02037600015551E-08;1.00509400003888E-08;9.63530034951125E-05;9.5931002920906E-05
C:/Users/rlolo/Documents/Thèse/MEB et AFM/AFM/Résultats AFM Dynamo/06062025/Plaque hydrophobique_ethanol_PEI 0.5_Incubation 1h/cell2/force mapp/map-data-2025.06.06-11.56.16.356.jpk-force-map;map-data-2025.06.06-11.56.16.356.jpk-force-map;413;0.142;7.801310208055;[2.5e-05, 2.5e-05];[32, 32];1.62544317665517E-05;paraboloid;0.000000032;False;;False;4.85964446355806E-08;121883.117534496;6.49807593916356E-13;;0.5;;-1.04148237640666E-20;6.18082864483876E-22;2.48612723826412E-11;0.987830400363515;-4.37106998273421E-10;-1.45702332757807E-10;1.32146924449261E-05;1.0961876521521E-07;paraboloid;0.000000032;analytical;False;;False;1;75690.0779317371;-0.00049732335692795;0.0100000000070059;-7.34165495830445E-11;0.5;5,00E-07;5;148;1.56402309883087E-16;1.23227677388749E-20;1.11007962502133E-10;0.972361947356229;1.28831697247569E-08;3.22079243118922E-09;9.6339210971521E-05;9.59467657929536E-05
C:/Users/rlolo/Documents/Thèse/MEB et AFM/AFM/Résultats AFM Dynamo/06062025/Plaque hydrophobique_ethanol_PEI 0.5_Incubation 1h/cell2/force mapp/map-data-2025.06.06-11.56.16.356.jpk-force-map;map-data-2025.06.06-11.56.16.356.jpk-force-map;414;0.142;7.801310208055;[2.5e-05, 2.5e-05];[32, 32];1.62593516633621E-05;paraboloid;0.000000032;False;;False;5.11844814808508E-08;96673.8089579179;9.35602526490235E-13;;0.5;;-6.05926013116076E-21;6.46528774666975E-22;2.5426930107014E-11;0.98796208325993;-3.74970646697702E-10;-1.24990215565901E-10;1.32583092224183E-05;1.26257669518003E-07;paraboloid;0.000000032;analytical;False;;False;1;70587.4483013537;-0.000489957862992897;0.0100000000069185;-7.90831685234093E-11;0.5;5,00E-07;5;148;1.48151015073E-11;1.83697177270919E-20;1.35534931759646E-10;0.953961656687265;4.42224685198716E-09;1.10556171299679E-09;9.6282636911603E-05;9.5901170424157E-05
C:/Users/rlolo/Documents/Thèse/MEB et AFM/AFM/Résultats AFM Dynamo/06062025/Plaque hydrophobique_ethanol_PEI 0.5_Incubation 1h/cell2/force mapp/map-data-2025.06.06-11.56.16.356.jpk-force-map;map-data-2025.06.06-11.56.16.356.jpk-force-map;415;0.142;7.801310208055;[2.5e-05, 2.5e-05];[32, 32];1.62656907611755E-05;paraboloid;0.000000032;False;;False;5.3069173608679E-08;115995.345601166;-2.43497029853354E-12;;0.5;;-1.40446171507727E-20;5.79104888504564E-22;2.40645982410794E-11;0.987314176359699;3.23764034109247E-09;1.07921344703082E-09;1.33524495556173E-05;1.09117837703127E-07;paraboloid;0.000000032;analytical;False;;False;1;154207.149402002;4.67575742954789E-05;0.0100000000074167;-3.93309278129754E-11;0.5;5,00E-07;5;148;6.88679255452638E-17;7.14864241015378E-21;8.45496446482999E-11;0.989933358100265;-1.99473224586471E-09;-4.98683061466178E-10;9.61229428572484E-05;9.57165031612359E-05
C:/Users/rlolo/Documents/Thèse/MEB et AFM/AFM/Résultats AFM Dynamo/06062025/Plaque hydrophobique_ethanol_PEI 0.5_Incubation 1h/cell2/force mapp/map-data-2025.06.06-11.56.16.356.jpk-force-map;map-data-2025.06.06-11.56.16.356.jpk-force-map;416;0.142;7.801310208055;[2.5e-05, 2.5e-05];[32, 32];1.62652886542247E-05;paraboloid;0.000000032;False;;False;5.43638447345499E-08;123761.651626841;-1.08440451985922E-12;;0.5;;-9.04510463953155E-21;5.79444292902953E-22;2.4071649152124E-11;0.988033556624241;1.43829225558705E-09;4.79430751862349E-10;1.30557419325901E-05;1.07951071888617E-07;paraboloid;0.000000032;analytical;False;;False;1;71980.2548146703;-0.000595442204953788;0.010000000008099;-9.23350992424322E-11;0.5;5,00E-07;5;146;1.08235714042544E-16;1.59346778584895E-20;1.26232633888743E-10;0.956739857435977;8.36329450150953E-09;2.09082362537738E-09;9.64131690697263E-05;9.61636267474356E-05
C:/Users/rlolo/Documents/Thèse/MEB et AFM/AFM/Résultats AFM Dynamo/06062025/Plaque hydrophobique_ethanol_PEI 0.5_Incubation 1h/cell2/force mapp/map-data-2025.06.06-11.56.16.356.jpk-force-map;map-data-2025.06.06-11.56.16.356.jpk-force-map;417;0.142;7.801310208055;[2.5e-05, 2.5e-05];[32, 32];1.6267346495679E-05;paraboloid;0.000000032;False;;False;5.50295642594373E-08;124058.840918056;2.78161466836076E-12;;0.5;;-2.29601427355139E-20;6.34243320075809E-22;2.51841878978817E-11;0.986824912642373;-2.52060244378671E-09;-8.40200814595571E-10;1.30658655664115E-05;1.07269004426037E-07;paraboloid;0.000000032;analytical;False;;False;1;81975.2855323393;-0.000357332851229119;0.0100000001130341;-9.69029557394529E-11;0.5;5,00E-07;5;148;7.66258247774237E-12;8.28658557427251E-21;9.10306847951421E-11;0.981134211427437;6.54482939972972E-10;1.63620734993243E-10;9.65259538685609E-05;9.616070419655E-05
C:/Users/rlolo/Documents/Thèse/MEB et AFM/AFM/Résultats AFM Dynamo/06062025/Plaque hydrophobique_ethanol_PEI 0.5_Incubation 1h/cell2/force mapp/map-data-2025.06.06-11.56.16.356.jpk-force-map;map-data-2025.06.06-11.56.16.356.jpk-force-map;418;0.142;7.801310208055;[2.5e-05, 2.5e-05];[32, 32];1.62735673267422E-05;paraboloid;0.000000032;False;;False;4.43509857009625E-08;134928.656831576;2.0494728602102E-12;;0.5;;-9.72801763873058E-21;4.48463844750457E-22;2.11769649560662E-11;0.990237025636247;-1.708429157076E-09;-5.69476385691999E-10;1.32263298931507E-05;1.0129272068604E-07;paraboloid;0.000000032;analytical;False;;False;1;80566.5510488889;-0.000470760882173453;0.010000000000603;-5.0910794353311E-11;0.5;5,00E-07;5;147;2.17354420299336E-17;1.01019478098659E-20;1.00508446460314E-10;0.976745966073858;5.36801526956284E-09;1.34200381739071E-09;9.63333904157749E-05;9.59118654908952E-05
C:/Users/rlolo/Documents/Thèse/MEB et AFM/AFM/Résultats AFM Dynamo/06062025/Plaque hydrophobique_ethanol_PEI 0.5_Incubation 1h/cell2/force mapp/map-data-2025.06.06-11.56.16.356.jpk-force-map;map-data-2025.06.06-11.56.16.356.jpk-force-map;419;0.142;7.801310208055;[2.5e-05, 2.5e-05];[32, 32];1.6279173170704E-05;paraboloid;0.000000032;False;;False;6.14579551434199E-08;178177.277791816;-1.56560519979247E-12;;0.5;;-1.0091901887544E-20;5.48858441283536E-22;2.34277280435713E-11;0.986852860211004;1.88824029647413E-09;6.29413432158043E-10;1.33866049930895E-05;8.49787677755067E-08;paraboloid;0.000000032;analytical;False;;False;1;106977.761426253;-0.000484164340599783;0.0100000000000431;-7.74194650823178E-11;0.5;5,00E-07;5;165;1.48423409642125E-16;1.78442473679818E-20;1.33582361739796E-10;0.966760891796123;2.90394973935488E-08;7.25987434838719E-09;9.60492358847131E-05;9.56282592326163E-05
C:/Users/rlolo/Documents/Thèse/MEB et AFM/AFM/Résultats AFM Dynamo/06062025/Plaque hydrophobique_ethanol_PEI 0.5_Incubation 1h/cell2/force mapp/map-data-2025.06.06-11.56.16.356.jpk-force-map;map-data-2025.06.06-11.56.16.356.jpk-force-map;420;0.142;7.801310208055;[2.5e-05, 2.5e-05];[32, 32];1.62825319464111E-05;paraboloid;0.000000032;False;;False;6.81710524181201E-08;190968.764773306;3.33713947552789E-12;;0.5;;-3.76428228237271E-20;7.06299809053785E-22;2.65763016436408E-11;0.979991821763673;-2.58839897087088E-09;-8.62799656956959E-10;1.34053857530292E-05;7.80336199292485E-08;paraboloid;0.000000032;analytical;False;;False;1;124950.475611803;-0.000453963651456151;0.0100000000422762;-6.86579412470651E-11;0.5;5,00E-07;5;163;1.66954950413322E-11;2.42333088506325E-20;1.55670513748213E-10;0.958605972804151;1.35277623784465E-08;3.38194059461163E-09;9.59154329055387E-05;9.56571024424661E-05
C:/Users/rlolo/Documents/Thèse/MEB et AFM/AFM/Résultats AFM Dynamo/06062025/Plaque hydrophobique_ethanol_PEI 0.5_Incubation 1h/cell2/force mapp/map-data-2025.06.06-11.56.16.356.jpk-force-map;map-data-2025.06.06-11.56.16.356.jpk-force-map;421;0.142;7.801310208055;[2.5e-05, 2.5e-05];[32, 32];1.62851811216167E-05;paraboloid;0.000000032;False;;False;6.56906716167448E-08;169883.610324412;-4.19698350636594E-12;;0.5;;-7.68711798711179E-20;1.09511904012422E-21;3.30925828566497E-11;0.966127788373724;4.13795318562591E-09;1.37931772854197E-09;1.33380210120868E-05;7.98570064181225E-08;paraboloid;0.000000032;analytical;False;;False;1;141755.017520693;-0.000324893246120018;0.0100000000292576;-7.89383504907994E-11;0.5;5,00E-07;5;165;1.02433999117093E-11;2.38361681572683E-20;1.54389663375721E-10;0.968143548753493;5.78997578173128E-09;1.44749394543282E-09;9.59676816781733E-05;9.57420008563367E-05
C:/Users/rlolo/Documents/Thèse/MEB et AFM/AFM/Résultats AFM Dynamo/06062025/Plaque hydrophobique_ethanol_PEI 0.5_Incubation 1h/cell2/force mapp/map-data-2025.06.06-11.56.16.356.jpk-force-map;map-data-2025.06.06-11.56.16.356.jpk-force-map;422;0.142;7.801310208055;[2.5e-05, 2.5e-05];[32, 32];1.62850392015164E-05;paraboloid;0.000000032;False;;False;6.33389412135891E-08;660774.542975213;6.27168423744911E-13;;0.5;;-3.87939173478336E-20;5.0083680691761E-22;2.23793835240743E-11;0.979451628674967;-6.24656374941824E-10;-2.08218791647275E-10;1.31873018655682E-05;3.56771539272986E-08;paraboloid;0.000000032;analytical;False;;False;1;216311.288545106;-0.000565926761433739;0.0100000000033963;-5.68614260547094E-11;0.5;5,00E-07;5;158;7.90560161038629E-17;4.30212763936577E-20;2.07415709129414E-10;0.958939450301483;5.22275761159618E-08;1.30568940289904E-08;9.61234100725785E-05;9.58713946317757E-05
C:/Users/rlolo/Documents/Thèse/MEB et AFM/AFM/Résultats AFM Dynamo/06062025/Plaque hydrophobique_ethanol_PEI 0.5_Incubation 1h/cell2/force mapp/map-data-2025.06.06-11.56.16.356.jpk-force-map;map-data-2025.06.06-11.56.16.356.jpk-force-map;423;0.142;7.801310208055;[2.5e-05, 2.5e-05];[32, 32];1.62854413084673E-05;paraboloid;0.000000032;False;;False;3.23225758972975E-08;241576.100752616;1.98090269963105E-11;;0.5;;-2.59304220153813E-19;4.02781907082949E-21;6.34651012039648E-11;0.856307352340746;-106902.429386391;-35634.1431287969;1.30326562629413E-05;6.09345486853404E-08;paraboloid;0.000000032;analytical;False;;False;1;193205.953965448;-0.00020710244923274;0.0100000322424367;7.18216465126102E-11;0.5;5,00E-07;5;163;1.36259072458475E-10;4.11014346187211E-20;2.02734887522402E-10;0.97532756677804;4.4396559401422E-09;1.10991398503555E-09;9.63539673935527E-05;9.61248452749451E-05
C:/Users/rlolo/Documents/Thèse/MEB et AFM/AFM/Résultats AFM Dynamo/06062025/Plaque hydrophobique_ethanol_PEI 0.5_Incubation 1h/cell2/force mapp/map-data-2025.06.06-11.56.16.356.jpk-force-map;map-data-2025.06.06-11.56.16.356.jpk-force-map;424;0.142;7.801310208055;[2.5e-05, 2.5e-05];[32, 32];1.62859380288183E-05;paraboloid;0.000000032;False;;False;7.92076297331211E-08;284723.326200227;3.81284664444062E-12;;0.5;;-7.14397955620552E-21;6.47582958792305E-22;2.54476513413774E-11;0.981998136021448;-4.68545800801912E-09;-1.56181933600637E-09;1.30581309209452E-05;6.3839781512014E-08;paraboloid;0.000000032;analytical;False;;False;1;96241.7675224011;-0.000766105885893563;0.0100000000074022;-8.83862828480617E-11;0.5;5,00E-07;5;160;1.85066568387714E-11;3.0599902816963E-20;1.74928279065916E-10;0.927727800447845;4.12568164240779E-08;1.03142041060195E-08;9.64564840440302E-05;9.61123048636881E-05
C:/Users/rlolo/Documents/Thèse/MEB et AFM/AFM/Résultats AFM Dynamo/06062025/Plaque hydrophobique_ethanol_PEI 0.5_Incubation 1h/cell2/force mapp/map-data-2025.06.06-11.56.16.356.jpk-force-map;map-data-2025.06.06-11.56.16.356.jpk-force-map;425;0.142;7.801310208055;[2.5e-05, 2.5e-05];[32, 32];1.628201157271E-05;paraboloid;0.000000032;False;;False;6.19502742813727E-08;410482.106950075;1.10024533050861E-12;;0.5;;-1.2158432498082E-19;1.45115472264439E-21;3.80940247630044E-11;0.930628029614264;5.26043158499458E-11;1.75347719499819E-11;1.27031177900447E-05;4.32201177406726E-08;paraboloid;0.000000032;analytical;False;;False;1;295939.765978905;-0.000389248793384971;0.0100000000592369;2.92589841468569E-11;0.5;5,00E-07;5;159;8.64625835668594E-11;8.01939444623545E-20;2.83185353544908E-10;0.961454301631407;1.70980100122669E-08;4.27450250306672E-09;9.68371675049833E-05;9.6617880134775E-05
C:/Users/rlolo/Documents/Thèse/MEB et AFM/AFM/Résultats AFM Dynamo/06062025/Plaque hydrophobique_ethanol_PEI 0.5_Incubation 1h/cell2/force mapp/map-data-2025.06.06-11.56.16.356.jpk-force-map;map-data-2025.06.06-11.56.16.356.jpk-force-map;426;0.142;7.801310208055;[2.5e-05, 2.5e-05];[32, 32];1.62748682609949E-05;paraboloid;0.000000032;False;;False;6.87457865751046E-08;852249.839822115;4.82520287197383E-12;;0.5;;-2.27914113609334E-19;2.14894651569627E-21;4.63567310721568E-11;0.867404251849059;-6342.96685987702;-2114.32228662567;1.23639050969777E-05;2.57839296476815E-08;paraboloid;0.000000032;analytical;False;;False;1;339829.657642624;-0.000412232300140154;0.0100000300990304;6.29530998786655E-11;0.5;5,00E-07;5;157;1.31967135854587E-10;8.33860431435457E-20;2.88766416232127E-10;0.967925922873785;-2.55957800494715E-08;-6.39894501236788E-09;9.72791041173368E-05;9.69399223357146E-05
C:/Users/rlolo/Documents/Thèse/MEB et AFM/AFM/Résultats AFM Dynamo/06062025/Plaque hydrophobique_ethanol_PEI 0.5_Incubation 1h/cell2/force mapp/map-data-2025.06.06-11.56.16.356.jpk-force-map;map-data-2025.06.06-11.56.16.356.jpk-force-map;427;0.142;7.801310208055;[2.5e-05, 2.5e-05];[32, 32];1.62657853745757E-05;paraboloid;0.000000032;False;;False;2.10308073225306E-08;173812.630356843;-1.07483838752786E-12;;0.5;;-1.52090402561309E-19;1.97410081561895E-21;4.44308543201562E-11;0.924783859370632;3.12433115126079E-09;1.04144371708693E-09;1.19561449954657E-05;7.28737456168794E-08;paraboloid;0.000000032;analytical;False;;False;1;304758.618706383;-3.15267357644186E-05;0.0100000000040535;3.76974428462479E-11;0.5;5,00E-07;5;164;5.19969998489663E-11;4.62783837480156E-20;2.15124112428188E-10;0.977934251982078;-1.78005193431638E-10;-4.45012983579096E-11;9.77090176333174E-05;9.72657854296173E-05
C:/Users/rlolo/Documents/Thèse/MEB et AFM/AFM/Résultats AFM Dynamo/06062025/Plaque hydrophobique_ethanol_PEI 0.5_Incubation 1h/cell2/force mapp/map-data-2025.06.06-11.56.16.356.jpk-force-map;map-data-2025.06.06-11.56.16.356.jpk-force-map;428;0.142;7.801310208055;[2.5e-05, 2.5e-05];[32, 32];1.61981367934327E-05;paraboloid;0.000000032;False;;False;-5.00804621424398E-09;113898.487567571;-7.33595397059594E-12;;0.5;;-9.03521555763289E-20;2.67887197533777E-21;5.17578204268473E-11;0.923169902046179;8.17438042374422E-09;2.72479347458141E-09;1.14818480202631E-05;9.80663017251453E-08;paraboloid;0.000000032;analytical;False;;False;1;201653.386581443;0.000117942855753799;0.0100000000036405;2.13448012652507E-11;0.5;5,00E-07;5;146;7.43193520369433E-11;2.67104369310997E-20;1.63433279753849E-10;0.980513068324581;3.91240815509375E-08;9.78102038773437E-09;9.9322309127954E-05;9.7590883904294E-05
C:/Users/rlolo/Documents/Thèse/MEB et AFM/AFM/Résultats AFM Dynamo/06062025/Plaque hydrophobique_ethanol_PEI 0.5_Incubation 1h/cell2/force mapp/map-data-2025.06.06-11.56.16.356.jpk-force-map;map-data-2025.06.06-11.56.16.356.jpk-force-map;429;0.142;7.801310208055;[2.5e-05, 2.5e-05];[32, 32];1.56818314685413E-05;paraboloid;0.000000032;False;;False;-2.75665524230554E-07;14781.6671222135;-3.61972268348216E-12;;0.5;;-1.19383284985179E-19;3.74516118221587E-21;6.11977220345322E-11;0.951694016996057;7.80914783572741E-09;2.6030492785758E-09;1.09563651955523E-05;3.65047060426894E-07;paraboloid;0.000000032;analytical;False;;False;1;107913.753483565;0.00234928647555396;0.0100000150962298;-3.40000387996537E-11;0.5;5,00E-07;5;159;5.04859764903533E-17;1.45560241992159E-20;1.20648349343105E-10;0.974845084045816;4.60643218141279E-09;1.1516080453532E-09;0.000100829973660141;9.7728073334584E-05
C:/Users/rlolo/Documents/Thèse/MEB et AFM/AFM/Résultats AFM Dynamo/06062025/Plaque hydrophobique_ethanol_PEI 0.5_Incubation 1h/cell2/force mapp/map-data-2025.06.06-11.56.16.356.jpk-force-map;map-data-2025.06.06-11.56.16.356.jpk-force-map;430;0.142;7.801310208055;[2.5e-05, 2.5e-05];[32, 32];1.50119685951253E-05;paraboloid;0.000000032;False;;False;-3.8702624378744E-07;10536.8873653527;8.49309450197295E-12;;0.5;;-3.38534223024513E-20;3.53143970254783E-21;5.94259177678211E-11;0.965553454896593;-8.1384096668793E-10;-2.7128032222931E-10;1.02844208273319E-05;4.76729404150801E-07;paraboloid;0.000000032;analytical;False;;False;1;18640.5981444586;0.00162685755971451;0.0511655132170621;-1.99417875756146E-11;0.5;5,00E-07;5;153;1.31446259213659E-11;1.28821051421374E-20;1.13499361857842E-10;0.948889941201183;9.86744297608889E-10;2.46686074402222E-10;0.00010077273255302;0.0000978302558068
C:/Users/rlolo/Documents/Thèse/MEB et AFM/AFM/Résultats AFM Dynamo/06062025/Plaque hydrophobique_ethanol_PEI 0.5_Incubation 1h/cell2/force mapp/map-data-2025.06.06-11.56.16.356.jpk-force-map;map-data-2025.06.06-11.56.16.356.jpk-force-map;431;0.142;7.801310208055;[2.5e-05, 2.5e-05];[32, 32];1.4119125590788E-05;paraboloid;0.000000032;False;;False;-2.93566297653944E-07;9131.64827478727;1.76552609833524E-11;;0.5;;-7.5222517892735E-20;2.47190711268986E-21;4.97182774509522E-11;0.981112602314497;3.13699974451987E-09;1.04566658150662E-09;9.5776587278379E-06;5.71682554875481E-07;paraboloid;0.000000032;analytical;False;;False;1;12458.2336815782;0.000841979098715018;0.0130205039553306;-6.03832995170928E-11;0.5;5,00E-07;5;144;2.60735285070176E-11;9.26536747221929E-21;9.62567788377488E-11;0.95624636921398;-2.49154719404981E-09;-6.22886798512453E-10;0.000100710287708888;9.7770649364674E-05
C:/Users/rlolo/Documents/Thèse/MEB et AFM/AFM/Résultats AFM Dynamo/06062025/Plaque hydrophobique_ethanol_PEI 0.5_Incubation 1h/cell2/force mapp/map-data-2025.06.06-11.56.16.356.jpk-force-map;map-data-2025.06.06-11.56.16.356.jpk-force-map;432;0.142;7.801310208055;[2.5e-05, 2.5e-05];[32, 32];1.33791068811237E-05;paraboloid;0.000000032;False;;False;-4.06566909062446E-07;6885.21679079744;2.82075691640172E-11;;0.5;;-3.72760981676154E-20;2.89167062924221E-21;5.37742561942256E-11;0.979503795122299;-4.74180842373348E-08;-1.58060280791116E-08;8.8387280722759E-06;6.85317004001555E-07;paraboloid;0.000000032;analytical;False;;False;1;7381.67092088693;0.0010267064273264;0.0431550553416403;2.12253584084297E-11;0.5;5,00E-07;5;154;5.13774026330517E-11;9.97834251916513E-21;9.98916539014403E-11;0.959164443301645;-1.88400997356107E-08;-4.71002493390269E-09;0.000100776517089028;9.7784368307703E-05
C:/Users/rlolo/Documents/Thèse/MEB et AFM/AFM/Résultats AFM Dynamo/06062025/Plaque hydrophobique_ethanol_PEI 0.5_Incubation 1h/cell2/force mapp/map-data-2025.06.06-11.56.16.356.jpk-force-map;map-data-2025.06.06-11.56.16.356.jpk-force-map;433;0.142;7.801310208055;[2.5e-05, 2.5e-05];[32, 32];1.24515407589129E-05;paraboloid;0.000000032;False;;False;-6.27453270900755E-07;5034.16514596486;6.816063626699E-11;;0.5;;-8.89433410701579E-21;2.17140730798087E-21;4.6598361644814E-11;0.984868592047003;4.36500462884583E-07;1.45500154294861E-07;7.8306222931449E-06;8.26552768996425E-07;paraboloid;0.000000032;analytical;False;;False;1;3229.09165953194;-0.000210368472019586;0.0829309691923246;-4.05317572176654E-11;0.5;5,00E-07;5;153;2.1719883149277E-11;6.24220786060844E-21;7.90076443175497E-11;0.96700775117637;1.19898129845928E-08;2.9974532461482E-09;0.000100732994924936;9.7803764054744E-05
C:/Users/rlolo/Documents/Thèse/MEB et AFM/AFM/Résultats AFM Dynamo/06062025/Plaque hydrophobique_ethanol_PEI 0.5_Incubation 1h/cell2/force mapp/map-data-2025.06.06-11.56.16.356.jpk-force-map;map-data-2025.06.06-11.56.16.356.jpk-force-map;434;0.142;7.801310208055;[2.5e-05, 2.5e-05];[32, 32];1.11988593402649E-05;paraboloid;0.000000032;False;;False;-6.23670823958974E-07;4830.55065164444;1.46000564184609E-10;;0.5;;-2.62202435066869E-20;2.66845216673654E-21;5.16570630866345E-11;0.978026230780379;1.35128800043808E-08;4.50429333479359E-09;6.55833224730545E-06;8.02808236959001E-07;paraboloid;0.000000032;analytical;False;;False;1;2668.97490278812;0.000139030835965153;0.116620458003402;1.53330576181531E-11;0.5;5,00E-07;5;153;4.55021467311648E-11;1.10517314998651E-20;1.05127215790513E-10;0.948211123968671;-1.30291132247315E-08;-3.25727830618287E-09;0.000100661088740784;9.7788625910712E-05
C:/Users/rlolo/Documents/Thèse/MEB et AFM/AFM/Résultats AFM Dynamo/06062025/Plaque hydrophobique_ethanol_PEI 0.5_Incubation 1h/cell2/force mapp/map-data-2025.06.06-11.56.16.356.jpk-force-map;map-data-2025.06.06-11.56.16.356.jpk-force-map;435;0.142;7.801310208055;[2.5e-05, 2.5e-05];[32, 32];8.82139016668925E-06;paraboloid;0.000000032;False;;False;-1.01433551125776E-06;2138.75777459739;4.34664738476303E-10;;0.5;;-8.75177695209329E-19;3.58904561088671E-21;5.99086438745421E-11;0.950264234066408;4.83236066729801E-09;1.61078688909934E-09;4.1724897878121E-06;1.18296969575839E-06;paraboloid;0.000000032;analytical;False;;False;1;502.869001078713;-0.000561194045933564;0.272807875004826;1.83093383086059E-10;0.5;5,00E-07;5;146;2.90256616598553E-10;2.25757789662812E-19;4.7513975803211E-10;0.628573252564522;-7.30653332773934E-08;-1.82663333193483E-08;0.000100468077404376;9.7780110704694E-05
C:/Users/rlolo/Documents/Thèse/MEB et AFM/AFM/Résultats AFM Dynamo/06062025/Plaque hydrophobique_ethanol_PEI 0.5_Incubation 1h/cell2/force mapp/map-data-2025.06.06-11.56.16.356.jpk-force-map;map-data-2025.06.06-11.56.16.356.jpk-force-map;436;0.142;7.801310208055;[2.5e-05, 2.5e-05];[32, 32];8.74025917601775E-06;paraboloid;0.000000032;False;;False;-3.92545419137419E-06;960.646944388047;-1.15758626012232E-09;;0.5;;-1.83373267537505E-17;2.66412520642844E-21;5.1615164500643E-11;0.969440735562379;4.01203825142744E-09;1.33734608380915E-09;4.10912246302815E-06;4.0989061526033E-06;paraboloid;0.000000032;analytical;False;;False;1;683.190056198774;0.0215024442678307;0.178153686221794;-8.12595073295601E-11;0.5;5,00E-07;5;152;-6.46766893950256E-19;2.0602474248245E-20;1.43535620137459E-10;0.887484293094874;-1.9130109817491E-09;-4.78252745437276E-10;0.000100197956146805;9.7531750529169E-05
C:/Users/rlolo/Documents/Thèse/MEB et AFM/AFM/Résultats AFM Dynamo/06062025/Plaque hydrophobique_ethanol_PEI 0.5_Incubation 1h/cell2/force mapp/map-data-2025.06.06-11.56.16.356.jpk-force-map;map-data-2025.06.06-11.56.16.356.jpk-force-map;437;0.142;7.801310208055;[2.5e-05, 2.5e-05];[32, 32];8.14533011556015E-06;paraboloid;0.000000032;False;;False;-1.01589096833601E-06;1955.38311408256;6.323905938381E-10;;0.5;;1.01966211957431E-20;6.22325108647401E-22;2.494644480978E-11;0.987473050135519;7.45912878053923E-10;2.48637626017974E-10;3.4409389774657E-06;1.12338238403459E-06;paraboloid;0.000000032;analytical;False;;False;1;551.415699078704;-0.00276773165130664;0.205436472986208;3.20489112762307E-10;0.5;5,00E-07;5;152;2.19961855908194E-10;1.56433858464103E-19;3.95517203752382E-10;0.639349367582325;-7.49534865900466E-08;-1.87383716475116E-08;0.000100871130489228;9.7720977329569E-05
C:/Users/rlolo/Documents/Thèse/MEB et AFM/AFM/Résultats AFM Dynamo/06062025/Plaque hydrophobique_ethanol_PEI 0.5_Incubation 1h/cell2/force mapp/map-data-2025.06.06-11.56.16.356.jpk-force-map;map-data-2025.06.06-11.56.16.356.jpk-force-map;438;0.142;7.801310208055;[2.5e-05, 2.5e-05];[32, 32];5.7181416001794E-06;paraboloid;0.000000032;False;;False;8.2005514879257E-08;5608198.30548803;1.74298698722517E-10;;0.5;;-6.92386448336656E-19;3.86940021203245E-21;6.22045031491487E-11;0.643091011558257;3.39649132809058E-08;1.13216377603019E-08;9.96838316799202E-07;7.19451766050912E-09;paraboloid;0.000000032;analytical;False;;False;1;516190.761084207;-0.000480732474101917;0.0102471957767343;-1.03526813856533E-10;0.5;5,00E-07;5;156;1.47213842807632E-10;1.60265777043867E-19;4.00332083455557E-10;0.969538226861085;-1.14573107503851E-06;-2.86432768759626E-07;0.000100456723796352;9.762683699637E-05
C:/Users/rlolo/Documents/Thèse/MEB et AFM/AFM/Résultats AFM Dynamo/06062025/Plaque hydrophobique_ethanol_PEI 0.5_Incubation 1h/cell2/force mapp/map-data-2025.06.06-11.56.16.356.jpk-force-map;map-data-2025.06.06-11.56.16.356.jpk-force-map;439;0.142;7.801310208055;[2.5e-05, 2.5e-05];[32, 32];5.7072610591564E-06;paraboloid;0.000000032;False;;False;8.80023992445297E-08;1144246.50206139;3.62456834211128E-10;;0.5;;-3.97786284143006E-20;8.00427568663926E-22;2.82918286553543E-11;0.300851301844303;2.38911567309285E-09;7.96371891030948E-10;1.003839708414E-06;9.01620698504486E-09;paraboloid;0.000000032;analytical;False;;False;1;465600.317394735;-0.000479060735726886;0.0100000056865696;-8.13492823951875E-11;0.5;5,00E-07;5;155;2.49589724442502E-11;9.30582904979325E-20;3.05054569705049E-10;0.97562615884325;4.15819424603317E-07;1.03954856150829E-07;9.9548908221433E-05;9.7401184036893E-05
C:/Users/rlolo/Documents/Thèse/MEB et AFM/AFM/Résultats AFM Dynamo/06062025/Plaque hydrophobique_ethanol_PEI 0.5_Incubation 1h/cell2/force mapp/map-data-2025.06.06-11.56.16.356.jpk-force-map;map-data-2025.06.06-11.56.16.356.jpk-force-map;440;0.142;7.801310208055;[2.5e-05, 2.5e-05];[32, 32];5.6823304282037E-06;paraboloid;0.000000032;False;;False;8.94679449262101E-08;5736958.28072482;-1.55809861795377E-11;;0.5;;-3.04570485640808E-19;6.13624819248505E-22;2.47714516984473E-11;0.948820120057966;1.72088946052011E-08;5.73629820173369E-09;9.88843484482303E-07;8.15520722900861E-09;paraboloid;0.000000032;analytical;False;;False;1;445978.979406932;-0.000581369668422566;0.0100001561036107;-1.34676146885301E-11;0.5;5,00E-07;5;156;3.63908244222247E-11;1.50242787614766E-19;3.87611645354943E-10;0.965769256055519;2.00842875601012E-07;5.0210718900253E-08;9.9724416078804E-05;9.7285282621648E-05
C:/Users/rlolo/Documents/Thèse/MEB et AFM/AFM/Résultats AFM Dynamo/06062025/Plaque hydrophobique_ethanol_PEI 0.5_Incubation 1h/cell2/force mapp/map-data-2025.06.06-11.56.16.356.jpk-force-map;map-data-2025.06.06-11.56.16.356.jpk-force-map;441;0.142;7.801310208055;[2.5e-05, 2.5e-05];[32, 32];5.6643538821657E-06;paraboloid;0.000000032;False;;False;8.70045919285887E-08;17417512.107602;-1.0984864002108E-11;;0.5;;-1.63978307024731E-19;5.72165653715816E-22;2.39199844004091E-11;0.941798167039734;1.35713028850529E-08;4.52376762835095E-09;9.65899734933801E-07;3.95716183275432E-09;paraboloid;0.000000032;analytical;False;;False;1;434138.416871726;-0.000582478237627058;0.0108177307027325;3.89717293364782E-11;0.5;5,00E-07;5;157;1.09242399011696E-10;1.41119405036086E-19;3.75658628326419E-10;0.972903744202358;9.76904419309002E-07;2.44226104827251E-07;9.9718739274792E-05;9.7236083653544E-05
C:/Users/rlolo/Documents/Thèse/MEB et AFM/AFM/Résultats AFM Dynamo/06062025/Plaque hydrophobique_ethanol_PEI 0.5_Incubation 1h/cell2/force mapp/map-data-2025.06.06-11.56.16.356.jpk-force-map;map-data-2025.06.06-11.56.16.356.jpk-force-map;442;0.142;7.801310208055;[2.5e-05, 2.5e-05];[32, 32];5.64273472022E-06;paraboloid;0.000000032;False;;False;8.28242204602691E-08;6436486.78760469;-1.80876884751336E-11;;0.5;;-2.38757846990214E-19;6.75754207738042E-22;2.5995272795992E-11;0.945364675666262;-3.63678939912951E-08;-1.21226313304317E-08;9.45889000791502E-07;7.91764593207645E-09;paraboloid;0.000000032;analytical;False;;False;1;462991.246167999;-0.000592667079132352;0.0100131828663277;3.16443423914348E-11;0.5;5,00E-07;5;157;1.07443841016333E-10;2.01406952443081E-19;4.48783859383424E-10;0.965317474996747;-5.28019619549109E-07;-1.32004904887277E-07;9.9738608088834E-05;9.721999937551E-05
C:/Users/rlolo/Documents/Thèse/MEB et AFM/AFM/Résultats AFM Dynamo/06062025/Plaque hydrophobique_ethanol_PEI 0.5_Incubation 1h/cell2/force mapp/map-data-2025.06.06-11.56.16.356.jpk-force-map;map-data-2025.06.06-11.56.16.356.jpk-force-map;443;0.142;7.801310208055;[2.5e-05, 2.5e-05];[32, 32];5.6347398879031E-06;paraboloid;0.000000032;False;;False;8.53752180803398E-08;12807379.142493;-1.03455222640757E-11;;0.5;;-1.15624886005249E-19;8.3333485430142E-22;2.88675398034093E-11;0.926407876255114;1.01162073810942E-08;3.3720691270314E-09;9.38107048625052E-07;4.80336168759599E-09;paraboloid;0.000000032;analytical;False;;False;1;468408.177320151;-0.000499013320204503;0.0100941741494975;1.4499165394754E-10;0.5;5,00E-07;5;158;1.92015366404697E-10;1.31341040901712E-19;3.62410045254973E-10;0.981541976070696;5.24821357942745E-07;1.31205339485686E-07;9.9600472524542E-05;9.7184992417436E-05
C:/Users/rlolo/Documents/Thèse/MEB et AFM/AFM/Résultats AFM Dynamo/06062025/Plaque hydrophobique_ethanol_PEI 0.5_Incubation 1h/cell2/force mapp/map-data-2025.06.06-11.56.16.356.jpk-force-map;map-data-2025.06.06-11.56.16.356.jpk-force-map;444;0.142;7.801310208055;[2.5e-05, 2.5e-05];[32, 32];5.6315703389964E-06;paraboloid;0.000000032;False;;False;8.77466674506336E-08;7297060.40648329;-1.32787040621293E-11;;0.5;;-1.2881101614504E-19;6.46772166877213E-22;2.54317157674667E-11;0.943240691427405;1.34497129873454E-08;4.48323766244846E-09;9.38816649126553E-07;6.9634444450804E-09;paraboloid;0.000000032;analytical;False;;False;1;421287.762896968;-0.000622204763239214;0.0100001254919477;5.32693026894846E-11;0.5;5,00E-07;5;157;1.14170399033736E-10;1.77657852288652E-19;4.21494783228277E-10;0.964334463152793;1.46325341165579E-06;3.65813352913947E-07;9.9581549844502E-05;9.7185938551438E-05
C:/Users/rlolo/Documents/Thèse/MEB et AFM/AFM/Résultats AFM Dynamo/06062025/Plaque hydrophobique_ethanol_PEI 0.5_Incubation 1h/cell2/force mapp/map-data-2025.06.06-11.56.16.356.jpk-force-map;map-data-2025.06.06-11.56.16.356.jpk-force-map;445;0.142;7.801310208055;[2.5e-05, 2.5e-05];[32, 32];5.6142087800597E-06;paraboloid;0.000000032;False;;False;8.91853968097035E-08;9796309.87939458;-1.85948827961571E-11;;0.5;;-1.12198175274268E-19;5.96519459917953E-22;2.44237478679656E-11;0.949234826308914;6.96006572165446E-09;2.32002190721815E-09;9.22732371092552E-07;6.01638685784624E-09;paraboloid;0.000000032;analytical;False;;False;1;443606.67065285;-0.00054673556581107;0.0100001617063086;5.69982370881009E-11;0.5;5,00E-07;5;157;9.36995100775331E-11;1.37024393503049E-19;3.70168061160129E-10;0.971569739924698;1.32907845726459E-07;3.32269614316149E-08;9.969413979074E-05;9.7175531077416E-05
C:/Users/rlolo/Documents/Thèse/MEB et AFM/AFM/Résultats AFM Dynamo/06062025/Plaque hydrophobique_ethanol_PEI 0.5_Incubation 1h/cell2/force mapp/map-data-2025.06.06-11.56.16.356.jpk-force-map;map-data-2025.06.06-11.56.16.356.jpk-force-map;446;0.142;7.801310208055;[2.5e-05, 2.5e-05];[32, 32];5.6028551720357E-06;paraboloid;0.000000032;False;;False;8.67905749349882E-08;18229156.7106068;-1.27907534845873E-11;;0.5;;-1.79016308799888E-19;6.75635478986548E-22;2.59929890352485E-11;0.928118033759073;8.40011076868689E-09;2.80003692289563E-09;9.06624439708501E-07;3.69010974254442E-09;paraboloid;0.000000032;analytical;False;;False;1;491215.123277125;-0.000519001637658631;0.0129652263005441;6.78567334594751E-11;0.5;5,00E-07;5;157;1.0833489385684E-10;1.68603605888399E-19;4.10613694229015E-10;0.969901279084175;-1.34858573829166E-07;-3.37146434572916E-08;9.9635479482616E-05;9.7175531077416E-05
C:/Users/rlolo/Documents/Thèse/MEB et AFM/AFM/Résultats AFM Dynamo/06062025/Plaque hydrophobique_ethanol_PEI 0.5_Incubation 1h/cell2/force mapp/map-data-2025.06.06-11.56.16.356.jpk-force-map;map-data-2025.06.06-11.56.16.356.jpk-force-map;447;0.142;7.801310208055;[2.5e-05, 2.5e-05];[32, 32];5.5884739352053E-06;paraboloid;0.000000032;False;;False;8.3297887891456E-08;4391766.13289084;-1.71182468296071E-11;;0.5;;-1.11379244973888E-19;9.2468556629534E-22;3.040864295386E-11;0.913463334461591;1.29152580328187E-08;4.30508601093955E-09;8.94419311082702E-07;9.00906281296326E-09;paraboloid;0.000000032;analytical;False;;False;1;443471.450066167;-0.000569837654284391;0.0100004333291843;3.89748495178242E-11;0.5;5,00E-07;5;157;1.31275038150755E-10;1.80493033096654E-19;4.24844716451381E-10;0.963850063415157;-8.77270290757261E-08;-2.19317572689315E-08;9.966102510067E-05;9.7160392933384E-05
C:/Users/rlolo/Documents/Thèse/MEB et AFM/AFM/Résultats AFM Dynamo/06062025/Plaque hydrophobique_ethanol_PEI 0.5_Incubation 1h/cell2/force mapp/map-data-2025.06.06-11.56.16.356.jpk-force-map;map-data-2025.06.06-11.56.16.356.jpk-force-map;448;0.142;7.801310208055;[2.5e-05, 2.5e-05];[32, 32];5.5915961774119E-06;paraboloid;0.000000032;False;;False;8.84739330615646E-08;10112385.4330229;-1.85806321526446E-11;;0.5;;-4.72080033115956E-19;8.28907771204123E-22;2.87907584339858E-11;0.924214237870901;5.19972855024859E-08;1.73324285008286E-08;8.99197287792802E-07;5.39654349810041E-09;paraboloid;0.000000032;analytical;False;;False;1;510304.802186285;-0.000505591303816695;0.0125676371317909;1.02270296367038E-10;0.5;5,00E-07;5;157;1.49949301954255E-10;2.04626213766758E-19;4.52356290734149E-10;0.967982109147779;1.51617552965722E-07;3.79043882414306E-08;9.9501128454332E-05;9.7173638809412E-05
C:/Users/rlolo/Documents/Thèse/MEB et AFM/AFM/Résultats AFM Dynamo/06062025/Plaque hydrophobique_ethanol_PEI 0.5_Incubation 1h/cell2/force mapp/map-data-2025.06.06-11.56.16.356.jpk-force-map;map-data-2025.06.06-11.56.16.356.jpk-force-map;449;0.142;7.801310208055;[2.5e-05, 2.5e-05];[32, 32];5.5992598628281E-06;paraboloid;0.000000032;False;;False;8.5731088582825E-08;6468677.21004579;-1.04918238511497E-11;;0.5;;-3.89076033341681E-20;6.36729600356996E-22;2.52335015476845E-11;0.938130108749474;3.45875569582213E-09;1.15291856527404E-09;9.05772919106702E-07;7.1749419817194E-09;paraboloid;0.000000032;analytical;False;;False;1;462582.699760078;-0.00050859536121634;0.0100009558682048;3.51183592815947E-11;0.5;5,00E-07;5;158;5.82860240474971E-11;1.35584579942729E-19;3.68218114631436E-10;0.975057914803589;8.95551142469252E-08;2.23887785617313E-08;9.9449091084222E-05;9.718215401543E-05
C:/Users/rlolo/Documents/Thèse/MEB et AFM/AFM/Résultats AFM Dynamo/06062025/Plaque hydrophobique_ethanol_PEI 0.5_Incubation 1h/cell2/force mapp/map-data-2025.06.06-11.56.16.356.jpk-force-map;map-data-2025.06.06-11.56.16.356.jpk-force-map;450;0.142;7.801310208055;[2.5e-05, 2.5e-05];[32, 32];5.6154387542623E-06;paraboloid;0.000000032;False;;False;8.27148111010819E-08;5549283.69426025;-1.42775337658502E-11;;0.5;;-4.76186260772678E-20;6.00793224672576E-22;2.45110837106925E-11;0.953369912054364;1.32116775066538E-08;4.40389250221793E-09;9.20887409788651E-07;8.49689120369909E-09;paraboloid;0.000000032;analytical;False;;False;1;464065.250128279;-0.000545002562871925;0.0100002819399101;-2.7346171756778E-11;0.5;5,00E-07;5;157;4.68903969447659E-11;1.34028337965959E-19;3.66098809020132E-10;0.973719405601088;2.38202625096086E-07;5.95506562740215E-08;9.9326566730963E-05;9.7188776953444E-05
C:/Users/rlolo/Documents/Thèse/MEB et AFM/AFM/Résultats AFM Dynamo/06062025/Plaque hydrophobique_ethanol_PEI 0.5_Incubation 1h/cell2/force mapp/map-data-2025.06.06-11.56.16.356.jpk-force-map;map-data-2025.06.06-11.56.16.356.jpk-force-map;451;0.142;7.801310208055;[2.5e-05, 2.5e-05];[32, 32];5.63353356705055E-06;paraboloid;0.000000032;False;;False;8.64901670304152E-08;3550219.85949385;-1.16497673807588E-11;;0.5;;-4.49394787885297E-20;8.35588227027793E-22;2.89065429795365E-11;0.937320719877372;1.38094907332569E-08;4.60316357775229E-09;9.45132093589902E-07;1.14982263060448E-08;paraboloid;0.000000032;analytical;False;;False;1;439983.095031266;-0.000605723864338275;0.0100000676857722;-5.48563280692574E-11;0.5;5,00E-07;5;157;6.54984449123505E-11;1.9993622392667E-19;4.47142285997052E-10;0.961526110677961;2.05519079930341E-07;5.13797699825853E-08;9.9302913380913E-05;9.7183573216433E-05
C:/Users/rlolo/Documents/Thèse/MEB et AFM/AFM/Résultats AFM Dynamo/06062025/Plaque hydrophobique_ethanol_PEI 0.5_Incubation 1h/cell2/force mapp/map-data-2025.06.06-11.56.16.356.jpk-force-map;map-data-2025.06.06-11.56.16.356.jpk-force-map;452;0.142;7.801310208055;[2.5e-05, 2.5e-05];[32, 32];5.6397543981137E-06;paraboloid;0.000000032;False;;False;8.5629224799537E-08;12797516.4572018;-1.22328683151768E-11;;0.5;;-3.1959947375447E-19;7.65734934244515E-22;2.76719159843426E-11;0.935623364343651;9.5350397508254E-09;3.17834658360847E-09;9.44635373238851E-07;4.81696847482811E-09;paraboloid;0.000000032;analytical;False;;False;1;482488.535397841;-0.000528486401453024;0.0123885676179113;5.64799264470043E-11;0.5;5,00E-07;5;157;1.11929770084159E-10;1.81770590356574E-19;4.2634562312351E-10;0.968838446748713;-3.1301612342851E-07;-7.82540308571275E-08;9.9436791342196E-05;9.718688468544E-05
C:/Users/rlolo/Documents/Thèse/MEB et AFM/AFM/Résultats AFM Dynamo/06062025/Plaque hydrophobique_ethanol_PEI 0.5_Incubation 1h/cell2/force mapp/map-data-2025.06.06-11.56.16.356.jpk-force-map;map-data-2025.06.06-11.56.16.356.jpk-force-map;453;0.142;7.801310208055;[2.5e-05, 2.5e-05];[32, 32];5.6593393719551E-06;paraboloid;0.000000032;False;;False;8.48704113867159E-08;9373379.40823973;-6.40923339941932E-12;;0.5;;-3.24333694627778E-19;5.71048758285862E-22;2.38966265042968E-11;0.946851856789045;8.29732575513522E-09;2.76577525171174E-09;9.63983813579752E-07;6.1768622551445E-09;paraboloid;0.000000032;analytical;False;;False;1;476683.249900623;-0.000540088228995227;0.010901004791042;1.00817678956683E-10;0.5;5,00E-07;5;157;1.13499780737314E-10;1.64740649829945E-19;4.05882556695831E-10;0.970364058297054;1.79128328958898E-07;4.47820822397246E-08;9.9287775236881E-05;9.717742334542E-05
C:/Users/rlolo/Documents/Thèse/MEB et AFM/AFM/Résultats AFM Dynamo/06062025/Plaque hydrophobique_ethanol_PEI 0.5_Incubation 1h/cell2/force mapp/map-data-2025.06.06-11.56.16.356.jpk-force-map;map-data-2025.06.06-11.56.16.356.jpk-force-map;454;0.142;7.801310208055;[2.5e-05, 2.5e-05];[32, 32];5.6742882891867E-06;paraboloid;0.000000032;False;;False;8.48519035098731E-08;13694729.1195029;-1.45832825188611E-11;;0.5;;-1.93232177150409E-19;5.72224894936507E-22;2.39212226889954E-11;0.952737377029441;1.47831274977168E-08;4.9277091659056E-09;9.78057556859501E-07;4.92061622693789E-09;paraboloid;0.000000032;analytical;False;;False;1;457152.290403128;-0.000618189202077549;0.0100000262948945;8.26997618929504E-11;0.5;5,00E-07;5;156;1.30772652536429E-10;2.23655472384973E-19;4.72922268861357E-10;0.95777794825453;8.01386321970122E-08;2.0034658049253E-08;9.933933953999E-05;9.7188776953444E-05
C:/Users/rlolo/Documents/Thèse/MEB et AFM/AFM/Résultats AFM Dynamo/06062025/Plaque hydrophobique_ethanol_PEI 0.5_Incubation 1h/cell2/force mapp/map-data-2025.06.06-11.56.16.356.jpk-force-map;map-data-2025.06.06-11.56.16.356.jpk-force-map;455;0.142;7.801310208055;[2.5e-05, 2.5e-05];[32, 32];5.6839388560071E-06;paraboloid;0.000000032;False;;False;8.42446061713277E-08;8299315.80294328;-7.3500106114779E-12;;0.5;;-2.44951807693569E-19;6.51801116123897E-22;2.55303959257176E-11;0.935369188354838;8.97517631250839E-09;2.9917254375028E-09;9.87991963880502E-07;6.17110819713332E-09;paraboloid;0.000000032;analytical;False;;False;1;447224.356431778;-0.000647367275926816;0.0100056055589115;3.53127832073265E-11;0.5;5,00E-07;5;156;6.44905518127324E-11;2.00704952755254E-19;4.48001063341656E-10;0.960447220839348;2.06514260251962E-07;5.16285650629906E-08;9.9389484642096E-05;9.7180261747426E-05
C:/Users/rlolo/Documents/Thèse/MEB et AFM/AFM/Résultats AFM Dynamo/06062025/Plaque hydrophobique_ethanol_PEI 0.5_Incubation 1h/cell2/force mapp/map-data-2025.06.06-11.56.16.356.jpk-force-map;map-data-2025.06.06-11.56.16.356.jpk-force-map;456;0.142;7.801310208055;[2.5e-05, 2.5e-05];[32, 32];5.7005435077422E-06;paraboloid;0.000000032;False;;False;8.59697060417504E-08;15688570.5278811;4.12428348545927E-11;;0.5;;-1.07175326940246E-18;1.27389557662397E-20;1.12866982622199E-10;0.41958695963434;-7.79230932565164E-08;-2.59743644188388E-08;1.0049277625163E-06;4.12793505308535E-09;paraboloid;0.000000032;analytical;False;;False;1;420276.472948251;-0.000683113100098616;0.0101446361850977;-9.17934335395322E-11;0.5;5,00E-07;5;156;1.74772229841627E-10;2.14686584060092E-19;4.63342836418231E-10;0.963356045077645;-8.36732529808457E-09;-2.09183132452114E-09;9.9321362993952E-05;9.717742334542E-05
C:/Users/rlolo/Documents/Thèse/MEB et AFM/AFM/Résultats AFM Dynamo/06062025/Plaque hydrophobique_ethanol_PEI 0.5_Incubation 1h/cell2/force mapp/map-data-2025.06.06-11.56.16.356.jpk-force-map;map-data-2025.06.06-11.56.16.356.jpk-force-map;457;0.142;7.801310208055;[2.5e-05, 2.5e-05];[32, 32];;;;;;;;;;;;;;;;;;;;;;;;;;;;;;;;;;;;;;;;;;;
C:/Users/rlolo/Documents/Thèse/MEB et AFM/AFM/Résultats AFM Dynamo/06062025/Plaque hydrophobique_ethanol_PEI 0.5_Incubation 1h/cell2/force mapp/map-data-2025.06.06-11.56.16.356.jpk-force-map;map-data-2025.06.06-11.56.16.356.jpk-force-map;458;0.142;7.801310208055;[2.5e-05, 2.5e-05];[32, 32];9.8573832455292E-06;paraboloid;0.000000032;False;;False;-5.06332225105888E-06;1481.78777915797;-5.42069635714939E-09;;0.5;;-1.08250258752439E-15;3.06606374059775E-21;5.53720483691704E-11;0.983608737067623;-2.80831727147585E-08;-9.36105757158616E-09;5.90871664153225E-06;5.89964157000721E-06;paraboloid;0.000000032;analytical;False;;False;1;3437.19877064288;-0.0031509893867827;0.0100000000050883;7.79097878430244E-11;0.5;5,00E-07;5;51;-1.38531009925842E-10;3.58692166717241E-20;1.89391701697102E-10;0.846267034801112;4.86348968093502E-08;1.21587242023376E-08;8.714712647155E-05;9.7169854273404E-05
C:/Users/rlolo/Documents/Thèse/MEB et AFM/AFM/Résultats AFM Dynamo/06062025/Plaque hydrophobique_ethanol_PEI 0.5_Incubation 1h/cell2/force mapp/map-data-2025.06.06-11.56.16.356.jpk-force-map;map-data-2025.06.06-11.56.16.356.jpk-force-map;459;0.142;7.801310208055;[2.5e-05, 2.5e-05];[32, 32];1.01313363458083E-05;paraboloid;0.000000032;False;;False;-1.26841998977531E-07;3416.13410896997;9.08925774941837E-11;;0.5;;-1.69865035698033E-19;2.63198410238096E-21;5.13028664148599E-11;0.980688429178655;-8.4261042042179E-08;-2.80870140140597E-08;6.2789152231648E-06;1.07902570499337E-06;paraboloid;0.000000032;analytical;False;;False;1;2066.17092351456;0.00145130555375658;0.135490012501836;5.94064842435661E-11;0.5;5,00E-07;5;150;8.99640339125827E-11;3.07704177828638E-20;1.75414987338208E-10;0.893225417228132;-3.3173824814188E-08;-8.29345620354699E-09;9.81438093066364E-05;9.7513773983131E-05
C:/Users/rlolo/Documents/Thèse/MEB et AFM/AFM/Résultats AFM Dynamo/06062025/Plaque hydrophobique_ethanol_PEI 0.5_Incubation 1h/cell2/force mapp/map-data-2025.06.06-11.56.16.356.jpk-force-map;map-data-2025.06.06-11.56.16.356.jpk-force-map;460;0.142;7.801310208055;[2.5e-05, 2.5e-05];[32, 32];1.15202847140944E-05;paraboloid;0.000000032;False;;False;-7.21918803428071E-07;4696.46326486275;1.03522250178825E-10;;0.5;;-2.69738225271354E-20;1.41993801092676E-21;3.76820648442566E-11;0.991232986785235;9.24017722085173E-09;3.08005907361724E-09;6.8861913323485E-06;9.02283488036783E-07;paraboloid;0.000000032;analytical;False;;False;1;3600.1666541142;-0.000219532569133634;0.0550678450222556;-3.44901983683425E-11;0.5;5,00E-07;5;147;4.47031350337437E-11;8.89690027647607E-21;9.43233813880528E-11;0.965364539146971;-2.8909408080755E-08;-7.22735202018876E-09;9.74609632668047E-05;9.7699689314524E-05
C:/Users/rlolo/Documents/Thèse/MEB et AFM/AFM/Résultats AFM Dynamo/06062025/Plaque hydrophobique_ethanol_PEI 0.5_Incubation 1h/cell2/force mapp/map-data-2025.06.06-11.56.16.356.jpk-force-map;map-data-2025.06.06-11.56.16.356.jpk-force-map;461;0.142;7.801310208055;[2.5e-05, 2.5e-05];[32, 32];1.26306439254915E-05;paraboloid;0.000000032;False;;False;-5.93543074855581E-07;6550.44815373352;9.21228197038676E-11;;0.5;;-2.82948160105205E-20;2.16214194712963E-21;4.64988381266632E-11;0.984145495445673;2.88907770374444E-08;9.63025901248146E-09;7.9077322143079E-06;6.87660947287937E-07;paraboloid;0.000000032;analytical;False;;False;1;4671.61235266971;0.000275559365592301;0.0788330916745714;6.9180799981196E-12;0.5;5,00E-07;5;157;4.22574162803E-11;7.16294661626338E-21;8.46341929497965E-11;0.968914552434376;-2.77577690864052E-08;-6.9394422716013E-09;9.76914214420811E-05;9.7733750138596E-05
C:/Users/rlolo/Documents/Thèse/MEB et AFM/AFM/Résultats AFM Dynamo/06062025/Plaque hydrophobique_ethanol_PEI 0.5_Incubation 1h/cell2/force mapp/map-data-2025.06.06-11.56.16.356.jpk-force-map;map-data-2025.06.06-11.56.16.356.jpk-force-map;462;0.142;7.801310208055;[2.5e-05, 2.5e-05];[32, 32];1.35298260276423E-05;paraboloid;0.000000032;False;;False;-2.92888430080614E-07;7709.71816514655;2.81864191954112E-11;;0.5;;-4.62079302421219E-20;2.27379619819723E-21;4.76843391292909E-11;0.982754599762304;-1.55186654788193E-08;-5.17288849293976E-09;9.0531693438292E-06;6.35345454676455E-07;paraboloid;0.000000032;analytical;False;;False;1;4366.29777692099;-0.000669643024604306;0.0915016050317729;-1.09211079989472E-10;0.5;5,00E-07;5;151;8.11895573572933E-10;2.28568607627432E-18;1.51184856261278E-09;0.281751154531347;-2.35386832911342E-07;-5.88467082278356E-08;9.78488989523719E-05;9.7782476039699E-05
C:/Users/rlolo/Documents/Thèse/MEB et AFM/AFM/Résultats AFM Dynamo/06062025/Plaque hydrophobique_ethanol_PEI 0.5_Incubation 1h/cell2/force mapp/map-data-2025.06.06-11.56.16.356.jpk-force-map;map-data-2025.06.06-11.56.16.356.jpk-force-map;463;0.142;7.801310208055;[2.5e-05, 2.5e-05];[32, 32];1.42356656464843E-05;paraboloid;0.000000032;False;;False;-1.35682745646119E-07;10471.5662788342;1.00233409509982E-11;;0.5;;-3.01374113041409E-20;1.56940808188906E-21;3.961575547543E-11;0.98769150780201;-4.84199886378295E-09;-1.61399962126098E-09;9.8165575633429E-06;5.35797895688538E-07;paraboloid;0.000000032;analytical;False;;False;1;12720.3726733494;0.000435412748481561;0.0100003486934864;-2.21266861509545E-11;0.5;5,00E-07;5;156;1.80476592398932E-11;4.77528618160595E-21;6.91034455118263E-11;0.976936280705899;4.15621828957307E-09;1.03905457239327E-09;9.79771924670878E-05;9.7782002972698E-05
C:/Users/rlolo/Documents/Thèse/MEB et AFM/AFM/Résultats AFM Dynamo/06062025/Plaque hydrophobique_ethanol_PEI 0.5_Incubation 1h/cell2/force mapp/map-data-2025.06.06-11.56.16.356.jpk-force-map;map-data-2025.06.06-11.56.16.356.jpk-force-map;464;0.142;7.801310208055;[2.5e-05, 2.5e-05];[32, 32];1.50237952701503E-05;paraboloid;0.000000032;False;;False;-1.28853964814223E-07;34552.6875723781;1.98705437456022E-11;;0.5;;-2.35432672332505E-19;3.08513874285229E-21;5.55440252669204E-11;0.953570052215212;-5.64315300821213E-08;-1.88105100273738E-08;1.0296767876058E-05;2.22236651430971E-07;paraboloid;0.000000032;analytical;False;;False;1;88967.0364900879;0.000854163450336797;0.0100001876256908;-6.4373850488815E-12;0.5;5,00E-07;5;162;2.97042004807579E-11;7.8831820099849E-21;8.87872851819724E-11;0.984005166685705;-3.86231037831542E-08;-9.65577594578854E-09;9.79437743009061E-05;9.780660245675E-05
C:/Users/rlolo/Documents/Thèse/MEB et AFM/AFM/Résultats AFM Dynamo/06062025/Plaque hydrophobique_ethanol_PEI 0.5_Incubation 1h/cell2/force mapp/map-data-2025.06.06-11.56.16.356.jpk-force-map;map-data-2025.06.06-11.56.16.356.jpk-force-map;465;0.142;7.801310208055;[2.5e-05, 2.5e-05];[32, 32];1.57857169819609E-05;paraboloid;0.000000032;False;;False;-1.43085882933832E-07;31145.1402803056;2.72839142236889E-12;;0.5;;-1.63810407579392E-19;2.3358459601782E-21;4.8330590314812E-11;0.965580577571975;2.34221726315724E-10;7.8073908771908E-11;1.10590207347693E-05;2.36925645222499E-07;paraboloid;0.000000032;analytical;False;;False;1;114939.614557488;0.00107774062407966;0.0100000000586116;-1.45477612829064E-11;0.5;5,00E-07;5;164;2.8270255994456E-16;1.5034811029603E-20;1.22616520214867E-10;0.976690803058908;1.13798796712394E-08;2.84496991780984E-09;9.79835518079557E-05;9.7790518178716E-05
C:/Users/rlolo/Documents/Thèse/MEB et AFM/AFM/Résultats AFM Dynamo/06062025/Plaque hydrophobique_ethanol_PEI 0.5_Incubation 1h/cell2/force mapp/map-data-2025.06.06-11.56.16.356.jpk-force-map;map-data-2025.06.06-11.56.16.356.jpk-force-map;466;0.142;7.801310208055;[2.5e-05, 2.5e-05];[32, 32];1.60626977110464E-05;paraboloid;0.000000032;False;;False;-3.81024833078592E-07;9048.49711820014;9.85311359508909E-12;;0.5;;-3.61453601946166E-19;5.37481211734961E-21;7.33131101328379E-11;0.929432762025108;1.07756342381603E-09;3.59187807938678E-10;1.15698148290991E-05;4.72004172779277E-07;paraboloid;0.000000032;analytical;False;;False;1;180373.887148619;0.00360820079155198;0.010000000005067;-4.32851538190927E-11;0.5;5,00E-07;5;154;-4.07747470355201E-19;3.15922452296475E-20;1.77742075012214E-10;0.966235713255329;8.96944557974575E-09;2.24236139493644E-09;9.81192845508673E-05;9.75015570005741E-05
C:/Users/rlolo/Documents/Thèse/MEB et AFM/AFM/Résultats AFM Dynamo/06062025/Plaque hydrophobique_ethanol_PEI 0.5_Incubation 1h/cell2/force mapp/map-data-2025.06.06-11.56.16.356.jpk-force-map;map-data-2025.06.06-11.56.16.356.jpk-force-map;467;0.142;7.801310208055;[2.5e-05, 2.5e-05];[32, 32];1.61276734636338E-05;paraboloid;0.000000032;False;;False;-1.91557443301394E-07;16405.6976003676;8.14056682941701E-12;;0.5;;-2.13357448156715E-19;3.96369507895276E-21;6.29578833741475E-11;0.904168604316963;-4.31834418829079E-09;-1.4394480627636E-09;1.19634775339812E-05;2.8611992665092E-07;paraboloid;0.000000032;analytical;False;;False;1;278802.986558551;0.00198847711308675;0.0100000001941551;-7.15098988484039E-11;0.5;5,00E-07;5;151;-6.27280638796835E-17;4.74095705136639E-20;2.17737388873992E-10;0.969873641046664;2.17028353013975E-08;5.42570882534938E-09;9.67979620528799E-05;9.71763333684539E-05
C:/Users/rlolo/Documents/Thèse/MEB et AFM/AFM/Résultats AFM Dynamo/06062025/Plaque hydrophobique_ethanol_PEI 0.5_Incubation 1h/cell2/force mapp/map-data-2025.06.06-11.56.16.356.jpk-force-map;map-data-2025.06.06-11.56.16.356.jpk-force-map;468;0.142;7.801310208055;[2.5e-05, 2.5e-05];[32, 32];1.61650694100628E-05;paraboloid;0.000000032;False;;False;6.29705231346842E-08;383844.2535523;5.03572678749959E-12;;0.5;;-1.14787067336081E-19;2.1105350649349E-21;4.59405601286586E-11;0.889342083394435;-4.61269301942987E-09;-1.53756433980996E-09;1.23626987761251E-05;4.26224325472751E-08;paraboloid;0.000000032;analytical;False;;False;1;298107.426045315;-0.0003252811444219;0.0100000066761517;7.67011030353259E-11;0.5;5,00E-07;5;160;9.96861888432343E-11;6.6827527750418E-20;2.58510208213173E-10;0.968115135947708;-1.21831423312129E-08;-3.04578558280322E-09;9.7178484839153E-05;9.68272662236717E-05
C:/Users/rlolo/Documents/Thèse/MEB et AFM/AFM/Résultats AFM Dynamo/06062025/Plaque hydrophobique_ethanol_PEI 0.5_Incubation 1h/cell2/force mapp/map-data-2025.06.06-11.56.16.356.jpk-force-map;map-data-2025.06.06-11.56.16.356.jpk-force-map;469;0.142;7.801310208055;[2.5e-05, 2.5e-05];[32, 32];1.6191182708518E-05;paraboloid;0.000000032;False;;False;6.71259617196733E-08;924161.014616423;1.55578587863123E-12;;0.5;;-6.33723645182195E-20;1.35132974953082E-21;3.67604372869913E-11;0.927216630652038;-8.31096706334323E-10;-2.77032235444774E-10;1.27438015521307E-05;2.64702382389195E-08;paraboloid;0.000000032;analytical;False;;False;1;384521.86126156;-0.000438413912622412;0.0100000165120099;5.51547855131991E-12;0.5;5,00E-07;5;157;1.1089966236525E-10;1.09555654855029E-19;3.30991925664402E-10;0.962441832613604;1.47841701978124E-08;3.6960425494531E-09;9.74836371320432E-05;9.64543687375454E-05
C:/Users/rlolo/Documents/Thèse/MEB et AFM/AFM/Résultats AFM Dynamo/06062025/Plaque hydrophobique_ethanol_PEI 0.5_Incubation 1h/cell2/force mapp/map-data-2025.06.06-11.56.16.356.jpk-force-map;map-data-2025.06.06-11.56.16.356.jpk-force-map;470;0.142;7.801310208055;[2.5e-05, 2.5e-05];[32, 32];1.62114772828609E-05;paraboloid;0.000000032;False;;False;8.55509684938902E-08;379732.884217076;1.22725237464355E-12;;0.5;;-1.04353531608129E-19;1.60837068936965E-21;4.01044971215156E-11;0.913579909063641;-1.15035622154194E-10;-3.83452073847314E-11;1.30245195105241E-05;4.34655867217093E-08;paraboloid;0.000000032;analytical;False;;False;1;352922.792054545;-0.000269772187419196;0.0100000017168747;3.58745271769502E-13;0.5;5,00E-07;5;160;4.45167251484829E-11;5.77418801795943E-20;2.40295401911053E-10;0.974090451022434;-2.27172465789496E-08;-5.6793116447374E-09;9.696048312008E-05;9.61450570620846E-05
C:/Users/rlolo/Documents/Thèse/MEB et AFM/AFM/Résultats AFM Dynamo/06062025/Plaque hydrophobique_ethanol_PEI 0.5_Incubation 1h/cell2/force mapp/map-data-2025.06.06-11.56.16.356.jpk-force-map;map-data-2025.06.06-11.56.16.356.jpk-force-map;471;0.142;7.801310208055;[2.5e-05, 2.5e-05];[32, 32];1.62269465737936E-05;paraboloid;0.000000032;False;;False;8.45824841942276E-08;3445874.18579385;6.98334344273132E-13;;0.5;;-1.16948061881319E-19;8.35559901305819E-22;2.8906053021916E-11;0.943402749416127;-4.40404326984744E-10;-1.46801442328248E-10;1.32148343650264E-05;1.19518726121583E-08;paraboloid;0.000000032;analytical;False;;False;1;323901.255121515;-0.000621289783545318;0.0100000151790511;1.92471994071073E-11;0.5;5,00E-07;5;155;8.98149204484773E-11;9.73805393983726E-20;3.12058551234176E-10;0.951769784519853;-4.53181897086046E-09;-1.13295474271511E-09;9.65040908360064E-05;9.58156778057974E-05
C:/Users/rlolo/Documents/Thèse/MEB et AFM/AFM/Résultats AFM Dynamo/06062025/Plaque hydrophobique_ethanol_PEI 0.5_Incubation 1h/cell2/force mapp/map-data-2025.06.06-11.56.16.356.jpk-force-map;map-data-2025.06.06-11.56.16.356.jpk-force-map;472;0.142;7.801310208055;[2.5e-05, 2.5e-05];[32, 32];1.62393409292198E-05;paraboloid;0.000000032;False;;False;3.7840255811654E-08;122781.881295467;3.18368386101368E-12;;0.5;;-2.35241425235196E-20;8.94249195204987E-22;2.99039996523038E-11;0.980504930742166;-1.66413916096003E-09;-5.54713053653342E-10;1.33812829893283E-05;1.05766114116367E-07;paraboloid;0.000000032;analytical;False;;False;1;84600.6174953634;-0.00039646368850554;0.0100000000073916;-1.29142708931911E-11;0.5;5,00E-07;5;146;2.31767173601033E-11;1.11183865356174E-20;1.05443760060126E-10;0.972326225464151;1.52026021689743E-08;3.80065054224358E-09;9.61870841398296E-05;9.56343763186329E-05
C:/Users/rlolo/Documents/Thèse/MEB et AFM/AFM/Résultats AFM Dynamo/06062025/Plaque hydrophobique_ethanol_PEI 0.5_Incubation 1h/cell2/force mapp/map-data-2025.06.06-11.56.16.356.jpk-force-map;map-data-2025.06.06-11.56.16.356.jpk-force-map;473;0.142;7.801310208055;[2.5e-05, 2.5e-05];[32, 32];1.62467207744354E-05;paraboloid;0.000000032;False;;False;7.28837024148455E-08;296224.015510149;4.61564215321538E-12;;0.5;;-7.45340879001246E-20;9.11796298613862E-22;3.0195964939274E-11;0.961564048915621;-1.9309109548531E-10;-6.43636984951035E-11;1.33204702263497E-05;5.45595522999633E-08;paraboloid;0.000000032;analytical;False;;False;1;293821.111070654;-0.000270098545023263;0.0100000000041845;-3.18754882260615E-11;0.5;5,00E-07;5;161;4.93403575458543E-11;5.9795700729969E-20;2.44531594543464E-10;0.965258394462811;1.40537009910337E-08;3.51342524775843E-09;9.61307026548202E-05;9.56862459883543E-05
C:/Users/rlolo/Documents/Thèse/MEB et AFM/AFM/Résultats AFM Dynamo/06062025/Plaque hydrophobique_ethanol_PEI 0.5_Incubation 1h/cell2/force mapp/map-data-2025.06.06-11.56.16.356.jpk-force-map;map-data-2025.06.06-11.56.16.356.jpk-force-map;474;0.142;7.801310208055;[2.5e-05, 2.5e-05];[32, 32];1.62558509675547E-05;paraboloid;0.000000032;False;;False;6.16777270285263E-08;576429.406014133;4.91711248327002E-12;;0.5;;-1.66253731354748E-21;4.39962533843629E-22;2.09752838799295E-11;0.981391646363768;-6.23537675369857E-09;-2.07845891789952E-09;1.34125290647443E-05;3.88989759137638E-08;paraboloid;0.000000032;analytical;False;;False;1;225403.474745262;-0.000494678402443322;0.0100000000094561;-7.99447647385485E-11;0.5;5,00E-07;5;159;1.59997675127042E-16;3.59748148395259E-20;1.89670279273074E-10;0.969131842453881;3.56979930903395E-08;8.92449827258487E-09;9.59465343058716E-05;9.55103376337286E-05
C:/Users/rlolo/Documents/Thèse/MEB et AFM/AFM/Résultats AFM Dynamo/06062025/Plaque hydrophobique_ethanol_PEI 0.5_Incubation 1h/cell2/force mapp/map-data-2025.06.06-11.56.16.356.jpk-force-map;map-data-2025.06.06-11.56.16.356.jpk-force-map;475;0.142;7.801310208055;[2.5e-05, 2.5e-05];[32, 32];1.626308889267E-05;paraboloid;0.000000032;False;;False;5.59981758397898E-08;530395.299955313;5.30328166745519E-12;;0.5;;-8.07272823851485E-21;7.14153075133081E-22;2.67236426247075E-11;0.971015505759501;-6.61683289263255E-09;-2.20561096421085E-09;1.34687767311632E-05;4.04887543769969E-08;paraboloid;0.000000032;analytical;False;;False;1;223686.845010688;-0.000490476885472515;0.010000000266625;-3.21470984984032E-11;0.5;5,00E-07;5;159;3.18293344305513E-11;4.21071772085679E-20;2.05200334328597E-10;0.965066337699003;2.57872852111769E-08;6.44682130279422E-09;9.5762430100619E-05;9.54048952790426E-05
C:/Users/rlolo/Documents/Thèse/MEB et AFM/AFM/Résultats AFM Dynamo/06062025/Plaque hydrophobique_ethanol_PEI 0.5_Incubation 1h/cell2/force mapp/map-data-2025.06.06-11.56.16.356.jpk-force-map;map-data-2025.06.06-11.56.16.356.jpk-force-map;476;0.142;7.801310208055;[2.5e-05, 2.5e-05];[32, 32];1.62676776425797E-05;paraboloid;0.000000032;False;;False;8.73205535688109E-08;368447.513413482;1.02150627624866E-12;;0.5;;-7.1088570939209E-21;5.42868238308481E-22;2.32995330062317E-11;0.98091723798329;-8.33774551638621E-10;-2.77924850546207E-10;1.34622957132495E-05;5.18122918980276E-08;paraboloid;0.000000032;analytical;False;;False;1;170116.313279594;-0.000561028790122787;0.0100000000121931;-5.82876274020217E-11;0.5;5,00E-07;5;160;1.65770030111626E-14;4.038120947949E-20;2.00950763819126E-10;0.953392836367068;3.86835022804096E-08;9.67087557010239E-09;9.57701698739781E-05;9.55007755630926E-05
C:/Users/rlolo/Documents/Thèse/MEB et AFM/AFM/Résultats AFM Dynamo/06062025/Plaque hydrophobique_ethanol_PEI 0.5_Incubation 1h/cell2/force mapp/map-data-2025.06.06-11.56.16.356.jpk-force-map;map-data-2025.06.06-11.56.16.356.jpk-force-map;477;0.142;7.801310208055;[2.5e-05, 2.5e-05];[32, 32];1.62693806837833E-05;paraboloid;0.000000032;False;;False;5.51473377542801E-08;240917.853401261;8.0258579069605E-13;;0.5;;-4.55880359666201E-21;5.41309991230772E-22;2.32660695269049E-11;0.984001171761392;-7.01716112042688E-10;-2.33905370680896E-10;1.32638914130301E-05;6.84593809278084E-08;paraboloid;0.000000032;analytical;False;;False;1;138355.606768969;-0.00046905696567735;0.010000000000006;-5.40308047469748E-11;0.5;5,00E-07;5;163;5.79812676391533E-17;2.34768256190743E-20;1.53221492027308E-10;0.966571255875709;2.00912766149817E-08;5.02281915374543E-09;9.60480534964099E-05;9.58378756010305E-05
C:/Users/rlolo/Documents/Thèse/MEB et AFM/AFM/Résultats AFM Dynamo/06062025/Plaque hydrophobique_ethanol_PEI 0.5_Incubation 1h/cell2/force mapp/map-data-2025.06.06-11.56.16.356.jpk-force-map;map-data-2025.06.06-11.56.16.356.jpk-force-map;478;0.142;7.801310208055;[2.5e-05, 2.5e-05];[32, 32];1.62682453229809E-05;paraboloid;0.000000032;False;;False;6.4825746768041E-08;148790.859885474;7.11451499613834E-13;;0.5;;-3.54853737070503E-20;6.53994985093804E-22;2.55733256557258E-11;0.984867895118777;2.05815028036156;0.686050093453855;1.30678524478157E-05;9.48217464873025E-08;paraboloid;0.000000032;analytical;False;;False;1;97241.852722803;-0.000409857302705862;0.0100000005568291;-6.48194509123382E-12;0.5;5,00E-07;5;146;5.66170031987216E-12;1.35640018290955E-20;1.16464594744907E-10;0.97392154337329;4.6967054623084E-09;1.1741763655771E-09;9.64377841500448E-05;9.62039984450898E-05
C:/Users/rlolo/Documents/Thèse/MEB et AFM/AFM/Résultats AFM Dynamo/06062025/Plaque hydrophobique_ethanol_PEI 0.5_Incubation 1h/cell2/force mapp/map-data-2025.06.06-11.56.16.356.jpk-force-map;map-data-2025.06.06-11.56.16.356.jpk-force-map;479;0.142;7.801310208055;[2.5e-05, 2.5e-05];[32, 32];1.62646027070732E-05;paraboloid;0.000000032;False;;False;5.58561243473134E-08;154637.751227859;-6.97610148483661E-12;;0.5;;-4.4479427103487E-20;5.58523607343203E-22;2.36331040564544E-11;0.986141288355314;8.94046560029838E-09;2.98015520009946E-09;1.27586558559621E-05;9.10138564279066E-08;paraboloid;0.000000032;analytical;False;;False;1;90049.2300046031;-0.000450695594706734;0.0100000000026691;-8.13230584714255E-11;0.5;5,00E-07;5;145;3.70127157335283E-17;1.13578281215043E-20;1.06573111625326E-10;0.973417025364948;1.94699207593441E-07;4.86748018983602E-08;9.68757879819845E-05;9.65645714881712E-05
C:/Users/rlolo/Documents/Thèse/MEB et AFM/AFM/Résultats AFM Dynamo/06062025/Plaque hydrophobique_ethanol_PEI 0.5_Incubation 1h/cell2/force mapp/map-data-2025.06.06-11.56.16.356.jpk-force-map;map-data-2025.06.06-11.56.16.356.jpk-force-map;480;0.142;7.801310208055;[2.5e-05, 2.5e-05];[32, 32];1.62636092663711E-05;paraboloid;0.000000032;False;;False;5.46944588841547E-08;126089.562028176;-8.28120102739504E-12;;0.5;;-5.45343910618353E-20;5.65825534900209E-22;2.37870875665814E-11;0.989546815833361;1.31800640940385E-08;4.39335469801285E-09;1.2605334840938E-05;1.10099864278783E-07;paraboloid;0.000000032;analytical;False;;False;1;93108.6952083486;-0.0003717947221094;0.0100000000062167;-1.31998219718582E-11;0.5;5,00E-07;5;147;1.13157850201332E-11;1.76100002121584E-20;1.32702675979644E-10;0.966529249733624;2.02106329176003E-09;5.05265822940007E-10;9.7112655339378E-05;9.67248657088112E-05
C:/Users/rlolo/Documents/Thèse/MEB et AFM/AFM/Résultats AFM Dynamo/06062025/Plaque hydrophobique_ethanol_PEI 0.5_Incubation 1h/cell2/force mapp/map-data-2025.06.06-11.56.16.356.jpk-force-map;map-data-2025.06.06-11.56.16.356.jpk-force-map;481;0.142;7.801310208055;[2.5e-05, 2.5e-05];[32, 32];1.62720298589889E-05;paraboloid;0.000000032;False;;False;8.33266010679582E-08;305540.507238224;-4.15703573570494E-12;;0.5;;-6.40948485829942E-20;7.28544824041632E-22;2.69915694994128E-11;0.977586229397221;4.07377668747898E-09;1.35792556249299E-09;1.30259860182272E-05;5.92264256829252E-08;paraboloid;0.000000032;analytical;False;;False;1;113332.543362717;-0.00078137426349115;0.0100000000074023;-3.05763299046268E-11;0.5;5,00E-07;5;159;1.62533915014987E-11;5.4505647177242E-20;2.33464445210062E-10;0.902456736608386;5.36513449800591E-08;1.34128362450148E-08;9.6798563202666E-05;9.61872197638275E-05
C:/Users/rlolo/Documents/Thèse/MEB et AFM/AFM/Résultats AFM Dynamo/06062025/Plaque hydrophobique_ethanol_PEI 0.5_Incubation 1h/cell2/force mapp/map-data-2025.06.06-11.56.16.356.jpk-force-map;map-data-2025.06.06-11.56.16.356.jpk-force-map;482;0.142;7.801310208055;[2.5e-05, 2.5e-05];[32, 32];1.62794806642547E-05;paraboloid;0.000000032;False;;False;6.47750161684069E-08;190214.821392097;-4.9644593500398E-12;;0.5;;-2.10966049114076E-20;6.90471710830353E-22;2.62768284012807E-11;0.980457223553733;4.71981494857107E-09;1.57327164952369E-09;1.32698520572427E-05;7.78399713293465E-08;paraboloid;0.000000032;analytical;False;;False;1;241372.093923951;-0.000176208124130942;0.0100000000000774;-9.58312954307774E-11;0.5;5,00E-07;5;164;1.03843101010133E-16;4.9556778956581E-20;2.22613519258335E-10;0.966061040142547;5.47739836282686E-09;1.36934959070671E-09;9.63238930556444E-05;9.58646842341833E-05
C:/Users/rlolo/Documents/Thèse/MEB et AFM/AFM/Résultats AFM Dynamo/06062025/Plaque hydrophobique_ethanol_PEI 0.5_Incubation 1h/cell2/force mapp/map-data-2025.06.06-11.56.16.356.jpk-force-map;map-data-2025.06.06-11.56.16.356.jpk-force-map;483;0.142;7.801310208055;[2.5e-05, 2.5e-05];[32, 32];1.6286269175719E-05;paraboloid;0.000000032;False;;False;6.19794788744538E-08;533655.705398036;2.78601468796419E-12;;0.5;;-3.96220524910932E-20;6.34740047145292E-22;2.51940478515322E-11;0.971228317273654;-2.41383003723591E-09;-8.04610012411972E-10;1.34269812616249E-05;3.91067823290295E-08;paraboloid;0.000000032;analytical;False;;False;1;365455.63863012;-0.000362704105802308;0.010000000004879;-1.00311775503958E-10;0.5;5,00E-07;5;159;1.5582396393561E-11;6.94245458357993E-20;2.63485380687049E-10;0.971003029301499;4.9905589216659E-08;1.24763973041647E-08;9.59250655805787E-05;9.55607276854461E-05
C:/Users/rlolo/Documents/Thèse/MEB et AFM/AFM/Résultats AFM Dynamo/06062025/Plaque hydrophobique_ethanol_PEI 0.5_Incubation 1h/cell2/force mapp/map-data-2025.06.06-11.56.16.356.jpk-force-map;map-data-2025.06.06-11.56.16.356.jpk-force-map;484;0.142;7.801310208055;[2.5e-05, 2.5e-05];[32, 32];1.6290526778728E-05;paraboloid;0.000000032;False;;False;7.88036070336933E-08;1583079.95064574;8.75774065084097E-12;;0.5;;-6.89201494665554E-20;1.45393816992249E-21;3.81305411700712E-11;0.887316760460605;-8.68561953535851E-09;-2.89520651178617E-09;1.34721828135704E-05;1.72442079599251E-08;paraboloid;0.000000032;analytical;False;;False;1;465332.991872904;-0.000520973746470751;0.0100000176846084;3.28993613786885E-11;0.5;5,00E-07;5;156;1.18390194430139E-10;1.46414538256863E-19;3.82641527094045E-10;0.960732196813114;1.12902885592446E-07;2.82257213981114E-08;9.57343007038112E-05;9.5444975110587E-05
C:/Users/rlolo/Documents/Thèse/MEB et AFM/AFM/Résultats AFM Dynamo/06062025/Plaque hydrophobique_ethanol_PEI 0.5_Incubation 1h/cell2/force mapp/map-data-2025.06.06-11.56.16.356.jpk-force-map;map-data-2025.06.06-11.56.16.356.jpk-force-map;485;0.142;7.801310208055;[2.5e-05, 2.5e-05];[32, 32];1.62928448070329E-05;paraboloid;0.000000032;False;;False;7.4580166948308E-08;844564.03326449;3.78559003570123E-12;;0.5;;-1.6286259968599E-19;1.09468262225085E-21;3.30859883069986E-11;0.925841657910493;-3.12459979516242E-09;-1.04153326505414E-09;1.34139246123973E-05;2.60337634364549E-08;paraboloid;0.000000032;analytical;False;;False;1;447281.113623926;-0.00045061134774776;0.0100000000060172;-2.88346676916365E-11;0.5;5,00E-07;5;157;3.09608780632896E-11;1.31844395393361E-19;3.63103835553084E-10;0.958478189613603;7.27478356808993E-08;1.81869589202248E-08;9.57712201883365E-05;9.55562726933751E-05
C:/Users/rlolo/Documents/Thèse/MEB et AFM/AFM/Résultats AFM Dynamo/06062025/Plaque hydrophobique_ethanol_PEI 0.5_Incubation 1h/cell2/force mapp/map-data-2025.06.06-11.56.16.356.jpk-force-map;map-data-2025.06.06-11.56.16.356.jpk-force-map;486;0.142;7.801310208055;[2.5e-05, 2.5e-05];[32, 32];1.62973862502425E-05;paraboloid;0.000000032;False;;False;5.10034404747338E-08;73791.0599492641;4.66277018004792E-12;;0.5;;-3.10924610930954E-20;5.6649786234279E-22;2.38012155643948E-11;0.990545560676612;-6.57090469412955E-09;-2.19030156470985E-09;1.36350597820147E-05;1.50332376622882E-07;paraboloid;0.000000032;analytical;False;;False;1;72227.5651737017;-0.000150611730706835;0.0100000000010402;-6.54869522671014E-11;0.5;5,00E-07;5;152;1.48126221651236E-17;5.30008342470992E-21;7.28016718538106E-11;0.985633018934423;4.66608324867664E-09;1.16652081216916E-09;9.56062093245344E-05;9.5345454466827E-05
C:/Users/rlolo/Documents/Thèse/MEB et AFM/AFM/Résultats AFM Dynamo/06062025/Plaque hydrophobique_ethanol_PEI 0.5_Incubation 1h/cell2/force mapp/map-data-2025.06.06-11.56.16.356.jpk-force-map;map-data-2025.06.06-11.56.16.356.jpk-force-map;487;0.142;7.801310208055;[2.5e-05, 2.5e-05];[32, 32];1.62997988919476E-05;paraboloid;0.000000032;False;;False;7.71985663749916E-08;973456.050768626;-4.66402558101447E-13;;0.5;;-1.30821912687998E-19;9.94428014674332E-22;3.15345527108651E-11;0.938609843816456;1.14362769131484E-09;3.8120923043828E-10;1.3472939720772E-05;2.49570550077998E-08;paraboloid;0.000000032;analytical;False;;False;1;309646.707202482;-0.000510567778680426;0.0100000035161226;-1.23832473059985E-11;0.5;5,00E-07;5;157;8.41737884672062E-11;8.03532283599444E-20;2.83466450148769E-10;0.958333825467932;-1.18489981127082E-08;-2.96224952817704E-09;9.56314210957486E-05;9.54598301731361E-05
C:/Users/rlolo/Documents/Thèse/MEB et AFM/AFM/Résultats AFM Dynamo/06062025/Plaque hydrophobique_ethanol_PEI 0.5_Incubation 1h/cell2/force mapp/map-data-2025.06.06-11.56.16.356.jpk-force-map;map-data-2025.06.06-11.56.16.356.jpk-force-map;488;0.142;7.801310208055;[2.5e-05, 2.5e-05];[32, 32];1.62989946780459E-05;paraboloid;0.000000032;False;;False;7.94098121154549E-08;1996307.39709159;6.27386937116555E-13;;0.5;;-4.88352548532428E-20;8.10556733104544E-22;2.84702780651076E-11;0.94651587742988;-3.17533892916898E-10;-1.05844630972299E-10;1.33190273719967E-05;1.67560940321523E-08;paraboloid;0.000000032;analytical;False;;False;1;407772.336011543;-0.000586980450841048;0.0100000164936357;2.6038687035286E-11;0.5;5,00E-07;5;156;7.87124225909885E-11;1.46691873854898E-19;3.83003751750421E-10;0.953737718537649;2.83907668054151E-07;7.09769170135377E-08;9.58845519499499E-05;9.57100751460359E-05
C:/Users/rlolo/Documents/Thèse/MEB et AFM/AFM/Résultats AFM Dynamo/06062025/Plaque hydrophobique_ethanol_PEI 0.5_Incubation 1h/cell2/force mapp/map-data-2025.06.06-11.56.16.356.jpk-force-map;map-data-2025.06.06-11.56.16.356.jpk-force-map;489;0.142;7.801310208055;[2.5e-05, 2.5e-05];[32, 32];1.62979775839938E-05;paraboloid;0.000000032;False;;False;3.0778141570298E-08;212364.65504182;2.354813182528E-12;;0.5;;-7.24768908826071E-20;1.89680397322563E-21;4.35523130640111E-11;0.917803094293878;-7.8075071466248E-10;-2.60250238220827E-10;1.31505682129406E-05;6.3055958202584E-08;paraboloid;0.000000032;analytical;False;;False;1;400271.251961118;-5.75345841517163E-05;0.0100000039447809;2.0213075398764E-11;0.5;5,00E-07;5;163;8.18122790733933E-11;6.90057991442481E-20;2.62689548981774E-10;0.975525061533125;-5.33130488569664E-09;-1.33282622142416E-09;9.61674499657417E-05;9.5957870328929E-05
C:/Users/rlolo/Documents/Thèse/MEB et AFM/AFM/Résultats AFM Dynamo/06062025/Plaque hydrophobique_ethanol_PEI 0.5_Incubation 1h/cell2/force mapp/map-data-2025.06.06-11.56.16.356.jpk-force-map;map-data-2025.06.06-11.56.16.356.jpk-force-map;490;0.142;7.801310208055;[2.5e-05, 2.5e-05];[32, 32];1.62950445685876E-05;paraboloid;0.000000032;False;;False;-2.54211466462218E-08;76438.6086375849;-8.22430654977844E-13;;0.5;;-1.00058762507552E-19;1.79282215092275E-21;4.23417306084995E-11;0.944421365607129;2.7789139223591E-09;9.26304640786367E-10;1.2903816465219E-05;1.19760654040896E-07;paraboloid;0.000000032;analytical;False;;False;1;357915.743923515;0.000359352670296706;0.0100000000074023;-5.14425505225995E-11;0.5;5,00E-07;5;149;1.08296810873893E-11;8.29488877149165E-20;2.88008485491168E-10;0.96727385595695;1.80635352705008E-08;4.51588381762519E-09;9.65517586289959E-05;9.63436642242482E-05
C:/Users/rlolo/Documents/Thèse/MEB et AFM/AFM/Résultats AFM Dynamo/06062025/Plaque hydrophobique_ethanol_PEI 0.5_Incubation 1h/cell2/force mapp/map-data-2025.06.06-11.56.16.356.jpk-force-map;map-data-2025.06.06-11.56.16.356.jpk-force-map;491;0.142;7.801310208055;[2.5e-05, 2.5e-05];[32, 32];1.62894387246257E-05;paraboloid;0.000000032;False;;False;-1.29560600763915E-07;31694.5953258302;6.13776111020552E-12;;0.5;;-9.81763764146961E-20;2.71218626873237E-21;5.20786546363514E-11;0.952241854855631;-7.08021997809216E-09;-2.36007332603072E-09;1.26409567861133E-05;2.23504225311726E-07;paraboloid;0.000000032;analytical;False;;False;1;198728.826892464;0.00120917300233267;0.0100000000073744;-1.8594410745225E-11;0.5;5,00E-07;5;162;2.59917296596867E-12;2.40794594638812E-20;1.55175576247943E-10;0.976815386829814;7.28678586811419E-09;1.82169646702855E-09;9.69386244873754E-05;9.66135922346463E-05
C:/Users/rlolo/Documents/Thèse/MEB et AFM/AFM/Résultats AFM Dynamo/06062025/Plaque hydrophobique_ethanol_PEI 0.5_Incubation 1h/cell2/force mapp/map-data-2025.06.06-11.56.16.356.jpk-force-map;map-data-2025.06.06-11.56.16.356.jpk-force-map;492;0.142;7.801310208055;[2.5e-05, 2.5e-05];[32, 32];1.62849445881162E-05;paraboloid;0.000000032;False;;False;6.50753342402517E-08;33072.050933147;-9.79074586708661E-12;;0.5;;-9.76006891403924E-21;1.1372263119762E-21;3.37227862427796E-11;0.98237660823366;8.67104085246173E-09;2.89034695082058E-09;1.2584496239544E-05;2.37413140292525E-07;paraboloid;0.000000032;analytical;False;;False;1;134030.99592082;0.00129077088248919;0.0225794693399029;-3.88810655058519E-11;0.5;5,00E-07;5;164;-1.00850883826428E-19;1.51231435882142E-20;1.2297619114371E-10;0.978635475069804;4.87263390304067E-09;1.21815847576017E-09;9.72653403018281E-05;9.69151418536879E-05
C:/Users/rlolo/Documents/Thèse/MEB et AFM/AFM/Résultats AFM Dynamo/06062025/Plaque hydrophobique_ethanol_PEI 0.5_Incubation 1h/cell2/force mapp/map-data-2025.06.06-11.56.16.356.jpk-force-map;map-data-2025.06.06-11.56.16.356.jpk-force-map;493;0.142;7.801310208055;[2.5e-05, 2.5e-05];[32, 32];1.62760509284974E-05;paraboloid;0.000000032;False;;False;-1.19073301976097E-07;36002.2950662321;-4.40620431900313E-12;;0.5;;-1.25365747368355E-19;2.57444590253125E-21;5.07389978471319E-11;0.957718535329074;5.67333114740347E-09;1.89111038246782E-09;1.20092940730281E-05;2.13200180130004E-07;paraboloid;0.000000032;analytical;False;;False;1;190267.144570257;0.00117963088410704;0.0100000336407354;-2.68841350142547E-11;0.5;5,00E-07;5;161;2.7699972028296E-11;1.57901383227172E-20;1.25658817130821E-10;0.985096961318777;-4.57999392405519E-09;-1.1449984810138E-09;9.76682360573117E-05;0.0000972502607115002
C:/Users/rlolo/Documents/Thèse/MEB et AFM/AFM/Résultats AFM Dynamo/06062025/Plaque hydrophobique_ethanol_PEI 0.5_Incubation 1h/cell2/force mapp/map-data-2025.06.06-11.56.16.356.jpk-force-map;map-data-2025.06.06-11.56.16.356.jpk-force-map;494;0.142;7.801310208055;[2.5e-05, 2.5e-05];[32, 32];1.62545263799519E-05;paraboloid;0.000000032;False;;False;3.3702566855048E-08;232951.293867153;-5.0081312860271E-12;;0.5;;-1.59665120682737E-19;1.9092803687903E-21;4.36953128926925E-11;0.921187814640038;5.6582337452754E-09;1.8860779150918E-09;1.15400589147362E-05;6.05419489197836E-08;paraboloid;0.000000032;analytical;False;;False;1;302854.611478187;-0.000107606886648863;0.0100000012694885;1.19657640137123E-11;0.5;5,00E-07;5;162;6.38902870630429E-11;4.30557149695249E-20;2.07498710765934E-10;0.978625916446876;1.29008198323692E-07;3.22520495809231E-08;9.8508633886234E-05;9.75634460182361E-05
C:/Users/rlolo/Documents/Thèse/MEB et AFM/AFM/Résultats AFM Dynamo/06062025/Plaque hydrophobique_ethanol_PEI 0.5_Incubation 1h/cell2/force mapp/map-data-2025.06.06-11.56.16.356.jpk-force-map;map-data-2025.06.06-11.56.16.356.jpk-force-map;495;0.142;7.801310208055;[2.5e-05, 2.5e-05];[32, 32];1.57732280131345E-05;paraboloid;0.000000032;False;;False;-1.38700639035155E-07;32684.5817961422;-1.17288318065705E-11;;0.5;;-5.34461394031672E-20;2.29427543290547E-21;4.7898595312446E-11;0.966085937131999;5.72177302088379E-09;1.90725767362793E-09;1.1051286089303E-05;2.30838875706837E-07;paraboloid;0.000000032;analytical;False;;False;1;125308.432032855;0.00117196101909023;0.010513283929398;1.46194539246325E-12;0.5;5,00E-07;5;163;6.60021769129977E-19;1.15810159269798E-20;1.07615128708652E-10;0.9828286595944;5.29085437616501E-09;1.32271359404125E-09;0.000100845111804173;9.7667520758456E-05
C:/Users/rlolo/Documents/Thèse/MEB et AFM/AFM/Résultats AFM Dynamo/06062025/Plaque hydrophobique_ethanol_PEI 0.5_Incubation 1h/cell2/force mapp/map-data-2025.06.06-11.56.16.356.jpk-force-map;map-data-2025.06.06-11.56.16.356.jpk-force-map;496;0.142;7.801310208055;[2.5e-05, 2.5e-05];[32, 32];1.50797117896685E-05;paraboloid;0.000000032;False;;False;-1.85478612816074E-07;21415.4319126787;-1.95685269476894E-12;;0.5;;-1.60321190747888E-19;3.18681016321131E-21;5.64518393253161E-11;0.963285168194931;5.0629427562544E-09;1.68764758541813E-09;1.03876440469501E-05;3.11022310661301E-07;paraboloid;0.000000032;analytical;False;;False;1;45601.6341742536;0.000996802719027853;0.0100000024628006;-2.76936109196807E-11;0.5;5,00E-07;5;152;3.36011871764905E-11;8.0704767877606E-21;8.98358324264912E-11;0.97907043174398;-7.10354198809657E-09;-1.77588549702414E-09;0.000100755702140984;9.7815117662768E-05
C:/Users/rlolo/Documents/Thèse/MEB et AFM/AFM/Résultats AFM Dynamo/06062025/Plaque hydrophobique_ethanol_PEI 0.5_Incubation 1h/cell2/force mapp/map-data-2025.06.06-11.56.16.356.jpk-force-map;map-data-2025.06.06-11.56.16.356.jpk-force-map;497;0.142;7.801310208055;[2.5e-05, 2.5e-05];[32, 32];1.42124853634353E-05;paraboloid;0.000000032;False;;False;-1.10879521242211E-07;11721.4193114112;6.4483953660579E-12;;0.5;;-2.04668908449543E-20;1.50263327277584E-21;3.87638139606494E-11;0.988569272248479;-1.84108343232377E-09;-6.13694477441256E-10;9.7897346643862E-06;5.07827669632587E-07;paraboloid;0.000000032;analytical;False;;False;1;12626.5737466569;0.000245014548980009;0.016530485308971;-9.26672122939423E-11;0.5;5,00E-07;5;153;1.81895469851398E-12;4.87004689381559E-21;6.97857212745959E-11;0.977109670097021;1.72343358030204E-08;4.3085839507551E-09;0.000100714072244896;9.7852963022848E-05
C:/Users/rlolo/Documents/Thèse/MEB et AFM/AFM/Résultats AFM Dynamo/06062025/Plaque hydrophobique_ethanol_PEI 0.5_Incubation 1h/cell2/force mapp/map-data-2025.06.06-11.56.16.356.jpk-force-map;map-data-2025.06.06-11.56.16.356.jpk-force-map;498;0.142;7.801310208055;[2.5e-05, 2.5e-05];[32, 32];1.34802722592875E-05;paraboloid;0.000000032;False;;False;-4.74126146899934E-07;7539.46414171517;4.22515904450046E-11;;0.5;;-1.64183224330809E-19;2.81930946468872E-21;5.30971700252351E-11;0.979936219760396;-8.63142327244215E-08;-2.87714109081405E-08;8.8279894513532E-06;6.41827441557647E-07;paraboloid;0.000000032;analytical;False;;False;1;8113.16580729969;0.000482618248005311;0.0244357043681693;-2.12764859985931E-11;0.5;5,00E-07;5;150;2.91939894043214E-11;5.77339266202213E-21;7.59828445244197E-11;0.972130713165107;-1.10131984483729E-08;-2.75329961209323E-09;0.000100783613094043;9.7831675007803E-05
C:/Users/rlolo/Documents/Thèse/MEB et AFM/AFM/Résultats AFM Dynamo/06062025/Plaque hydrophobique_ethanol_PEI 0.5_Incubation 1h/cell2/force mapp/map-data-2025.06.06-11.56.16.356.jpk-force-map;map-data-2025.06.06-11.56.16.356.jpk-force-map;499;0.142;7.801310208055;[2.5e-05, 2.5e-05];[32, 32];1.25612923031449E-05;paraboloid;0.000000032;False;;False;-5.23481342710887E-07;5360.6665646197;6.16041459270506E-11;;0.5;;-1.36467165814514E-20;2.37919104290109E-21;4.8776951964028E-11;0.983314653321351;1.03350488379692E-07;3.44501627932307E-08;8.0148818900344E-06;7.97309774343296E-07;paraboloid;0.000000032;analytical;False;;False;1;4920.81019608546;0.000564568394903424;0.0484718893522975;-3.33274951020041E-11;0.5;5,00E-07;5;150;4.01355425816577E-11;8.605446424677E-21;9.27655454610008E-11;0.960812194993744;1.36950578972054E-08;3.42376447430136E-09;0.000100731102656932;9.7799979518736E-05
C:/Users/rlolo/Documents/Thèse/MEB et AFM/AFM/Résultats AFM Dynamo/06062025/Plaque hydrophobique_ethanol_PEI 0.5_Incubation 1h/cell2/force mapp/map-data-2025.06.06-11.56.16.356.jpk-force-map;map-data-2025.06.06-11.56.16.356.jpk-force-map;500;0.142;7.801310208055;[2.5e-05, 2.5e-05];[32, 32];1.14549778146063E-05;paraboloid;0.000000032;False;;False;-6.67372820639882E-07;4418.32926731862;1.06240224684183E-10;;0.5;;-1.87342364525666E-20;1.28944451875633E-21;3.59088362211355E-11;0.991552051964143;1.03511183487668E-08;3.45037278292228E-09;6.8881782137527E-06;9.21036991702925E-07;paraboloid;0.000000032;analytical;False;;False;1;1939.14927846344;0.000663822449799061;0.168007523704875;-1.45667924614143E-11;0.5;5,00E-07;5;150;1.59724196398801E-10;9.10709635186113E-20;3.01779660544927E-10;0.791820238151269;-3.88508630327157E-08;-9.71271575817892E-09;0.000100707449306882;9.779241044672E-05
C:/Users/rlolo/Documents/Thèse/MEB et AFM/AFM/Résultats AFM Dynamo/06062025/Plaque hydrophobique_ethanol_PEI 0.5_Incubation 1h/cell2/force mapp/map-data-2025.06.06-11.56.16.356.jpk-force-map;map-data-2025.06.06-11.56.16.356.jpk-force-map;501;0.142;7.801310208055;[2.5e-05, 2.5e-05];[32, 32];1.04055259795879E-05;paraboloid;0.000000032;False;;False;3.08603043927777E-06;1885.22632708673;5.90666370102472E-12;;0.5;;-3.53474882467329E-20;8.20511799564735E-22;2.86445771406166E-11;0.992402676068674;-1.28446480537913E-08;-4.28154935126377E-09;1.03287472053256E-05;1.65610287085479E-06;paraboloid;0.000000032;analytical;False;;False;1;800.893397111325;-0.000544659849267298;0.159095159922343;-1.05899688552021E-10;0.5;5,00E-07;5;148;1.93075004639564E-11;1.11081158145861E-20;1.05395046442355E-10;0.947490268505346;5.87241455539531E-09;1.46810363884883E-09;0.000100745767733963;9.7772541632678E-05
C:/Users/rlolo/Documents/Thèse/MEB et AFM/AFM/Résultats AFM Dynamo/06062025/Plaque hydrophobique_ethanol_PEI 0.5_Incubation 1h/cell2/force mapp/map-data-2025.06.06-11.56.16.356.jpk-force-map;map-data-2025.06.06-11.56.16.356.jpk-force-map;502;0.142;7.801310208055;[2.5e-05, 2.5e-05];[32, 32];7.0930162251857E-06;paraboloid;0.000000032;False;;False;-7.02154226636347E-08;4674.04653905066;8.25794990914137E-10;;0.5;;-1.0429199439503E-17;1.48369551281236E-20;1.21807040552357E-10;0.625969449644726;2.44986709984183E-08;8.16622366613942E-09;2.7489365684029E-06;5.4067288216649E-07;paraboloid;0.000000032;analytical;False;;False;1;820.76249116183;-0.00224904289827224;0.242244945010279;-5.40845137436113E-10;0.5;5,00E-07;5;140;3.30362877802226E-10;4.73798686590692E-19;6.88330361520318E-10;0.322005967704808;-1.30320333158196E-07;-3.2580083289549E-08;0.000100339403180104;9.770725838654E-05
C:/Users/rlolo/Documents/Thèse/MEB et AFM/AFM/Résultats AFM Dynamo/06062025/Plaque hydrophobique_ethanol_PEI 0.5_Incubation 1h/cell2/force mapp/map-data-2025.06.06-11.56.16.356.jpk-force-map;map-data-2025.06.06-11.56.16.356.jpk-force-map;503;0.142;7.801310208055;[2.5e-05, 2.5e-05];[32, 32];5.7390984683237E-06;paraboloid;0.000000032;False;;False;-6.95256526738906E-07;1809.81094870519;2.52941872933547E-10;;0.5;;-4.77565268321383E-18;6.52696677595083E-21;8.07896452272866E-11;0.709529686126462;1.87149991432649E-08;6.23833304775496E-09;1.01848113209495E-06;7.8474103367285E-07;paraboloid;0.000000032;analytical;False;;False;1;426560.10780517;0.00707894440831002;0.0100000269471152;-8.50717128426899E-12;0.5;5,00E-07;5;154;-1.35874348012188E-15;1.44470600353038E-19;3.80092883849511E-10;0.94767587773252;3.1222944767944E-08;7.80573619198599E-09;0.000100677646085819;9.7635352202388E-05
C:/Users/rlolo/Documents/Thèse/MEB et AFM/AFM/Résultats AFM Dynamo/06062025/Plaque hydrophobique_ethanol_PEI 0.5_Incubation 1h/cell2/force mapp/map-data-2025.06.06-11.56.16.356.jpk-force-map;map-data-2025.06.06-11.56.16.356.jpk-force-map;504;0.142;7.801310208055;[2.5e-05, 2.5e-05];[32, 32];5.7179996800791E-06;paraboloid;0.000000032;False;;False;-9.12112016748369E-07;1903.46895827762;1.38563847517579E-10;;0.5;;-2.56829703374927E-18;2.25823916310326E-21;4.75209339460333E-11;0.940488177856731;5.23063376971696E-09;1.74354458990565E-09;1.0156190767389E-06;1.0054718675772E-06;paraboloid;0.000000032;analytical;False;;False;1;418688.919774596;0.00930689833694207;0.0100000012686379;9.12181378829124E-11;0.5;5,00E-07;5;149;-4.43805327807791E-14;9.08891559090149E-20;3.01478284307535E-10;0.965265938022041;4.32420800073295E-07;1.08105200018324E-07;9.9635479482616E-05;9.7396926433884E-05
C:/Users/rlolo/Documents/Thèse/MEB et AFM/AFM/Résultats AFM Dynamo/06062025/Plaque hydrophobique_ethanol_PEI 0.5_Incubation 1h/cell2/force mapp/map-data-2025.06.06-11.56.16.356.jpk-force-map;map-data-2025.06.06-11.56.16.356.jpk-force-map;505;0.142;7.801310208055;[2.5e-05, 2.5e-05];[32, 32];5.7038076700491E-06;paraboloid;0.000000032;False;;False;-9.02887210395294E-07;1626.53684759928;3.98101051684041E-10;;0.5;;-4.193408093883E-18;1.98435338230062E-21;4.45460815594438E-11;0.930295047317763;3.53537226415143E-09;1.17845742138381E-09;1.0201605199485E-06;1.01004473708743E-06;paraboloid;0.000000032;analytical;False;;False;1;390082.413889686;0.00935505991662507;0.0100000000075285;1.83420895331758E-10;0.5;5,00E-07;5;150;7.73394014416204E-18;1.10674898241251E-19;3.326783705642E-10;0.956636278824103;9.750348719897E-09;2.43758717997425E-09;9.9635479482616E-05;9.7268252209612E-05
C:/Users/rlolo/Documents/Thèse/MEB et AFM/AFM/Résultats AFM Dynamo/06062025/Plaque hydrophobique_ethanol_PEI 0.5_Incubation 1h/cell2/force mapp/map-data-2025.06.06-11.56.16.356.jpk-force-map;map-data-2025.06.06-11.56.16.356.jpk-force-map;506;0.142;7.801310208055;[2.5e-05, 2.5e-05];[32, 32];5.68755781856475E-06;paraboloid;0.000000032;False;;False;8.04378006767537E-08;3183564.55036538;1.20963102998959E-10;;0.5;;-5.92851945079114E-19;4.77916929182041E-21;6.91315361598483E-11;0.630870870629368;4.3200366181424E-08;1.44001220604747E-08;9.89080017982802E-07;1.03271993454702E-08;paraboloid;0.000000032;analytical;False;;False;1;445972.338023037;-0.000563997552395425;0.0100002122604712;1.55657026796054E-10;0.5;5,00E-07;5;157;1.49637763125145E-10;1.67590567193665E-19;4.09378269078446E-10;0.968561559901375;4.54389139885023E-09;1.13597284971256E-09;9.9714481671783E-05;9.7245544993564E-05
C:/Users/rlolo/Documents/Thèse/MEB et AFM/AFM/Résultats AFM Dynamo/06062025/Plaque hydrophobique_ethanol_PEI 0.5_Incubation 1h/cell2/force mapp/map-data-2025.06.06-11.56.16.356.jpk-force-map;map-data-2025.06.06-11.56.16.356.jpk-force-map;507;0.142;7.801310208055;[2.5e-05, 2.5e-05];[32, 32];5.6713552737805E-06;paraboloid;0.000000032;False;;False;8.15957418764338E-08;4678589.13185133;5.91294697393671E-11;;0.5;;-2.27130634944599E-19;8.35455379649969E-22;2.89042450108971E-11;0.922554095485887;-2.8470458566816E-07;-9.49015285560533E-08;9.73894567250702E-07;9.24754386530381E-09;paraboloid;0.000000032;analytical;False;;False;1;443748.635068369;-0.000564623037660514;0.0100003096130012;7.00000618643203E-12;0.5;5,00E-07;5;157;6.36379875914729E-11;1.46969421861167E-19;3.83365911188211E-10;0.968698660017849;1.92218646659811E-07;4.80546616649526E-08;9.9705020331763E-05;9.7203915097476E-05
C:/Users/rlolo/Documents/Thèse/MEB et AFM/AFM/Résultats AFM Dynamo/06062025/Plaque hydrophobique_ethanol_PEI 0.5_Incubation 1h/cell2/force mapp/map-data-2025.06.06-11.56.16.356.jpk-force-map;map-data-2025.06.06-11.56.16.356.jpk-force-map;508;0.142;7.801310208055;[2.5e-05, 2.5e-05];[32, 32];5.66191758711055E-06;paraboloid;0.000000032;False;;False;8.84766109520099E-08;7024119.93303177;-6.42771112948323E-14;;0.5;;-1.82222733077115E-21;5.67681358410605E-22;2.38260646857723E-11;0.949404877325847;-1.12557383363412;-0.375191277878039;9.70204644642902E-07;7.60749403244466E-09;paraboloid;0.000000032;analytical;False;;False;1;428862.577488535;-0.000594601212115352;0.0100000487348941;-5.58951778665169E-11;0.5;5,00E-07;5;157;2.20546095276629E-11;1.36106057809823E-19;3.68925545076271E-10;0.969657442167783;7.77061716724531E-08;1.94265429181133E-08;9.9633587214612E-05;9.7194453757456E-05
C:/Users/rlolo/Documents/Thèse/MEB et AFM/AFM/Résultats AFM Dynamo/06062025/Plaque hydrophobique_ethanol_PEI 0.5_Incubation 1h/cell2/force mapp/map-data-2025.06.06-11.56.16.356.jpk-force-map;map-data-2025.06.06-11.56.16.356.jpk-force-map;509;0.142;7.801310208055;[2.5e-05, 2.5e-05];[32, 32];5.64758365698025E-06;paraboloid;0.000000032;False;;False;8.20475490367487E-08;6260426.08262022;-1.35701867285055E-11;;0.5;;-2.2179877652094E-19;5.34837921796119E-22;2.3126563121141E-11;0.955462941845355;4.75615814621824E-09;1.58538604873941E-09;9.50666977501601E-07;8.08404754614844E-09;paraboloid;0.000000032;analytical;False;;False;1;463394.991007046;-0.000592091453977746;0.0100001434397768;-2.2250789422869E-11;0.5;5,00E-07;5;157;5.27942654312358E-11;1.66010245888614E-19;4.07443549327529E-10;0.968838428183953;-4.27875748594036E-07;-1.06968937148509E-07;9.9668594172686E-05;9.7199657494467E-05
C:/Users/rlolo/Documents/Thèse/MEB et AFM/AFM/Résultats AFM Dynamo/06062025/Plaque hydrophobique_ethanol_PEI 0.5_Incubation 1h/cell2/force mapp/map-data-2025.06.06-11.56.16.356.jpk-force-map;map-data-2025.06.06-11.56.16.356.jpk-force-map;510;0.142;7.801310208055;[2.5e-05, 2.5e-05];[32, 32];5.6284007900897E-06;paraboloid;0.000000032;False;;False;8.57585405484023E-08;10547990.5665117;-1.24720681895966E-11;;0.5;;-1.54641716718425E-19;5.93386162323748E-22;2.43595189263612E-11;0.950393417796518;7.18006529013787E-10;2.39335509671263E-10;9.32832351563901E-07;5.53987506246847E-09;paraboloid;0.000000032;analytical;False;;False;1;458143.061184439;-0.000645732866701748;0.010003459130664;-3.36577116182762E-11;0.5;5,00E-07;5;156;6.94538097852407E-11;2.24846146680609E-19;4.74179445653867E-10;0.957785695923569;-2.73948374872702E-06;-6.84870937181755E-07;9.9720631542796E-05;9.719634602546E-05
C:/Users/rlolo/Documents/Thèse/MEB et AFM/AFM/Résultats AFM Dynamo/06062025/Plaque hydrophobique_ethanol_PEI 0.5_Incubation 1h/cell2/force mapp/map-data-2025.06.06-11.56.16.356.jpk-force-map;map-data-2025.06.06-11.56.16.356.jpk-force-map;511;0.142;7.801310208055;[2.5e-05, 2.5e-05];[32, 32];5.62780945633845E-06;paraboloid;0.000000032;False;;False;8.58806427277584E-08;16611586.6408653;-1.1529191226698E-11;;0.5;;-7.62863765002002E-19;7.30250803948335E-22;2.70231531089238E-11;0.926501892129874;-9.70502005245767E-09;-3.23500668415256E-09;9.31011043610052E-07;3.93881290996765E-09;paraboloid;0.000000032;analytical;False;;False;1;437046.22082345;-0.000659421234600426;0.010002639447817;4.50959270514939E-11;0.5;5,00E-07;5;156;1.16735149691146E-10;2.14925275582303E-19;4.63600340360426E-10;0.957028732547775;-5.46907855896653E-07;-1.36726963974163E-07;9.9521470335375E-05;9.7176004144417E-05
C:/Users/rlolo/Documents/Thèse/MEB et AFM/AFM/Résultats AFM Dynamo/06062025/Plaque hydrophobique_ethanol_PEI 0.5_Incubation 1h/cell2/force mapp/map-data-2025.06.06-11.56.16.356.jpk-force-map;map-data-2025.06.06-11.56.16.356.jpk-force-map;512;0.142;7.801310208055;[2.5e-05, 2.5e-05];[32, 32];5.63490546135345E-06;paraboloid;0.000000032;False;;False;8.55744547275496E-08;21347280.7789595;-1.71440765063787E-11;;0.5;;-7.06709218224397E-19;7.690009033644E-22;2.7730865535796E-11;0.933950942212963;1.77696405372612E-08;5.9232135124204E-09;9.38390888825652E-07;3.37036558147775E-09;paraboloid;0.000000032;analytical;False;;False;1;480642.341778165;-0.000628791884440771;0.0100040866577576;1.01298896864412E-10;0.5;5,00E-07;5;156;1.44446079800049E-10;2.50763876488228E-19;5.00763293870695E-10;0.960114956987143;7.840255850579E-07;1.96006396264475E-07;9.9457133223239E-05;9.7213376437496E-05
C:/Users/rlolo/Documents/Thèse/MEB et AFM/AFM/Résultats AFM Dynamo/06062025/Plaque hydrophobique_ethanol_PEI 0.5_Incubation 1h/cell2/force mapp/map-data-2025.06.06-11.56.16.356.jpk-force-map;map-data-2025.06.06-11.56.16.356.jpk-force-map;513;0.142;7.801310208055;[2.5e-05, 2.5e-05];[32, 32];5.63698695615785E-06;paraboloid;0.000000032;False;;False;8.63687242704858E-08;14128460.2493678;-1.51590702099277E-11;;0.5;;-1.61726478115272E-19;9.23227590861981E-22;3.03846604532942E-11;0.910025033604426;-2.9190307041695E-08;-9.73010234723166E-09;9.41016410681203E-07;4.1900884310963E-09;paraboloid;0.000000032;analytical;False;;False;1;487924.046171542;-0.000508519669077891;0.0126181118070141;1.11613213364887E-10;0.5;5,00E-07;5;156;1.47192093901095E-10;2.09585069475315E-19;4.57804619325007E-10;0.958478153563405;-8.5703529269761E-07;-2.14258823174402E-07;9.9478421238284E-05;9.7195872958459E-05
C:/Users/rlolo/Documents/Thèse/MEB et AFM/AFM/Résultats AFM Dynamo/06062025/Plaque hydrophobique_ethanol_PEI 0.5_Incubation 1h/cell2/force mapp/map-data-2025.06.06-11.56.16.356.jpk-force-map;map-data-2025.06.06-11.56.16.356.jpk-force-map;514;0.142;7.801310208055;[2.5e-05, 2.5e-05];[32, 32];5.6456677356262E-06;paraboloid;0.000000032;False;;False;8.67981466833228E-08;14953887.2851898;-1.16478954743226E-11;;0.5;;-1.58803497758532E-19;9.91040181185224E-22;3.14807906696325E-11;0.901725877748968;3.55973427801384E-09;1.18657809267128E-09;9.50548710751352E-07;3.96004468166278E-09;paraboloid;0.000000032;analytical;False;;False;1;537574.642249476;-0.000570342838346265;0.0106457447347835;9.48238756156336E-11;0.5;5,00E-07;5;156;1.23949405220398E-10;3.45738052751607E-19;5.87994942794245E-10;0.947390524484525;1.3643754404024E-06;3.410938601006E-07;9.9406041987131E-05;9.719161535545E-05
C:/Users/rlolo/Documents/Thèse/MEB et AFM/AFM/Résultats AFM Dynamo/06062025/Plaque hydrophobique_ethanol_PEI 0.5_Incubation 1h/cell2/force mapp/map-data-2025.06.06-11.56.16.356.jpk-force-map;map-data-2025.06.06-11.56.16.356.jpk-force-map;515;0.142;7.801310208055;[2.5e-05, 2.5e-05];[32, 32];5.659292065255E-06;paraboloid;0.000000032;False;;False;8.20304007051809E-08;4594579.84222921;-1.53017229568333E-11;;0.5;;-1.19490176598887E-19;6.66049641654E-22;2.58079375707165E-11;0.942955427082083;1.23659326150729E-08;4.12197753835765E-09;9.64102080330001E-07;8.982008676624E-09;paraboloid;0.000000032;analytical;False;;False;1;442055.333993778;-0.000633950966207319;0.0100000385837166;-3.93785873301914E-11;0.5;5,00E-07;5;157;3.93565126981165E-11;1.99893410271803E-19;4.47094408678752E-10;0.964109725656002;9.67148193393533E-07;2.41787048348383E-07;9.9363465957041E-05;9.7199184427466E-05
C:/Users/rlolo/Documents/Thèse/MEB et AFM/AFM/Résultats AFM Dynamo/06062025/Plaque hydrophobique_ethanol_PEI 0.5_Incubation 1h/cell2/force mapp/map-data-2025.06.06-11.56.16.356.jpk-force-map;map-data-2025.06.06-11.56.16.356.jpk-force-map;516;0.142;7.801310208055;[2.5e-05, 2.5e-05];[32, 32];5.6785458921957E-06;paraboloid;0.000000032;False;;False;8.51417233567555E-08;12459982.8763207;-1.59577446671389E-11;;0.5;;-4.32374634836559E-19;7.93649989551864E-22;2.81717942196067E-11;0.92850018524692;-2.68922818712074E-08;-8.96409395706914E-09;9.82457079968801E-07;4.70241759756524E-09;paraboloid;0.000000032;analytical;False;;False;1;506112.796092973;-0.000486218960467653;0.0133330898783641;6.69667621001314E-11;0.5;5,00E-07;5;157;1.15512531536934E-10;2.08786241293077E-19;4.5693133104776E-10;0.964287153141165;-8.06721493699732E-08;-2.01680373424933E-08;0.0000992967635099;9.7194453757456E-05
C:/Users/rlolo/Documents/Thèse/MEB et AFM/AFM/Résultats AFM Dynamo/06062025/Plaque hydrophobique_ethanol_PEI 0.5_Incubation 1h/cell2/force mapp/map-data-2025.06.06-11.56.16.356.jpk-force-map;map-data-2025.06.06-11.56.16.356.jpk-force-map;517;0.142;7.801310208055;[2.5e-05, 2.5e-05];[32, 32];5.6999285206409E-06;paraboloid;0.000000032;False;;False;8.61219628031081E-08;2230292.49461252;-1.25600563846118E-11;;0.5;;-1.05562594692792E-19;7.63141474280887E-22;2.76250153715955E-11;0.939591251963738;2.19861675139817E-08;7.32872250466056E-09;1.0140106489355E-06;1.43770322028068E-08;paraboloid;0.000000032;analytical;False;;False;1;411297.018215284;-0.000546890230464548;0.0100001134295475;4.38585373254232E-11;0.5;5,00E-07;5;157;1.12425864376028E-10;1.35448968025816E-19;3.6803392238463E-10;0.968147556381393;6.41786505811083E-07;1.60446626452771E-07;9.9261756551826E-05;9.7181207881428E-05
C:/Users/rlolo/Documents/Thèse/MEB et AFM/AFM/Résultats AFM Dynamo/06062025/Plaque hydrophobique_ethanol_PEI 0.5_Incubation 1h/cell2/force mapp/map-data-2025.06.06-11.56.16.356.jpk-force-map;map-data-2025.06.06-11.56.16.356.jpk-force-map;518;0.142;7.801310208055;[2.5e-05, 2.5e-05];[32, 32];5.7116132755656E-06;paraboloid;0.000000032;False;;False;8.17203265637314E-08;5145324.63695725;-8.2579279806897E-12;;0.5;;-5.59616305141837E-20;5.74427911331088E-22;2.39672257746091E-11;0.945431476212183;1.68881315247514E-08;5.62937717491712E-09;1.0151460097379E-06;8.43251997129153E-09;paraboloid;0.000000032;analytical;False;;False;1;423419.407251476;-0.000606317046988084;0.0100002174706932;-3.59666497047297E-13;0.5;5,00E-07;5;156;6.10058703152727E-11;1.41172478664234E-19;3.7572926245401E-10;0.965238812031681;2.36266288930145E-07;5.90665722325364E-08;9.9384753972086E-05;9.718215401543E-05
C:/Users/rlolo/Documents/Thèse/MEB et AFM/AFM/Résultats AFM Dynamo/06062025/Plaque hydrophobique_ethanol_PEI 0.5_Incubation 1h/cell2/force mapp/map-data-2025.06.06-11.56.16.356.jpk-force-map;map-data-2025.06.06-11.56.16.356.jpk-force-map;519;0.142;7.801310208055;[2.5e-05, 2.5e-05];[32, 32];5.7223518964883E-06;paraboloid;0.000000032;False;;False;8.6142624239338E-08;11186778.0115244;-1.57566845970381E-11;;0.5;;-4.17634225805251E-20;6.10125978808179E-22;2.47007283052176E-11;0.939997940275743;-7.89347793865483E-09;-2.63115931288494E-09;1.0273038316636E-06;5.29621849842936E-09;paraboloid;0.000000032;analytical;False;;False;1;467028.30695215;-0.000624161948321923;0.010088060096367;4.81341957705295E-11;0.5;5,00E-07;5;156;9.814905228193E-11;2.36943203171754E-19;4.86768120537647E-10;0.956359092809931;6.51431202879424E-07;1.62857800719856E-07;9.9399892116118E-05;9.7180734814427E-05
C:/Users/rlolo/Documents/Thèse/MEB et AFM/AFM/Résultats AFM Dynamo/06062025/Plaque hydrophobique_ethanol_PEI 0.5_Incubation 1h/cell2/force mapp/map-data-2025.06.06-11.56.16.356.jpk-force-map;map-data-2025.06.06-11.56.16.356.jpk-force-map;520;0.142;7.801310208055;[2.5e-05, 2.5e-05];[32, 32];6.3012912923121E-06;paraboloid;0.000000032;False;;False;4.81785908821173E-07;6401.37134021264;4.17869465966737E-10;;0.5;;-7.25325384155282E-20;3.55531324696977E-21;5.96264475461164E-11;0.941443379273878;1.73287501820442E-08;5.77625006068141E-09;2.6026642516937E-06;6.12655804414461E-07;paraboloid;0.000000032;analytical;False;;False;1;2822.95930932448;-0.000572979018902173;0.133998302295957;-2.03445326154722E-10;0.5;5,00E-07;5;150;1.53224050721284E-10;1.23669047778123E-19;3.51666102685662E-10;0.656508188369175;-5.92059317397896E-08;-1.48014829349474E-08;9.77901699880274E-05;9.7273929013624E-05
C:/Users/rlolo/Documents/Thèse/MEB et AFM/AFM/Résultats AFM Dynamo/06062025/Plaque hydrophobique_ethanol_PEI 0.5_Incubation 1h/cell2/force mapp/map-data-2025.06.06-11.56.16.356.jpk-force-map;map-data-2025.06.06-11.56.16.356.jpk-force-map;521;0.142;7.801310208055;[2.5e-05, 2.5e-05];[32, 32];9.6872210452695E-06;paraboloid;0.000000032;False;;False;-7.25567147842327E-07;3566.41924311373;6.22245214336717E-11;;0.5;;-1.8181733599045E-20;1.90087699991066E-21;4.3599048153723E-11;0.98861250781006;2.60873146230144E-08;8.69577154100479E-09;5.2607331169125E-06;1.0932713445311E-06;paraboloid;0.000000032;analytical;False;;False;1;1930.9172572348;-0.000469663555813592;0.132281818349503;-3.49635314896635E-11;0.5;5,00E-07;5;135;2.93975052155114E-11;8.1933723680307E-21;9.05172490083006E-11;0.968246443690356;-3.3284548642839E-09;-8.32113716070975E-10;9.34703828218613E-05;9.7320289579722E-05
C:/Users/rlolo/Documents/Thèse/MEB et AFM/AFM/Résultats AFM Dynamo/06062025/Plaque hydrophobique_ethanol_PEI 0.5_Incubation 1h/cell2/force mapp/map-data-2025.06.06-11.56.16.356.jpk-force-map;map-data-2025.06.06-11.56.16.356.jpk-force-map;522;0.142;7.801310208055;[2.5e-05, 2.5e-05];[32, 32];1.10140793696743E-05;paraboloid;0.000000032;False;;False;-9.75568527191331E-07;1878.25550894368;4.30210451358119E-10;;0.5;;1.28757626318588E-20;8.32696478215231E-22;2.88564806969809E-11;0.989459231008185;1.57875756093129E-09;5.26252520310428E-10;6.56344137091625E-06;1.33807473853705E-06;paraboloid;0.000000032;analytical;False;;False;1;513.845824696672;-0.00140512142746023;0.241277386371247;1.43311426307084E-10;0.5;5,00E-07;5;146;1.54556254804506E-10;6.31285082337335E-20;2.51253872077096E-10;0.831006502344529;-6.13046026718342E-08;-1.53261506679585E-08;9.7541999316159E-05;9.7661843954444E-05
C:/Users/rlolo/Documents/Thèse/MEB et AFM/AFM/Résultats AFM Dynamo/06062025/Plaque hydrophobique_ethanol_PEI 0.5_Incubation 1h/cell2/force mapp/map-data-2025.06.06-11.56.16.356.jpk-force-map;map-data-2025.06.06-11.56.16.356.jpk-force-map;523;0.142;7.801310208055;[2.5e-05, 2.5e-05];[32, 32];1.28184515248885E-05;paraboloid;0.000000032;False;;False;-4.71188867145967E-07;5446.33465427876;1.01152674911764E-10;;0.5;;-5.34659003944571E-20;2.42352639513652E-21;4.92293245447926E-11;0.981302081719936;1.95474779665496E-08;6.51582598884985E-09;8.30087454548895E-06;7.69974095888206E-07;paraboloid;0.000000032;analytical;False;;False;1;4246.30595858212;0.000586182649238445;0.0844749842030878;2.10794021312366E-11;0.5;5,00E-07;5;150;4.69874548845386E-11;1.02958572130731E-20;1.01468503551955E-10;0.956055642916401;-9.28524435912298E-09;-2.32131108978075E-09;9.7118632179818E-05;9.7720504262568E-05
C:/Users/rlolo/Documents/Thèse/MEB et AFM/AFM/Résultats AFM Dynamo/06062025/Plaque hydrophobique_ethanol_PEI 0.5_Incubation 1h/cell2/force mapp/map-data-2025.06.06-11.56.16.356.jpk-force-map;map-data-2025.06.06-11.56.16.356.jpk-force-map;524;0.142;7.801310208055;[2.5e-05, 2.5e-05];[32, 32];1.34730106808222E-05;paraboloid;0.000000032;False;;False;-2.20241882724433E-07;7715.5890227416;4.13293533793386E-11;;0.5;;-2.94644727124089E-20;2.83447584007954E-21;5.3239795642729E-11;0.976121315605427;-5.13129198023019E-08;-1.71043066007673E-08;9.054966998433E-06;6.19667463470648E-07;paraboloid;0.000000032;analytical;False;;False;1;6692.07753129484;0.000290207918807902;0.0630315709540871;-1.0516137547631E-10;0.5;5,00E-07;5;150;7.87559451982834E-12;7.55975550830053E-21;8.69468545049246E-11;0.959467912068847;-2.69678306860565E-08;-6.74195767151412E-09;9.80031809740574E-05;9.773091173659E-05
C:/Users/rlolo/Documents/Thèse/MEB et AFM/AFM/Résultats AFM Dynamo/06062025/Plaque hydrophobique_ethanol_PEI 0.5_Incubation 1h/cell2/force mapp/map-data-2025.06.06-11.56.16.356.jpk-force-map;map-data-2025.06.06-11.56.16.356.jpk-force-map;525;0.142;7.801310208055;[2.5e-05, 2.5e-05];[32, 32];1.42803231713787E-05;paraboloid;0.000000032;False;;False;-5.892536017564E-08;11160.1057261909;1.69619412286439E-11;;0.5;;-2.27470799932024E-20;1.84688610655302E-21;4.29754128142246E-11;0.984186606697323;8.22273403191059E-09;2.7409113439702E-09;9.90944426898925E-06;5.08045928996225E-07;paraboloid;0.000000032;analytical;False;;False;1;12884.2205986106;0.000559358709775817;0.0236795577042038;-3.21943655334703E-11;0.5;5,00E-07;5;155;2.38083376409559E-11;5.90458555577285E-21;7.68413011067151E-11;0.973375196129777;2.39123705285833E-08;5.97809263214582E-09;9.79331396091154E-05;9.7786733642708E-05
C:/Users/rlolo/Documents/Thèse/MEB et AFM/AFM/Résultats AFM Dynamo/06062025/Plaque hydrophobique_ethanol_PEI 0.5_Incubation 1h/cell2/force mapp/map-data-2025.06.06-11.56.16.356.jpk-force-map;map-data-2025.06.06-11.56.16.356.jpk-force-map;526;0.142;7.801310208055;[2.5e-05, 2.5e-05];[32, 32];1.51202063249541E-05;paraboloid;0.000000032;False;;False;-1.26358641441647E-07;32238.1691981705;1.86822138449805E-11;;0.5;;-1.08549969446729E-19;4.31949706061615E-21;6.57228807997348E-11;0.924482362592897;-2.10179479910955E-08;-7.0059826636985E-09;1.03919962633593E-05;2.1965552923889E-07;paraboloid;0.000000032;analytical;False;;False;1;118791.976845461;0.00099094647203633;0.0100000000074023;3.98398694703819E-11;0.5;5,00E-07;5;161;5.30783411399531E-11;1.40009911382355E-20;1.1832578391135E-10;0.979038013245506;5.10001117316467E-10;1.27500279329117E-10;9.79309840566016E-05;9.7803764054744E-05
C:/Users/rlolo/Documents/Thèse/MEB et AFM/AFM/Résultats AFM Dynamo/06062025/Plaque hydrophobique_ethanol_PEI 0.5_Incubation 1h/cell2/force mapp/map-data-2025.06.06-11.56.16.356.jpk-force-map;map-data-2025.06.06-11.56.16.356.jpk-force-map;527;0.142;7.801310208055;[2.5e-05, 2.5e-05];[32, 32];1.57473275948298E-05;paraboloid;0.000000032;False;;False;-9.75589725234185E-08;39596.5520068895;4.35521346797E-12;;0.5;;-1.93155864343837E-19;3.21101890995677E-21;5.66658531212296E-11;0.937971379219768;-5.61209995828335E-10;-1.87069998609445E-10;1.10229730292931E-05;1.92479108992615E-07;paraboloid;0.000000032;analytical;False;;False;1;121414.310959767;0.000669461866487208;0.0100000000074023;-3.77347101384579E-11;0.5;5,00E-07;5;157;3.17566466979374E-11;1.73740779199693E-20;1.31810765569316E-10;0.971918839496685;-2.70327574268502E-10;-6.75818935671254E-11;9.80506104582743E-05;9.7758822689649E-05
C:/Users/rlolo/Documents/Thèse/MEB et AFM/AFM/Résultats AFM Dynamo/06062025/Plaque hydrophobique_ethanol_PEI 0.5_Incubation 1h/cell2/force mapp/map-data-2025.06.06-11.56.16.356.jpk-force-map;map-data-2025.06.06-11.56.16.356.jpk-force-map;528;0.142;7.801310208055;[2.5e-05, 2.5e-05];[32, 32];1.60612785100434E-05;paraboloid;0.000000032;False;;False;-1.84245695023449E-08;93961.1269281273;3.23698764246998E-12;;0.5;;-2.06643303833299E-19;3.19257180196945E-21;5.65028477332731E-11;0.918407133810159;-3.04780159629643E-10;-1.01593386543214E-10;1.15447659313961E-05;1.1170133323191E-07;paraboloid;0.000000032;analytical;False;;False;1;252499.453224094;0.000280400712167849;0.0100000066911432;4.66925384875604E-11;0.5;5,00E-07;5;148;6.95817623393959E-11;3.63066350373906E-20;1.90543000494352E-10;0.978605817279542;-1.52789185181207E-08;-3.81972962953017E-09;9.81005738908908E-05;9.75351976389748E-05
C:/Users/rlolo/Documents/Thèse/MEB et AFM/AFM/Résultats AFM Dynamo/06062025/Plaque hydrophobique_ethanol_PEI 0.5_Incubation 1h/cell2/force mapp/map-data-2025.06.06-11.56.16.356.jpk-force-map;map-data-2025.06.06-11.56.16.356.jpk-force-map;529;0.142;7.801310208055;[2.5e-05, 2.5e-05];[32, 32];1.61295420782877E-05;paraboloid;0.000000032;False;;False;-2.90468590361106E-08;71179.2433983706;1.63948246385738E-12;;0.5;;-1.34762158413492E-19;2.55326826169492E-21;5.05298749424033E-11;0.924191997881503;1.41749685131346E-09;4.7249895043782E-10;1.19798456522158E-05;1.24829570974173E-07;paraboloid;0.000000032;analytical;False;;False;1;245457.584152331;0.000334645236047197;0.0100000000074024;-8.99557888313527E-12;0.5;5,00E-07;5;149;2.61727358268222E-11;4.67692956553196E-20;2.16262099442597E-10;0.965433230308113;1.00664470310142E-08;2.51661175775355E-09;9.67556801497799E-05;9.71683881918874E-05
C:/Users/rlolo/Documents/Thèse/MEB et AFM/AFM/Résultats AFM Dynamo/06062025/Plaque hydrophobique_ethanol_PEI 0.5_Incubation 1h/cell2/force mapp/map-data-2025.06.06-11.56.16.356.jpk-force-map;map-data-2025.06.06-11.56.16.356.jpk-force-map;530;0.142;7.801310208055;[2.5e-05, 2.5e-05];[32, 32];1.61664886110658E-05;paraboloid;0.000000032;False;;False;5.56532680097574E-08;404109.877848446;5.31830413824433E-13;;0.5;;-1.78908398911358E-19;1.90104868571129E-21;4.36010170261118E-11;0.904072948313796;9.48888364838896E-10;3.16296121612965E-10;1.23690378739385E-05;4.20152956852817E-08;paraboloid;0.000000032;analytical;False;;False;1;376884.324123648;-0.000265049122501752;0.0100000008987165;2.92288352057502E-11;0.5;5,00E-07;5;159;1.01335168480441E-10;7.23928346088694E-20;2.69059165628806E-10;0.971186086030457;-4.20305458664587E-08;-1.05076364666147E-08;9.71253421086774E-05;9.68285185217318E-05
C:/Users/rlolo/Documents/Thèse/MEB et AFM/AFM/Résultats AFM Dynamo/06062025/Plaque hydrophobique_ethanol_PEI 0.5_Incubation 1h/cell2/force mapp/map-data-2025.06.06-11.56.16.356.jpk-force-map;map-data-2025.06.06-11.56.16.356.jpk-force-map;531;0.142;7.801310208055;[2.5e-05, 2.5e-05];[32, 32];1.61910171350677E-05;paraboloid;0.000000032;False;;False;-7.76161557165646E-08;43429.1891269478;5.44687709744135E-13;;0.5;;-1.06772598524794E-19;2.45635293988247E-21;4.95616075191521E-11;0.93889355083833;2.57148915598526E-09;8.57163051995085E-10;1.26611804004061E-05;1.70607433640913E-07;paraboloid;0.000000032;analytical;False;;False;1;347893.260949362;0.000976506569578747;0.0100000000303489;-6.66049911614284E-11;0.5;5,00E-07;5;156;-1.08599834775484E-17;3.92170078082678E-20;1.98032845276403E-10;0.981058141177337;-2.2323166292804E-09;-5.580791573201E-10;9.75479601114165E-05;9.65223646863882E-05
C:/Users/rlolo/Documents/Thèse/MEB et AFM/AFM/Résultats AFM Dynamo/06062025/Plaque hydrophobique_ethanol_PEI 0.5_Incubation 1h/cell2/force mapp/map-data-2025.06.06-11.56.16.356.jpk-force-map;map-data-2025.06.06-11.56.16.356.jpk-force-map;532;0.142;7.801310208055;[2.5e-05, 2.5e-05];[32, 32];1.62109096024597E-05;paraboloid;0.000000032;False;;False;-1.00087306329525E-07;38425.3336884247;3.31535936590695E-12;;0.5;;-1.12324061495298E-19;2.45267557599982E-21;4.9524494707163E-11;0.950038099771264;4.0904053348519E-10;1.36346844495063E-10;1.28851539720295E-05;1.93023671591401E-07;paraboloid;0.000000032;analytical;False;;False;1;261951.085281477;0.00108545487525148;0.0100000000204181;-5.44333449073664E-11;0.5;5,00E-07;5;159;-4.75779294378876E-17;2.81912462794008E-20;1.67902490390705E-10;0.981365245501052;1.11083559013739E-08;2.77708897534347E-09;9.70995629787145E-05;9.62638464855755E-05
C:/Users/rlolo/Documents/Thèse/MEB et AFM/AFM/Résultats AFM Dynamo/06062025/Plaque hydrophobique_ethanol_PEI 0.5_Incubation 1h/cell2/force mapp/map-data-2025.06.06-11.56.16.356.jpk-force-map;map-data-2025.06.06-11.56.16.356.jpk-force-map;533;0.142;7.801310208055;[2.5e-05, 2.5e-05];[32, 32];1.62259294797415E-05;paraboloid;0.000000032;False;;False;-8.06090308312591E-08;44081.3641349945;2.33598107086862E-12;;0.5;;-4.77939640343487E-20;2.12229978996871E-21;4.60684250866981E-11;0.95294337057833;-8.58538703470446E-11;-2.86179567823482E-11;1.30692716488187E-05;1.75620749527427E-07;paraboloid;0.000000032;analytical;False;;False;1;364399.434039144;0.00100326991160488;0.0100000000435247;-9.92264877455208E-11;0.5;5,00E-07;5;157;6.00342847699847E-12;5.34736328341615E-20;2.31243665500617E-10;0.978181418055019;1.06483914948535E-08;2.66209787371338E-09;9.67168367345248E-05;9.6032053988424E-05
C:/Users/rlolo/Documents/Thèse/MEB et AFM/AFM/Résultats AFM Dynamo/06062025/Plaque hydrophobique_ethanol_PEI 0.5_Incubation 1h/cell2/force mapp/map-data-2025.06.06-11.56.16.356.jpk-force-map;map-data-2025.06.06-11.56.16.356.jpk-force-map;534;0.142;7.801310208055;[2.5e-05, 2.5e-05];[32, 32];1.62378744215167E-05;paraboloid;0.000000032;False;;False;-1.69686237661356E-08;87567.0804597391;6.8675734325087E-12;;0.5;;-1.0124711847581E-19;1.93972314532804E-21;4.40422881481883E-11;0.93988932098974;-4.38208825775792E-09;-1.46069608591931E-09;1.32224980504426E-05;1.11302608791525E-07;paraboloid;0.000000032;analytical;False;;False;1;451909.620475293;0.000403897352121438;0.010000000007394;7.26267944215488E-12;0.5;5,00E-07;5;148;6.54144835926333E-11;9.54354817208523E-20;3.08926337046313E-10;0.969951337246566;-8.62314158109651E-09;-2.15578539527413E-09;9.63945604580023E-05;9.58074737784735E-05
C:/Users/rlolo/Documents/Thèse/MEB et AFM/AFM/Résultats AFM Dynamo/06062025/Plaque hydrophobique_ethanol_PEI 0.5_Incubation 1h/cell2/force mapp/map-data-2025.06.06-11.56.16.356.jpk-force-map;map-data-2025.06.06-11.56.16.356.jpk-force-map;535;0.142;7.801310208055;[2.5e-05, 2.5e-05];[32, 32];1.62477378684876E-05;paraboloid;0.000000032;False;;False;6.62722478620232E-08;204295.171655223;8.08269128596845E-12;;0.5;;-5.17664816585313E-20;1.82609566665179E-21;4.27328406106099E-11;0.925637053186333;-4.36842158168196E-09;-1.45614052722732E-09;1.33727441299602E-05;6.5719963162376E-08;paraboloid;0.000000032;analytical;False;;False;1;394998.792906706;-4.68745336299429E-05;0.0100000010604872;-5.50310722385584E-12;0.5;5,00E-07;5;163;5.96392737576914E-11;7.0155015676971E-20;2.64867921192754E-10;0.974393085699806;-4.60369946517035E-08;-1.15092486629259E-08;9.61258570809264E-05;9.56699704213817E-05
C:/Users/rlolo/Documents/Thèse/MEB et AFM/AFM/Résultats AFM Dynamo/06062025/Plaque hydrophobique_ethanol_PEI 0.5_Incubation 1h/cell2/force mapp/map-data-2025.06.06-11.56.16.356.jpk-force-map;map-data-2025.06.06-11.56.16.356.jpk-force-map;536;0.142;7.801310208055;[2.5e-05, 2.5e-05];[32, 32];1.62584528360602E-05;paraboloid;0.000000032;False;;False;6.22362506635521E-08;582682.116410985;2.0694799179375E-12;;0.5;;-1.11696207356571E-19;1.15468195658249E-21;3.39806114804087E-11;0.934500737323723;-1.59657794393979E-09;-5.3219264797993E-10;1.35161307379633E-05;3.37877988628144E-08;paraboloid;0.000000032;analytical;False;;False;1;444786.929642781;-0.000350146293129527;0.0100000000016197;-2.27266704177844E-11;0.5;5,00E-07;5;158;5.07461429297505E-11;1.11697456420373E-19;3.3421169402098E-10;0.962556115699991;4.00890092919597E-08;1.00222523229899E-08;9.57843889582356E-05;9.53641032442098E-05
C:/Users/rlolo/Documents/Thèse/MEB et AFM/AFM/Résultats AFM Dynamo/06062025/Plaque hydrophobique_ethanol_PEI 0.5_Incubation 1h/cell2/force mapp/map-data-2025.06.06-11.56.16.356.jpk-force-map;map-data-2025.06.06-11.56.16.356.jpk-force-map;537;0.142;7.801310208055;[2.5e-05, 2.5e-05];[32, 32];1.62659509480261E-05;paraboloid;0.000000032;False;;False;8.78719241532035E-08;5179879.12889899;2.60918135150993E-12;;0.5;;-7.13553139428133E-20;7.55204781277227E-22;2.74809894522964E-11;0.934946219872364;-1.91893590563512E-09;-6.39645301878373E-10;1.35923181784744E-05;8.51854343320233E-09;paraboloid;0.000000032;analytical;False;;False;1;342119.484693897;-0.000645927812836249;0.010000356831408;1.74707466381729E-11;0.5;5,00E-07;5;156;7.77199946123172E-11;1.10107143656711E-19;3.31823964861959E-10;0.957497642608623;-1.98367050192529E-07;-4.95917625481323E-08;9.55248574682347E-05;9.51938310493665E-05
C:/Users/rlolo/Documents/Thèse/MEB et AFM/AFM/Résultats AFM Dynamo/06062025/Plaque hydrophobique_ethanol_PEI 0.5_Incubation 1h/cell2/force mapp/map-data-2025.06.06-11.56.16.356.jpk-force-map;map-data-2025.06.06-11.56.16.356.jpk-force-map;538;0.142;7.801310208055;[2.5e-05, 2.5e-05];[32, 32];1.62703268177853E-05;paraboloid;0.000000032;False;;False;3.90069406902854E-08;110950.82142851;3.28517208922109E-12;;0.5;;-6.73830114880595E-20;1.00290159840639E-21;3.16686216688758E-11;0.975503577940534;-5.50706076833441E-09;-1.83568692277814E-09;1.35389325674115E-05;1.07703786309002E-07;paraboloid;0.000000032;analytical;False;;False;1;123263.019345354;-0.000200289351074275;0.0100000000009266;-9.71331649660369E-11;0.5;5,00E-07;5;147;5.23938904304018E-17;1.94342034296804E-20;1.39406611857833E-10;0.969257167501675;9.8517887077231E-09;2.46294717693077E-09;9.56167130715311E-05;9.53727569394693E-05
C:/Users/rlolo/Documents/Thèse/MEB et AFM/AFM/Résultats AFM Dynamo/06062025/Plaque hydrophobique_ethanol_PEI 0.5_Incubation 1h/cell2/force mapp/map-data-2025.06.06-11.56.16.356.jpk-force-map;map-data-2025.06.06-11.56.16.356.jpk-force-map;539;0.142;7.801310208055;[2.5e-05, 2.5e-05];[32, 32];1.62729286862908E-05;paraboloid;0.000000032;False;;False;8.52378150749142E-08;2416294.87376654;5.37162901255501E-12;;0.5;;-1.56811385241128E-19;1.26486647622351E-21;3.55649613555746E-11;0.908278516308433;-5.29524918032676E-09;-1.76508306010892E-09;1.33590724936313E-05;1.3918398220215E-08;paraboloid;0.000000032;analytical;False;;False;1;477326.707167229;-0.000529483051675724;0.0100000502351993;1.00432006919118E-11;0.5;5,00E-07;5;156;6.83332332972363E-11;1.49205142805704E-19;3.86270815368834E-10;0.960993048715492;8.18148352018086E-08;2.04537088004521E-08;9.58467219903166E-05;9.56522694205583E-05
C:/Users/rlolo/Documents/Thèse/MEB et AFM/AFM/Résultats AFM Dynamo/06062025/Plaque hydrophobique_ethanol_PEI 0.5_Incubation 1h/cell2/force mapp/map-data-2025.06.06-11.56.16.356.jpk-force-map;map-data-2025.06.06-11.56.16.356.jpk-force-map;540;0.142;7.801310208055;[2.5e-05, 2.5e-05];[32, 32];1.62756015148465E-05;paraboloid;0.000000032;False;;False;9.21590598930459E-08;12124644.5068805;2.59459453618167E-14;;0.5;;2.02273385707397E-21;7.59319078419505E-22;2.75557449258681E-11;0.931166207548481;2.36853813732649E-10;7.89512712442163E-11;1.33175372109435E-05;5.32054445805314E-09;paraboloid;0.000000032;analytical;False;;False;1;460187.268447032;-0.000685951701845915;0.010022905004885;6.70480660997184E-11;0.5;5,00E-07;5;154;1.05779728193335E-10;2.40125602977546E-19;4.90026124790858E-10;0.934875412059376;6.7878716717171E-07;1.69696791792928E-07;9.59791038927429E-05;9.56533944030558E-05
C:/Users/rlolo/Documents/Thèse/MEB et AFM/AFM/Résultats AFM Dynamo/06062025/Plaque hydrophobique_ethanol_PEI 0.5_Incubation 1h/cell2/force mapp/map-data-2025.06.06-11.56.16.356.jpk-force-map;map-data-2025.06.06-11.56.16.356.jpk-force-map;541;0.142;7.801310208055;[2.5e-05, 2.5e-05];[32, 32];1.62765713021985E-05;paraboloid;0.000000032;False;;False;8.15974825305731E-08;2028783.92610079;-3.27624077947401E-12;;0.5;;-1.37386575341467E-19;8.43934858697146E-22;2.90505569429769E-11;0.940144880149244;3.47945967488038E-09;1.15981989162679E-09;1.31528152811953E-05;1.55664313359809E-08;paraboloid;0.000000032;analytical;False;;False;1;444719.047833178;-0.000548864563029378;0.0100000267854864;3.28255806055257E-11;0.5;5,00E-07;5;157;6.65842515979371E-11;1.37185249110853E-19;3.70385271185091E-10;0.966259702011874;1.71102061309397E-07;4.27755153273492E-08;9.61856928563849E-05;9.59429529375043E-05
C:/Users/rlolo/Documents/Thèse/MEB et AFM/AFM/Résultats AFM Dynamo/06062025/Plaque hydrophobique_ethanol_PEI 0.5_Incubation 1h/cell2/force mapp/map-data-2025.06.06-11.56.16.356.jpk-force-map;map-data-2025.06.06-11.56.16.356.jpk-force-map;542;0.142;7.801310208055;[2.5e-05, 2.5e-05];[32, 32];1.62740403937432E-05;paraboloid;0.000000032;False;;False;7.64125099436457E-08;292540.456430719;-7.4024224470696E-12;;0.5;;-8.8128123283158E-21;6.11488424571152E-22;2.47282919865314E-11;0.98130819399223;7.42099513275636E-09;2.47366504425212E-09;1.29380665160914E-05;6.12601066286607E-08;paraboloid;0.000000032;analytical;False;;False;1;207058.962173234;-0.000285210573963102;0.0100000000038306;-6.74657722419211E-11;0.5;5,00E-07;5;162;5.56568690814107E-18;2.12261229451722E-20;1.45691876730215E-10;0.979283167823225;1.69420192568389E-08;4.23550481420973E-09;9.65945770482945E-05;9.63274483444225E-05
C:/Users/rlolo/Documents/Thèse/MEB et AFM/AFM/Résultats AFM Dynamo/06062025/Plaque hydrophobique_ethanol_PEI 0.5_Incubation 1h/cell2/force mapp/map-data-2025.06.06-11.56.16.356.jpk-force-map;map-data-2025.06.06-11.56.16.356.jpk-force-map;543;0.142;7.801310208055;[2.5e-05, 2.5e-05];[32, 32];1.62654069209749E-05;paraboloid;0.000000032;False;;False;7.18981263123666E-08;227440.117945838;-3.65917363248417E-12;;0.5;;-5.82385151351144E-20;8.26796776557767E-22;2.87540740862537E-11;0.977621097284938;4.38564272691109E-09;1.46188090897036E-09;1.24368756818819E-05;7.19810036279302E-08;paraboloid;0.000000032;analytical;False;;False;1;122668.775436958;-0.000440330326711728;0.0100000000071781;-2.31520149560251E-11;0.5;5,00E-07;5;161;4.58261785102784E-11;2.18882343814426E-20;1.47946728187691E-10;0.959125818060849;-2.78467613486294E-08;-6.96169033715734E-09;9.72174179816882E-05;9.6913519782901E-05
C:/Users/rlolo/Documents/Thèse/MEB et AFM/AFM/Résultats AFM Dynamo/06062025/Plaque hydrophobique_ethanol_PEI 0.5_Incubation 1h/cell2/force mapp/map-data-2025.06.06-11.56.16.356.jpk-force-map;map-data-2025.06.06-11.56.16.356.jpk-force-map;544;0.142;7.801310208055;[2.5e-05, 2.5e-05];[32, 32];1.62572228618576E-05;paraboloid;0.000000032;False;;False;6.78169505492859E-08;190708.171571425;-1.51783035391764E-11;;0.5;;-1.46773940750783E-22;6.21046059372186E-22;2.49207957210878E-11;0.981507916673917;-5.50087889035105E-09;-1.83362629678368E-09;1.20817442842312E-05;7.70061264571969E-08;paraboloid;0.000000032;analytical;False;;False;1;149021.304700613;-0.000259320298815296;0.0100000000090966;-4.48812300605698E-11;0.5;5,00E-07;5;162;6.02728250361799E-17;1.71441354326908E-20;1.30935615600534E-10;0.969172541341701;6.98820720106529E-09;1.74705180026632E-09;9.7653574429631E-05;9.72091929999955E-05
C:/Users/rlolo/Documents/Thèse/MEB et AFM/AFM/Résultats AFM Dynamo/06062025/Plaque hydrophobique_ethanol_PEI 0.5_Incubation 1h/cell2/force mapp/map-data-2025.06.06-11.56.16.356.jpk-force-map;map-data-2025.06.06-11.56.16.356.jpk-force-map;545;0.142;7.801310208055;[2.5e-05, 2.5e-05];[32, 32];1.62693806837833E-05;paraboloid;0.000000032;False;;False;8.03130906741795E-08;1502857.69826608;-4.53398407144219E-12;;0.5;;-3.08888364604573E-20;6.8825023972706E-22;2.62345238136136E-11;0.957233369950277;5.56591766256468E-09;1.85530588752156E-09;1.26857798844581E-05;1.9943655316732E-08;paraboloid;0.000000032;analytical;False;;False;1;347292.980998586;-0.000491402752271386;0.0100000031207779;-7.7510238816831E-11;0.5;5,00E-07;5;156;1.65273420053461E-11;5.91923591739764E-20;2.4329479890449E-10;0.969095151176013;7.65489138942396E-08;1.91372284735599E-08;9.73397664518892E-05;9.65801516114124E-05
C:/Users/rlolo/Documents/Thèse/MEB et AFM/AFM/Résultats AFM Dynamo/06062025/Plaque hydrophobique_ethanol_PEI 0.5_Incubation 1h/cell2/force mapp/map-data-2025.06.06-11.56.16.356.jpk-force-map;map-data-2025.06.06-11.56.16.356.jpk-force-map;546;0.142;7.801310208055;[2.5e-05, 2.5e-05];[32, 32];1.62770443691995E-05;paraboloid;0.000000032;False;;False;8.49366584178562E-08;5390073.97383797;-1.26328617073321E-12;;0.5;;-8.50653333897457E-20;6.06808654601589E-22;2.46334864483611E-11;0.951933895828375;1.63286142232E-09;5.44287140773333E-10;1.29622165864924E-05;9.02324417031575E-09;paraboloid;0.000000032;analytical;False;;False;1;364365.502393053;-0.000637507098466827;0.0100002132294558;-2.72146486569366E-11;0.5;5,00E-07;5;156;3.42205272521058E-11;1.27753624014603E-19;3.57426389644921E-10;0.955906764657437;6.54594667427539E-07;1.63648666856885E-07;9.68101107677504E-05;9.62086109170651E-05
C:/Users/rlolo/Documents/Thèse/MEB et AFM/AFM/Résultats AFM Dynamo/06062025/Plaque hydrophobique_ethanol_PEI 0.5_Incubation 1h/cell2/force mapp/map-data-2025.06.06-11.56.16.356.jpk-force-map;map-data-2025.06.06-11.56.16.356.jpk-force-map;547;0.142;7.801310208055;[2.5e-05, 2.5e-05];[32, 32];1.62844005610651E-05;paraboloid;0.000000032;False;;False;8.96504411288061E-08;13724907.077167;-3.1607103871904E-12;;0.5;;-5.6224184561171E-19;7.77692633486435E-22;2.78871410059625E-11;0.921375654278313;2.26808576345317E-09;7.56028587817722E-10;1.31149935744654E-05;4.23869284857292E-09;paraboloid;0.000000032;analytical;False;;False;1;517386.83015721;-0.000598723709884567;0.0100647404170851;4.23577129827201E-11;0.5;5,00E-07;5;154;8.75019224365384E-11;2.15767281129707E-19;4.64507568431029E-10;0.946519441362284;8.28283699854909E-07;2.07070924963727E-07;9.64760246754937E-05;9.60321923291875E-05
C:/Users/rlolo/Documents/Thèse/MEB et AFM/AFM/Résultats AFM Dynamo/06062025/Plaque hydrophobique_ethanol_PEI 0.5_Incubation 1h/cell2/force mapp/map-data-2025.06.06-11.56.16.356.jpk-force-map;map-data-2025.06.06-11.56.16.356.jpk-force-map;548;0.142;7.801310208055;[2.5e-05, 2.5e-05];[32, 32];1.62903375519276E-05;paraboloid;0.000000032;False;;False;8.13614626609618E-08;284735.334222112;9.86727218423406E-13;;0.5;;-1.10642520249157E-20;6.07434313526507E-22;2.4646182534553E-11;0.981253004351246;-6.94701463192551E-10;-2.31567154397517E-10;1.33573221457276E-05;6.15553558716548E-08;paraboloid;0.000000032;analytical;False;;False;1;176674.114590213;-0.000402451625105967;0.010000000007608;-7.68453783012238E-11;0.5;5,00E-07;5;161;1.61780422299654E-11;3.18392353146867E-20;1.78435521448748E-10;0.96008538019789;1.92337084457733E-08;4.80842711144332E-09;9.61366528527012E-05;9.57132881755447E-05
C:/Users/rlolo/Documents/Thèse/MEB et AFM/AFM/Résultats AFM Dynamo/06062025/Plaque hydrophobique_ethanol_PEI 0.5_Incubation 1h/cell2/force mapp/map-data-2025.06.06-11.56.16.356.jpk-force-map;map-data-2025.06.06-11.56.16.356.jpk-force-map;549;0.142;7.801310208055;[2.5e-05, 2.5e-05];[32, 32];1.6294784381737E-05;paraboloid;0.000000032;False;;False;9.43761383255604E-08;1824310.7845274;-7.05677643547926E-13;;0.5;;-5.82993934628317E-20;6.91457742969053E-22;2.62955840963659E-11;0.953976761168028;1.04111931414086E-09;3.47039771380287E-10;1.33769544262691E-05;1.75212538849616E-08;paraboloid;0.000000032;analytical;False;;False;1;281662.735182805;-0.000616391916209168;0.0100000046336583;4.69108683056477E-11;0.5;5,00E-07;5;156;7.4018141711326E-11;8.14381451478319E-20;2.8537369386093E-10;0.951910315083876;-1.17173296770102E-07;-2.92933241925256E-08;9.59675270714869E-05;9.56288881604799E-05
C:/Users/rlolo/Documents/Thèse/MEB et AFM/AFM/Résultats AFM Dynamo/06062025/Plaque hydrophobique_ethanol_PEI 0.5_Incubation 1h/cell2/force mapp/map-data-2025.06.06-11.56.16.356.jpk-force-map;map-data-2025.06.06-11.56.16.356.jpk-force-map;550;0.142;7.801310208055;[2.5e-05, 2.5e-05];[32, 32];1.62991839048463E-05;paraboloid;0.000000032;False;;False;8.39813933854255E-08;3494731.39119319;2.43361037403584E-12;;0.5;;-1.63866010270655E-19;1.28022770101605E-21;3.57802697169271E-11;0.901596547293485;-3.56800120875876E-09;-1.18933373625292E-09;1.34203110169108E-05;1.06546394887779E-08;paraboloid;0.000000032;analytical;False;;False;1;435223.424720002;-0.000656414630017459;0.0100000231827403;1.03859471152134E-10;0.5;5,00E-07;5;154;1.30110402948169E-10;2.016075502633E-19;4.49007294220595E-10;0.940566602663033;7.08216853520086E-08;1.77054213380021E-08;9.58295394242689E-05;9.55818136525966E-05
C:/Users/rlolo/Documents/Thèse/MEB et AFM/AFM/Résultats AFM Dynamo/06062025/Plaque hydrophobique_ethanol_PEI 0.5_Incubation 1h/cell2/force mapp/map-data-2025.06.06-11.56.16.356.jpk-force-map;map-data-2025.06.06-11.56.16.356.jpk-force-map;551;0.142;7.801310208055;[2.5e-05, 2.5e-05];[32, 32];1.63019276934521E-05;paraboloid;0.000000032;False;;False;8.36608500706627E-08;2039849.52589852;9.01269051977408E-12;;0.5;;-1.81845320909157E-19;1.24315781136271E-21;3.52584431216511E-11;0.919246493847753;-7.22225362373202E-09;-2.40741787457734E-09;1.34760619629786E-05;1.66170709107919E-08;paraboloid;0.000000032;analytical;False;;False;1;401752.821394867;-0.000515486184021115;0.0100001484018715;1.25825079818133E-10;0.5;5,00E-07;5;157;1.36223991890244E-10;1.18016366581064E-19;3.43535102400125E-10;0.966332928813596;3.32331971439043E-08;8.30829928597608E-09;9.57258774805903E-05;9.54757148098534E-05
C:/Users/rlolo/Documents/Thèse/MEB et AFM/AFM/Résultats AFM Dynamo/06062025/Plaque hydrophobique_ethanol_PEI 0.5_Incubation 1h/cell2/force mapp/map-data-2025.06.06-11.56.16.356.jpk-force-map;map-data-2025.06.06-11.56.16.356.jpk-force-map;552;0.142;7.801310208055;[2.5e-05, 2.5e-05];[32, 32];1.63034888145554E-05;paraboloid;0.000000032;False;;False;7.5967274272894E-08;802023.493788168;5.95675712579802E-12;;0.5;;-1.50758660675473E-19;1.34825051014683E-21;3.67185308821967E-11;0.918297074675122;-6.52441940639652E-09;-2.17480646879884E-09;1.33633537499904E-05;2.78615834648393E-08;paraboloid;0.000000032;analytical;False;;False;1;420373.755263615;-0.000427155116054101;0.0100000000047074;2.3794327067281E-11;0.5;5,00E-07;5;157;5.28362784237383E-11;9.90973181334419E-20;3.14797265130182E-10;0.961666872751762;4.19702222767456E-08;1.04925555691864E-08;9.58411355483237E-05;9.56358353311936E-05
C:/Users/rlolo/Documents/Thèse/MEB et AFM/AFM/Résultats AFM Dynamo/06062025/Plaque hydrophobique_ethanol_PEI 0.5_Incubation 1h/cell2/force mapp/map-data-2025.06.06-11.56.16.356.jpk-force-map;map-data-2025.06.06-11.56.16.356.jpk-force-map;553;0.142;7.801310208055;[2.5e-05, 2.5e-05];[32, 32];1.63034415078553E-05;paraboloid;0.000000032;False;;False;-9.06496914096061E-10;95826.6237712282;7.34522740945231E-12;;0.5;;-1.2678560609206E-19;2.90985458811586E-21;5.39430680265394E-11;0.899710897434792;-7.93852427296027E-09;-2.64617475765342E-09;1.32894606844342E-05;1.01287484203584E-07;paraboloid;0.000000032;analytical;False;;False;1;449391.062399464;0.000268270963267123;0.0100000000073969;1.1703623774718E-11;0.5;5,00E-07;5;146;7.47754995242129E-11;1.17878220777575E-19;3.43333978478064E-10;0.959777568558995;-1.21506475000355E-08;-3.03766187500888E-09;9.59692884765504E-05;9.57772161603549E-05
C:/Users/rlolo/Documents/Thèse/MEB et AFM/AFM/Résultats AFM Dynamo/06062025/Plaque hydrophobique_ethanol_PEI 0.5_Incubation 1h/cell2/force mapp/map-data-2025.06.06-11.56.16.356.jpk-force-map;map-data-2025.06.06-11.56.16.356.jpk-force-map;554;0.142;7.801310208055;[2.5e-05, 2.5e-05];[32, 32];1.63029447875043E-05;paraboloid;0.000000032;False;;False;-4.25700124738712E-08;60201.654551195;2.10535016982925E-12;;0.5;;-1.9350383307602E-19;2.90514481787278E-21;5.38993953386565E-11;0.917007295509241;6.90255025305454E-10;2.30085008435151E-10;1.31562450169526E-05;1.3743916674766E-07;paraboloid;0.000000032;analytical;False;;False;1;424498.074853777;0.000674477618270379;0.0100000000031762;-4.13444378912176E-11;0.5;5,00E-07;5;152;2.72906790399393E-11;6.53457741529272E-20;2.55628195144681E-10;0.977900316236552;8.00290895464754E-09;2.00072723866188E-09;9.61804689011689E-05;9.59629639858143E-05
C:/Users/rlolo/Documents/Thèse/MEB et AFM/AFM/Résultats AFM Dynamo/06062025/Plaque hydrophobique_ethanol_PEI 0.5_Incubation 1h/cell2/force mapp/map-data-2025.06.06-11.56.16.356.jpk-force-map;map-data-2025.06.06-11.56.16.356.jpk-force-map;555;0.142;7.801310208055;[2.5e-05, 2.5e-05];[32, 32];1.63024953738533E-05;paraboloid;0.000000032;False;;False;-4.05348467186815E-08;56455.7447478401;1.60006651280978E-11;;0.5;;-1.63244449870425E-19;2.74904816421514E-21;5.2431366224953E-11;0.939340896495264;-1.32567512379789E-08;-4.41891707932629E-09;1.30576342005941E-05;1.549411764429E-07;paraboloid;0.000000032;analytical;False;;False;1;294265.431962056;0.000651905030435475;0.0100000005423263;2.03309721539877E-11;0.5;5,00E-07;5;153;2.99663277629797E-11;5.24608841739332E-20;2.29043411112246E-10;0.970673641549129;1.87845599481653E-08;4.69613998704132E-09;9.63874014537499E-05;9.61677442571124E-05
C:/Users/rlolo/Documents/Thèse/MEB et AFM/AFM/Résultats AFM Dynamo/06062025/Plaque hydrophobique_ethanol_PEI 0.5_Incubation 1h/cell2/force mapp/map-data-2025.06.06-11.56.16.356.jpk-force-map;map-data-2025.06.06-11.56.16.356.jpk-force-map;556;0.142;7.801310208055;[2.5e-05, 2.5e-05];[32, 32];1.6299018331396E-05;paraboloid;0.000000032;False;;False;6.21808057302006E-08;433710.916721232;1.00007391690376E-11;;0.5;;-1.9303519999185E-19;2.35296540869474E-21;4.85073747866728E-11;0.878804548272003;-7.31108117828531E-09;-2.43702705942844E-09;1.28358840438754E-05;4.00066851913609E-08;paraboloid;0.000000032;analytical;False;;False;1;416784.8742542;-0.000378513673027329;0.0100000000050077;6.51415109890406E-11;0.5;5,00E-07;5;159;1.09376491585593E-10;1.63216250614284E-19;4.04000310166074E-10;0.953389321551675;1.53439437199531E-07;3.83598592998829E-08;9.66748444825034E-05;9.64029257288425E-05
C:/Users/rlolo/Documents/Thèse/MEB et AFM/AFM/Résultats AFM Dynamo/06062025/Plaque hydrophobique_ethanol_PEI 0.5_Incubation 1h/cell2/force mapp/map-data-2025.06.06-11.56.16.356.jpk-force-map;map-data-2025.06.06-11.56.16.356.jpk-force-map;557;0.142;7.801310208055;[2.5e-05, 2.5e-05];[32, 32];1.62945478482365E-05;paraboloid;0.000000032;False;;False;5.94201162078716E-08;143091.345942551;3.34233416760948E-12;;0.5;;-5.13133523554816E-20;1.48341649112652E-21;3.85151462560707E-11;0.948782829167371;-1.53385315861314E-09;-5.1128438620438E-10;1.26187226370663E-05;8.46108398502975E-08;paraboloid;0.000000032;analytical;False;;False;1;320596.884854296;2.83556386365593E-05;0.0100000000048205;-3.90325852505252E-11;0.5;5,00E-07;5;165;6.11061108054687E-11;9.66469233196124E-20;3.10880882846811E-10;0.955037418358579;-3.40125924505089E-09;-8.50314811262722E-10;9.70257130601142E-05;9.67211477529388E-05
C:/Users/rlolo/Documents/Thèse/MEB et AFM/AFM/Résultats AFM Dynamo/06062025/Plaque hydrophobique_ethanol_PEI 0.5_Incubation 1h/cell2/force mapp/map-data-2025.06.06-11.56.16.356.jpk-force-map;map-data-2025.06.06-11.56.16.356.jpk-force-map;558;0.142;7.801310208055;[2.5e-05, 2.5e-05];[32, 32];1.62889656576247E-05;paraboloid;0.000000032;False;;False;3.22375148728181E-08;186574.550436854;-1.32168362905336E-12;;0.5;;-1.14740847906426E-19;2.3222979865282E-21;4.81902270852525E-11;0.907048654859393;3.2988827839511E-09;1.09962759465037E-09;1.22761275149421E-05;6.83585151838591E-08;paraboloid;0.000000032;analytical;False;;False;1;420909.110386196;-4.79407145304103E-05;0.0100000000000171;2.29893408801362E-11;0.5;5,00E-07;5;163;7.55407879713967E-11;1.14562902992091E-19;3.38471421233892E-10;0.965581442157706;-1.27165733003566E-07;-3.17914332508915E-08;9.7375147830838E-05;9.69918972824681E-05
C:/Users/rlolo/Documents/Thèse/MEB et AFM/AFM/Résultats AFM Dynamo/06062025/Plaque hydrophobique_ethanol_PEI 0.5_Incubation 1h/cell2/force mapp/map-data-2025.06.06-11.56.16.356.jpk-force-map;map-data-2025.06.06-11.56.16.356.jpk-force-map;559;0.142;7.801310208055;[2.5e-05, 2.5e-05];[32, 32];1.62806869851072E-05;paraboloid;0.000000032;False;;False;-5.52742679278696E-08;53867.8631060656;-6.31377471536285E-12;;0.5;;-1.48237791180181E-19;2.61221688529921E-21;5.11098511570833E-11;0.936588573065956;8.0989966018801E-09;2.69966553396003E-09;1.1899991942447E-05;1.53717980568455E-07;paraboloid;0.000000032;analytical;False;;False;1;231702.379418993;0.000625990708393358;0.0100000000474803;-5.32698304672461E-11;0.5;5,00E-07;5;154;8.69669093353441E-12;2.92137927959914E-20;1.70920428258273E-10;0.980914083282852;7.79516394947943E-09;1.94879098736986E-09;9.77503474781938E-05;9.73284242269202E-05
C:/Users/rlolo/Documents/Thèse/MEB et AFM/AFM/Résultats AFM Dynamo/06062025/Plaque hydrophobique_ethanol_PEI 0.5_Incubation 1h/cell2/force mapp/map-data-2025.06.06-11.56.16.356.jpk-force-map;map-data-2025.06.06-11.56.16.356.jpk-force-map;560;0.142;7.801310208055;[2.5e-05, 2.5e-05];[32, 32];1.6166559571116E-05;paraboloid;0.000000032;False;;False;-3.47098156828242E-08;52661.3120007315;-6.96966915180846E-12;;0.5;;-7.72986180626824E-20;1.81256317636927E-21;4.25742078771793E-11;0.969725930983418;1.09211655734416E-10;3.64038852448055E-11;1.14975538446963E-05;1.75666940507911E-07;paraboloid;0.000000032;analytical;False;;False;1;122924.171797361;0.000573262802182461;0.0100000000064531;-6.82198726977316E-11;0.5;5,00E-07;5;156;-2.52200826775047E-16;7.70041876895238E-21;8.77520299990398E-11;0.988593755689687;6.74495067036953E-09;1.68623766759238E-09;9.98606593750919E-05;9.7581895631275E-05
C:/Users/rlolo/Documents/Thèse/MEB et AFM/AFM/Résultats AFM Dynamo/06062025/Plaque hydrophobique_ethanol_PEI 0.5_Incubation 1h/cell2/force mapp/map-data-2025.06.06-11.56.16.356.jpk-force-map;map-data-2025.06.06-11.56.16.356.jpk-force-map;561;0.142;7.801310208055;[2.5e-05, 2.5e-05];[32, 32];1.56625303349005E-05;paraboloid;0.000000032;False;;False;-1.97920944702863E-07;22684.4984526905;-8.68962268785122E-13;;0.5;;-2.00944552343966E-19;4.30736940497281E-21;6.56305523744301E-11;0.943165454954484;5.77918265549985E-09;1.92639421849995E-09;1.09371823286618E-05;2.86821018402995E-07;paraboloid;0.000000032;analytical;False;;False;1;71322.4933354407;0.00136715799285289;0.0191323469382534;-2.50844159895113E-11;0.5;5,00E-07;5;151;4.87499065487179E-11;1.2493067561052E-20;1.1177239176582E-10;0.978692053481448;-1.1512177331162E-08;-2.87804433279049E-09;0.000100829027526139;9.7729019468586E-05
C:/Users/rlolo/Documents/Thèse/MEB et AFM/AFM/Résultats AFM Dynamo/06062025/Plaque hydrophobique_ethanol_PEI 0.5_Incubation 1h/cell2/force mapp/map-data-2025.06.06-11.56.16.356.jpk-force-map;map-data-2025.06.06-11.56.16.356.jpk-force-map;562;0.142;7.801310208055;[2.5e-05, 2.5e-05];[32, 32];1.50604106560277E-05;paraboloid;0.000000032;False;;False;-1.3016328605659E-07;30236.6044077891;-1.49252228775483E-12;;0.5;;-1.90960390817972E-19;3.01480962712827E-21;5.49072820956226E-11;0.940572994895134;5.24408945286597E-09;1.74802981762199E-09;1.03333123018853E-05;2.20608353094669E-07;paraboloid;0.000000032;analytical;False;;False;1;163198.611373388;0.00115869358822698;0.0100000000073268;-6.65062945664425E-11;0.5;5,00E-07;5;160;1.00142406651541E-11;1.89064887511901E-20;1.37500868183405E-10;0.976865614293504;2.01270713527282E-08;5.03176783818205E-09;0.000100803008841084;9.7762134158656E-05
C:/Users/rlolo/Documents/Thèse/MEB et AFM/AFM/Résultats AFM Dynamo/06062025/Plaque hydrophobique_ethanol_PEI 0.5_Incubation 1h/cell2/force mapp/map-data-2025.06.06-11.56.16.356.jpk-force-map;map-data-2025.06.06-11.56.16.356.jpk-force-map;563;0.142;7.801310208055;[2.5e-05, 2.5e-05];[32, 32];1.4279992024478E-05;paraboloid;0.000000032;False;;False;-2.24297707283677E-07;17771.1409800594;1.57268171965425E-11;;0.5;;-1.28776853463345E-19;2.75490309699209E-21;5.24871707847936E-11;0.970201499951947;-1.16138454594594E-08;-3.87128181981981E-09;9.58671796090705E-06;3.50934612155322E-07;paraboloid;0.000000032;analytical;False;;False;1;32881.310248065;0.00110455591759132;0.0252887146486;9.24782850848085E-12;0.5;5,00E-07;5;156;4.96601282585187E-11;1.62693653749241E-20;1.2755142247315E-10;0.953101421453056;-2.21957042611325E-08;-5.54892606528312E-09;0.000100754282939981;9.782552513679E-05
C:/Users/rlolo/Documents/Thèse/MEB et AFM/AFM/Résultats AFM Dynamo/06062025/Plaque hydrophobique_ethanol_PEI 0.5_Incubation 1h/cell2/force mapp/map-data-2025.06.06-11.56.16.356.jpk-force-map;map-data-2025.06.06-11.56.16.356.jpk-force-map;564;0.142;7.801310208055;[2.5e-05, 2.5e-05];[32, 32];1.33167803037419E-05;paraboloid;0.000000032;False;;False;-5.70730121985101E-07;5060.03781147336;1.08885010679275E-10;;0.5;;-7.20806518865916E-21;2.67237215543788E-21;5.16949915894943E-11;0.980312955580926;2.69175070715947E-08;8.97250235719823E-09;8.73685309361055E-06;8.11064457302319E-07;paraboloid;0.000000032;analytical;False;;False;1;3162.67237793641;0.00120337625608838;0.132116844843844;3.42624899113887E-11;0.5;5,00E-07;5;152;8.42352681632689E-11;2.22194407751121E-20;1.49061868950822E-10;0.921079486534268;6.54847802390289E-08;1.63711950597572E-08;0.000100705083971877;9.7809440858756E-05
C:/Users/rlolo/Documents/Thèse/MEB et AFM/AFM/Résultats AFM Dynamo/06062025/Plaque hydrophobique_ethanol_PEI 0.5_Incubation 1h/cell2/force mapp/map-data-2025.06.06-11.56.16.356.jpk-force-map;map-data-2025.06.06-11.56.16.356.jpk-force-map;565;0.142;7.801310208055;[2.5e-05, 2.5e-05];[32, 32];1.17350807858984E-05;paraboloid;0.000000032;False;;False;-1.83233985638239E-06;1049.34317037437;2.61578461772372E-10;;0.5;;-2.4663321863956E-17;2.83277195095909E-21;5.3223791211817E-11;0.933938700158266;3.41166296796693E-09;1.13722098932231E-09;7.0800541893583E-06;1.99756087087959E-06;paraboloid;0.000000032;analytical;False;;False;1;256.129065474878;-0.00145564554405572;0.304669479582661;-7.00893625041663E-11;0.5;5,00E-07;5;152;1.76658621874705E-10;2.25291416664418E-19;4.74648729761724E-10;0.599346762773687;-4.14634925358563E-08;-1.03658731339641E-08;0.000100575936680604;9.7787206709709E-05
C:/Users/rlolo/Documents/Thèse/MEB et AFM/AFM/Résultats AFM Dynamo/06062025/Plaque hydrophobique_ethanol_PEI 0.5_Incubation 1h/cell2/force mapp/map-data-2025.06.06-11.56.16.356.jpk-force-map;map-data-2025.06.06-11.56.16.356.jpk-force-map;566;0.142;7.801310208055;[2.5e-05, 2.5e-05];[32, 32];1.00930179187273E-05;paraboloid;0.000000032;False;;False;-7.92612079037596E-07;4280.48346882777;2.28949974229074E-10;;0.5;;1.08305459338595E-20;1.65726440612134E-21;4.07095124770776E-11;0.988701656072746;3.66511652392129E-09;1.22170550797376E-09;5.4099384490279E-06;9.28616341012394E-07;paraboloid;0.000000032;analytical;False;;False;1;2319.74453296802;0.000746448199441752;0.13714030720287;3.62042340201311E-12;0.5;5,00E-07;5;149;1.04357736717335E-10;3.82231957094687E-20;1.95507533638652E-10;0.885205982768105;-2.82151924364082E-08;-7.05379810910204E-09;0.000100590128690634;9.7803764054744E-05
C:/Users/rlolo/Documents/Thèse/MEB et AFM/AFM/Résultats AFM Dynamo/06062025/Plaque hydrophobique_ethanol_PEI 0.5_Incubation 1h/cell2/force mapp/map-data-2025.06.06-11.56.16.356.jpk-force-map;map-data-2025.06.06-11.56.16.356.jpk-force-map;567;0.142;7.801310208055;[2.5e-05, 2.5e-05];[32, 32];6.63809134367405E-06;paraboloid;0.000000032;False;;False;-7.05074723467369E-07;2812.77664847469;4.36716866805786E-10;;0.5;;-3.91965317827665E-19;9.70438924226345E-21;9.85108584992713E-11;0.837237370241196;1.44728604381242E-08;4.82428681270806E-09;1.9784996505743E-06;8.58743496233923E-07;paraboloid;0.000000032;analytical;False;;False;1;22.68219329703;-0.0262043480412247;0.455967322497097;-4.64187401995438E-10;0.5;5,00E-07;5;145;3.10072946870808E-10;2.45710293175938E-19;4.95691732002802E-10;0.588468602378194;-5.92152829737547E-08;-1.48038207434387E-08;0.0001003375109121;9.7674616763471E-05
C:/Users/rlolo/Documents/Thèse/MEB et AFM/AFM/Résultats AFM Dynamo/06062025/Plaque hydrophobique_ethanol_PEI 0.5_Incubation 1h/cell2/force mapp/map-data-2025.06.06-11.56.16.356.jpk-force-map;map-data-2025.06.06-11.56.16.356.jpk-force-map;568;0.142;7.801310208055;[2.5e-05, 2.5e-05];[32, 32];1.07492328091645E-05;paraboloid;0.000000032;False;;False;-5.95540807139424E-06;1301.45584342871;-5.95676447783426E-09;;0.5;;-5.60843224810412E-15;2.74258966651218E-20;1.65607658835942E-10;0.862224979736537;1.298052564089E-08;4.32684188029665E-09;6.81492378864785E-06;6.80680736088837E-06;paraboloid;0.000000032;analytical;False;;False;1;158.01547427358;-0.0597500806882604;0.0100000000074021;7.14678626728689E-11;0.5;5,00E-07;5;152;-7.06011148139963E-11;4.61205120893403E-19;6.79120844101699E-10;-0.253773847906731;6.05166529695005E-07;1.51291632423751E-07;8.74453545249493E-05;9.7174584943414E-05
C:/Users/rlolo/Documents/Thèse/MEB et AFM/AFM/Résultats AFM Dynamo/06062025/Plaque hydrophobique_ethanol_PEI 0.5_Incubation 1h/cell2/force mapp/map-data-2025.06.06-11.56.16.356.jpk-force-map;map-data-2025.06.06-11.56.16.356.jpk-force-map;569;0.142;7.801310208055;[2.5e-05, 2.5e-05];[32, 32];5.733563584412E-06;paraboloid;0.000000032;False;;False;-7.05887126056862E-07;2260.78094792315;5.48841352887615E-11;;0.5;;-6.4168073968553E-19;3.59785375789806E-21;5.99821119826408E-11;0.878245585032121;4.55340275865883E-09;1.51780091955294E-09;1.01280432808295E-06;7.94233298075961E-07;paraboloid;0.000000032;analytical;False;;False;1;455756.979377455;0.00721795576086035;0.0100000127803289;2.77942442284643E-11;0.5;5,00E-07;5;156;4.12039630179108E-15;1.12756561038625E-19;3.35792437435129E-10;0.961866988466504;-4.4667570758794E-09;-1.11668926896985E-09;0.000100153960915712;9.7630621532378E-05
C:/Users/rlolo/Documents/Thèse/MEB et AFM/AFM/Résultats AFM Dynamo/06062025/Plaque hydrophobique_ethanol_PEI 0.5_Incubation 1h/cell2/force mapp/map-data-2025.06.06-11.56.16.356.jpk-force-map;map-data-2025.06.06-11.56.16.356.jpk-force-map;570;0.142;7.801310208055;[2.5e-05, 2.5e-05];[32, 32];5.7123228760671E-06;paraboloid;0.000000032;False;;False;-4.91598793571818E-07;2216.72693678162;4.62453281362608E-11;;0.5;;-6.64313207525749E-19;5.73262469132249E-21;7.57140983656445E-11;0.612523854699477;1.68932929482896E-08;5.63109764942988E-09;1.0092326722254E-06;5.83454538807731E-07;paraboloid;0.000000032;analytical;False;;False;1;454604.157250688;0.00517657483741541;0.0100000000634722;-2.34509117128002E-11;0.5;5,00E-07;5;152;-1.84697887611059E-19;8.57428680029642E-20;2.92818831366707E-10;0.975378819043277;2.18094842843917E-08;5.45237107109793E-09;9.9644940822636E-05;9.7374219217836E-05
C:/Users/rlolo/Documents/Thèse/MEB et AFM/AFM/Résultats AFM Dynamo/06062025/Plaque hydrophobique_ethanol_PEI 0.5_Incubation 1h/cell2/force mapp/map-data-2025.06.06-11.56.16.356.jpk-force-map;map-data-2025.06.06-11.56.16.356.jpk-force-map;571;0.142;7.801310208055;[2.5e-05, 2.5e-05];[32, 32];5.69886411988865E-06;paraboloid;0.000000032;False;;False;-7.73968461413883E-07;2199.80865783331;8.9093154389086E-11;;0.5;;-1.67604452409321E-19;2.30572346653467E-21;4.80179494203435E-11;0.931969868171827;5.64707215268601E-09;1.88235738422867E-09;9.98990771653752E-07;8.65513981121909E-07;paraboloid;0.000000032;analytical;False;;False;1;402212.543334539;0.00796766933490992;0.0100000000004509;6.33640380076809E-11;0.5;5,00E-07;5;150;-4.74537649610575E-19;6.3721595296297E-20;2.52431367496785E-10;0.972035551955622;1.51420459885093E-08;3.78551149712734E-09;9.9642575487631E-05;9.7270144477616E-05
C:/Users/rlolo/Documents/Thèse/MEB et AFM/AFM/Résultats AFM Dynamo/06062025/Plaque hydrophobique_ethanol_PEI 0.5_Incubation 1h/cell2/force mapp/map-data-2025.06.06-11.56.16.356.jpk-force-map;map-data-2025.06.06-11.56.16.356.jpk-force-map;572;0.142;7.801310208055;[2.5e-05, 2.5e-05];[32, 32];5.68060373365005E-06;paraboloid;0.000000032;False;;False;-8.81409968554754E-07;1432.50316915827;3.20492016700654E-10;;0.5;;-9.01003669207717E-18;3.4661819523793E-21;5.88742894002068E-11;0.842785469769497;6.34337030065543E-09;2.11445676688514E-09;9.82835533569602E-07;9.72082713998626E-07;paraboloid;0.000000032;analytical;False;;False;1;391563.732482911;0.00890086522488877;0.0100000009963744;1.22249385127182E-10;0.5;5,00E-07;5;158;-4.20751529862915E-14;1.42686877984228E-19;3.77739166600748E-10;0.94518987747331;6.36840968997693E-09;1.59210242249423E-09;9.9699816594752E-05;9.7230406849532E-05
C:/Users/rlolo/Documents/Thèse/MEB et AFM/AFM/Résultats AFM Dynamo/06062025/Plaque hydrophobique_ethanol_PEI 0.5_Incubation 1h/cell2/force mapp/map-data-2025.06.06-11.56.16.356.jpk-force-map;map-data-2025.06.06-11.56.16.356.jpk-force-map;573;0.142;7.801310208055;[2.5e-05, 2.5e-05];[32, 32];5.6690372454756E-06;paraboloid;0.000000032;False;;False;-2.75204489256367E-08;32117.7624521125;5.66746679022225E-10;;0.5;;-6.55503519315526E-19;4.5864554120091E-21;6.77233741924389E-11;0.672602256060061;8.69935288306226E-09;2.89978429435409E-09;9.94378368394002E-07;1.40820403779956E-07;paraboloid;0.000000032;analytical;False;;False;1;443268.856843416;0.000798458566796164;0.0100000000074022;7.63277821088903E-11;0.5;5,00E-07;5;154;1.2145497212877E-10;1.27057222384767E-19;3.56450869524493E-10;0.972001832894183;-1.93408631376166E-08;-4.83521578440416E-09;9.964683309064E-05;9.7210064968489E-05
C:/Users/rlolo/Documents/Thèse/MEB et AFM/AFM/Résultats AFM Dynamo/06062025/Plaque hydrophobique_ethanol_PEI 0.5_Incubation 1h/cell2/force mapp/map-data-2025.06.06-11.56.16.356.jpk-force-map;map-data-2025.06.06-11.56.16.356.jpk-force-map;574;0.142;7.801310208055;[2.5e-05, 2.5e-05];[32, 32];5.65288200739145E-06;paraboloid;0.000000032;False;;False;-8.55296670084448E-07;729.002369333067;4.77533942563078E-10;;0.5;;-9.85801540679217E-18;2.07141078460548E-21;4.55127540872389E-11;0.687290012543417;2.67218622012424E-09;8.90728740041413E-10;9.61571171874652E-07;9.51591479766065E-07;paraboloid;0.000000032;analytical;False;;False;1;401476.76638959;0.00881151786005804;0.0100000000074023;3.21648548059387E-11;0.5;5,00E-07;5;157;9.36226537903709E-12;8.71453924879946E-20;2.95203984539495E-10;0.966028919623293;2.86741828137845E-08;7.16854570344614E-09;9.9697924326748E-05;9.7195872958459E-05
C:/Users/rlolo/Documents/Thèse/MEB et AFM/AFM/Résultats AFM Dynamo/06062025/Plaque hydrophobique_ethanol_PEI 0.5_Incubation 1h/cell2/force mapp/map-data-2025.06.06-11.56.16.356.jpk-force-map;map-data-2025.06.06-11.56.16.356.jpk-force-map;575;0.142;7.801310208055;[2.5e-05, 2.5e-05];[32, 32];5.6516756865389E-06;paraboloid;0.000000032;False;;False;7.72484112916415E-08;1373703.43391703;5.65871947041049E-10;;0.5;;-4.79061505742762E-19;4.20409400498833E-21;6.48389852248501E-11;0.400314476353691;8.25836462210053E-09;2.75278820736684E-09;9.54522473559752E-07;1.33099515871034E-08;paraboloid;0.000000032;analytical;False;;False;1;426380.495204605;-0.000533238677969766;0.01000002989405;7.64273829966219E-11;0.5;5,00E-07;5;157;1.15431117291996E-10;1.41604252439875E-19;3.76303404767849E-10;0.966898649217837;7.19019926711447E-08;1.79754981677862E-08;9.9548908221433E-05;9.718688468544E-05
C:/Users/rlolo/Documents/Thèse/MEB et AFM/AFM/Résultats AFM Dynamo/06062025/Plaque hydrophobique_ethanol_PEI 0.5_Incubation 1h/cell2/force mapp/map-data-2025.06.06-11.56.16.356.jpk-force-map;map-data-2025.06.06-11.56.16.356.jpk-force-map;576;0.142;7.801310208055;[2.5e-05, 2.5e-05];[32, 32];5.6453365887255E-06;paraboloid;0.000000032;False;;False;8.42631846255154E-08;9087900.38345407;-1.52064253136732E-11;;0.5;;-2.6684232043759E-19;7.23788473284493E-22;2.69033171427706E-11;0.932898765341768;1.05845030628727E-08;3.52816768762423E-09;9.48348949196702E-07;5.77702593551729E-09;paraboloid;0.000000032;analytical;False;;False;1;471504.135895878;-0.000538479513900975;0.0110872171746124;4.0118855264603E-11;0.5;5,00E-07;5;157;1.07589457423084E-10;1.74172973948826E-19;4.17340357440813E-10;0.968154186024269;-1.55041146616908E-07;-3.87602866542271E-08;9.9612772266568E-05;9.7192561489452E-05
C:/Users/rlolo/Documents/Thèse/MEB et AFM/AFM/Résultats AFM Dynamo/06062025/Plaque hydrophobique_ethanol_PEI 0.5_Incubation 1h/cell2/force mapp/map-data-2025.06.06-11.56.16.356.jpk-force-map;map-data-2025.06.06-11.56.16.356.jpk-force-map;577;0.142;7.801310208055;[2.5e-05, 2.5e-05];[32, 32];5.6497834185349E-06;paraboloid;0.000000032;False;;False;8.84288154483785E-08;7012982.24416076;-1.39825944715652E-11;;0.5;;-1.98383150164001E-19;5.51140091996866E-22;2.34763730588195E-11;0.956834226995365;9.24319831725663E-09;3.08106610575221E-09;9.59560637120401E-07;7.37975603036917E-09;paraboloid;0.000000032;analytical;False;;False;1;453415.157296772;-0.000610607415543536;0.0100004129478867;-3.56128639235146E-11;0.5;5,00E-07;5;157;4.02626887625575E-11;1.69753804794392E-19;4.12011898850497E-10;0.968884566739207;-4.37592245135358E-07;-1.09398061283839E-07;9.9478421238284E-05;9.720580736548E-05
C:/Users/rlolo/Documents/Thèse/MEB et AFM/AFM/Résultats AFM Dynamo/06062025/Plaque hydrophobique_ethanol_PEI 0.5_Incubation 1h/cell2/force mapp/map-data-2025.06.06-11.56.16.356.jpk-force-map;map-data-2025.06.06-11.56.16.356.jpk-force-map;578;0.142;7.801310208055;[2.5e-05, 2.5e-05];[32, 32];5.67227775443245E-06;paraboloid;0.000000032;False;;False;8.7031626364118E-08;28122632.9991566;-1.88534374030827E-11;;0.5;;-5.95163792522803E-19;7.5191032766536E-22;2.74209833460684E-11;0.931580639215547;-2.0551331263386E-08;-6.85044375446201E-09;9.75644915154401E-07;2.83291123193218E-09;paraboloid;0.000000032;analytical;False;;False;1;530947.163713727;-0.000492686786673942;0.0135974107065331;9.05610663644875E-11;0.5;5,00E-07;5;157;1.11156893293038E-10;2.71938732541903E-19;5.21477451614069E-10;0.957476038518943;7.69006697923483E-07;1.92251674480871E-07;9.9256079747814E-05;9.7210064968489E-05
C:/Users/rlolo/Documents/Thèse/MEB et AFM/AFM/Résultats AFM Dynamo/06062025/Plaque hydrophobique_ethanol_PEI 0.5_Incubation 1h/cell2/force mapp/map-data-2025.06.06-11.56.16.356.jpk-force-map;map-data-2025.06.06-11.56.16.356.jpk-force-map;579;0.142;7.801310208055;[2.5e-05, 2.5e-05];[32, 32];5.6895210466189E-06;paraboloid;0.000000032;False;;False;8.51981388906946E-08;12572167.0316913;-1.57936370731148E-11;;0.5;;-1.52474719299782E-19;6.95168113441803E-22;2.63660409132999E-11;0.939304401550432;-8.87806183860653E-09;-2.95935394620218E-09;9.93243007591603E-07;4.97339043663647E-09;paraboloid;0.000000032;analytical;False;;False;1;473227.356361013;-0.000632551834315711;0.0100055126123777;6.38906730073011E-11;0.5;5,00E-07;5;156;1.18026261204139E-10;2.44121382369401E-19;4.94086411844528E-10;0.957328041796355;1.74350198642049E-06;4.35875496605123E-07;9.9304332581916E-05;9.720580736548E-05
C:/Users/rlolo/Documents/Thèse/MEB et AFM/AFM/Résultats AFM Dynamo/06062025/Plaque hydrophobique_ethanol_PEI 0.5_Incubation 1h/cell2/force mapp/map-data-2025.06.06-11.56.16.356.jpk-force-map;map-data-2025.06.06-11.56.16.356.jpk-force-map;580;0.142;7.801310208055;[2.5e-05, 2.5e-05];[32, 32];5.6931636625266E-06;paraboloid;0.000000032;False;;False;8.20501563287573E-08;6230180.5766006;-1.56775495465014E-11;;0.5;;-1.78106995232511E-19;5.82851822637911E-22;2.41423243006532E-11;0.954623888211928;9.04993439501927E-09;3.01664479833976E-09;9.96672743348852E-07;7.86655824230022E-09;paraboloid;0.000000032;analytical;False;;False;1;456406.679493087;-0.000586161856630917;0.0100034442204892;-2.77328801307022E-11;0.5;5,00E-07;5;157;6.77798759708049E-11;1.61710235577639E-19;4.02132112094569E-10;0.969774049842435;2.11094619371491E-07;5.27736548428727E-08;9.946706763026E-05;9.7202968963474E-05
C:/Users/rlolo/Documents/Thèse/MEB et AFM/AFM/Résultats AFM Dynamo/06062025/Plaque hydrophobique_ethanol_PEI 0.5_Incubation 1h/cell2/force mapp/map-data-2025.06.06-11.56.16.356.jpk-force-map;map-data-2025.06.06-11.56.16.356.jpk-force-map;581;0.142;7.801310208055;[2.5e-05, 2.5e-05];[32, 32];5.716060105375E-06;paraboloid;0.000000032;False;;False;8.79024693170019E-08;13726603.8417446;-9.83806522535713E-12;;0.5;;-4.64126371205E-19;7.58385736890699E-22;2.75388042022652E-11;0.92135324736394;1.19200388016576E-08;3.97334626721921E-09;1.0222420147529E-06;4.54719879284997E-09;paraboloid;0.000000032;analytical;False;;False;1;463592.782906059;-0.000630771826306293;0.0100639252094367;4.51077927114837E-11;0.5;5,00E-07;5;157;1.04426633619737E-10;2.20912766151178E-19;4.7001358081568E-10;0.964667979001334;5.54305765834414E-07;1.38576441458603E-07;9.924472613979E-05;9.7176477211418E-05
C:/Users/rlolo/Documents/Thèse/MEB et AFM/AFM/Résultats AFM Dynamo/06062025/Plaque hydrophobique_ethanol_PEI 0.5_Incubation 1h/cell2/force mapp/map-data-2025.06.06-11.56.16.356.jpk-force-map;map-data-2025.06.06-11.56.16.356.jpk-force-map;582;0.142;7.801310208055;[2.5e-05, 2.5e-05];[32, 32];5.723629177391E-06;paraboloid;0.000000032;False;;False;8.58821284703969E-08;10961648.5917182;-1.48706974364521E-11;;0.5;;-5.5402405259335E-19;5.89387518608321E-22;2.42773045993232E-11;0.944371351114122;1.06811589227898E-08;3.56038630759659E-09;1.02832092571575E-06;5.54761061918247E-09;paraboloid;0.000000032;analytical;False;;False;1;481079.917912296;-0.000564158169851271;0.0109031284724689;5.50993477065264E-11;0.5;5,00E-07;5;157;9.55633687631262E-11;1.72936925899993E-19;4.15856857464192E-10;0.971164743523286;1.45345737070727E-07;3.63364342676817E-08;9.943395294019E-05;9.7195399891458E-05
C:/Users/rlolo/Documents/Thèse/MEB et AFM/AFM/Résultats AFM Dynamo/06062025/Plaque hydrophobique_ethanol_PEI 0.5_Incubation 1h/cell2/force mapp/map-data-2025.06.06-11.56.16.356.jpk-force-map;map-data-2025.06.06-11.56.16.356.jpk-force-map;583;0.142;7.801310208055;[2.5e-05, 2.5e-05];[32, 32];5.733563584412E-06;paraboloid;0.000000032;False;;False;8.64556883893227E-08;10899425.1087466;-2.09255485863058E-11;;0.5;;-9.39045078564819E-20;5.41431320130363E-22;2.32686768023101E-11;0.952433172423355;-2.41510364232097E-09;-8.05034547440323E-10;1.03967453373975E-06;5.72962061955037E-09;paraboloid;0.000000032;analytical;False;;False;1;428705.406203792;-0.000640280186211662;0.0100138902552258;3.472609560443E-11;0.5;5,00E-07;5;156;8.71221050513838E-11;2.00560163177969E-19;4.47839439060439E-10;0.95844384943557;5.57101647003843E-07;1.39275411750961E-07;9.9398472915115E-05;9.7181680948429E-05
C:/Users/rlolo/Documents/Thèse/MEB et AFM/AFM/Résultats AFM Dynamo/06062025/Plaque hydrophobique_ethanol_PEI 0.5_Incubation 1h/cell2/force mapp/map-data-2025.06.06-11.56.16.356.jpk-force-map;map-data-2025.06.06-11.56.16.356.jpk-force-map;584;0.142;7.801310208055;[2.5e-05, 2.5e-05];[32, 32];7.3230214010719E-06;paraboloid;0.000000032;False;;False;-5.6892673414788E-07;3012.8803445047;4.1990227163178E-10;;0.5;;-1.71210634135468E-19;2.44868121117152E-21;4.94841511109519E-11;0.965299207060626;4.86028107388929E-09;1.62009369129643E-09;2.87157918841215E-06;9.15394703064493E-07;paraboloid;0.000000032;analytical;False;;False;1;1554.65883958354;0.000894044208876638;0.180689568994157;1.91956987747299E-10;0.5;5,00E-07;5;145;2.89839699196626E-10;2.61330320837454E-19;5.11204773879757E-10;0.518514926173967;-1.00777807653597E-07;-2.51944519133992E-08;9.70968677137628E-05;9.7401657103894E-05
C:/Users/rlolo/Documents/Thèse/MEB et AFM/AFM/Résultats AFM Dynamo/06062025/Plaque hydrophobique_ethanol_PEI 0.5_Incubation 1h/cell2/force mapp/map-data-2025.06.06-11.56.16.356.jpk-force-map;map-data-2025.06.06-11.56.16.356.jpk-force-map;585;0.142;7.801310208055;[2.5e-05, 2.5e-05];[32, 32];;;;;;;;;;;;;;;;;;;;;;;;;;;;;;;;;;;;;;;;;;;
C:/Users/rlolo/Documents/Thèse/MEB et AFM/AFM/Résultats AFM Dynamo/06062025/Plaque hydrophobique_ethanol_PEI 0.5_Incubation 1h/cell2/force mapp/map-data-2025.06.06-11.56.16.356.jpk-force-map;map-data-2025.06.06-11.56.16.356.jpk-force-map;586;0.142;7.801310208055;[2.5e-05, 2.5e-05];[32, 32];1.25300225743788E-05;paraboloid;0.000000032;False;;False;-4.90985116641472E-07;6082.36435952741;1.98072764447302E-10;;0.5;;-1.07865447714478E-19;4.20142979930958E-21;6.4818437186572E-11;0.958251942279033;1.70050776315759E-08;5.6683592105253E-09;7.883180036956E-06;6.56162210866395E-07;paraboloid;0.000000032;analytical;False;;False;1;7099.57492829164;0.00210655687429646;0.103676713703738;9.70791855758344E-11;0.5;5,00E-07;5;155;1.13957435294229E-10;3.69036724729467E-20;1.92103285950415E-10;0.886068417844171;1.4336648114307E-09;3.58416202857675E-10;9.81990296835621E-05;9.7623052460362E-05
C:/Users/rlolo/Documents/Thèse/MEB et AFM/AFM/Résultats AFM Dynamo/06062025/Plaque hydrophobique_ethanol_PEI 0.5_Incubation 1h/cell2/force mapp/map-data-2025.06.06-11.56.16.356.jpk-force-map;map-data-2025.06.06-11.56.16.356.jpk-force-map;587;0.142;7.801310208055;[2.5e-05, 2.5e-05];[32, 32];1.36107441381633E-05;paraboloid;0.000000032;False;;False;-6.38657167547464E-07;5166.13033585662;1.90767586537332E-10;;0.5;;-1.13141983166634E-19;3.21057178169682E-21;5.6661907677882E-11;0.970092511699735;1.04734687651401E-08;3.49115625504669E-09;8.8885420274812E-06;7.36192918500618E-07;paraboloid;0.000000032;analytical;False;;False;1;4672.04174933208;0.00135238889471652;0.103322904955329;1.29705640770715E-10;0.5;5,00E-07;5;146;8.33109917031278E-11;2.33647369797766E-20;1.52855281164167E-10;0.908478341425745;-2.3936168189114E-08;-5.98404204727849E-09;9.77379712794543E-05;9.779241044672E-05
C:/Users/rlolo/Documents/Thèse/MEB et AFM/AFM/Résultats AFM Dynamo/06062025/Plaque hydrophobique_ethanol_PEI 0.5_Incubation 1h/cell2/force mapp/map-data-2025.06.06-11.56.16.356.jpk-force-map;map-data-2025.06.06-11.56.16.356.jpk-force-map;588;0.142;7.801310208055;[2.5e-05, 2.5e-05];[32, 32];1.46103347112763E-05;paraboloid;0.000000032;False;;False;-3.80073311157944E-07;10029.9606610489;5.247451758628E-11;;0.5;;-3.23104259037196E-20;3.55003014995084E-21;5.95821294512947E-11;0.966000230119522;1.71860884441436E-07;5.72869614804788E-08;9.9041695719281E-06;4.95258857733234E-07;paraboloid;0.000000032;analytical;False;;False;1;13964.8198283868;0.00106617792937867;0.0422180426740735;-2.97065480121069E-11;0.5;5,00E-07;5;154;7.003827572799E-11;2.6075288647489E-20;1.61478446386782E-10;0.906089357579613;-1.77698973481149E-08;-4.44247433702872E-09;9.78187931183537E-05;9.7800925652738E-05
C:/Users/rlolo/Documents/Thèse/MEB et AFM/AFM/Résultats AFM Dynamo/06062025/Plaque hydrophobique_ethanol_PEI 0.5_Incubation 1h/cell2/force mapp/map-data-2025.06.06-11.56.16.356.jpk-force-map;map-data-2025.06.06-11.56.16.356.jpk-force-map;589;0.142;7.801310208055;[2.5e-05, 2.5e-05];[32, 32];1.5746499727578E-05;paraboloid;0.000000032;False;;False;4.55921342166241E-08;315826.079432514;-1.34466308359964E-12;;0.5;;-1.45429126802696E-19;1.74405916198249E-21;4.1761934365909E-11;0.922645388563288;2.93356353045872E-09;9.77854510152908E-10;1.10207732677385E-05;5.02774490748328E-08;paraboloid;0.000000032;analytical;False;;False;1;288507.747732856;-0.000326316047608286;0.0100000000156782;4.56748102560382E-11;0.5;5,00E-07;5;160;8.4736531014518E-11;7.52357467607674E-20;2.74291353784197E-10;0.96068114347604;5.30916711387745E-08;1.32729177846936E-08;9.77560276630715E-05;9.7817956064774E-05
C:/Users/rlolo/Documents/Thèse/MEB et AFM/AFM/Résultats AFM Dynamo/06062025/Plaque hydrophobique_ethanol_PEI 0.5_Incubation 1h/cell2/force mapp/map-data-2025.06.06-11.56.16.356.jpk-force-map;map-data-2025.06.06-11.56.16.356.jpk-force-map;590;0.142;7.801310208055;[2.5e-05, 2.5e-05];[32, 32];1.60560274663323E-05;paraboloid;0.000000032;False;;False;1.06111409252976E-08;140785.263310967;3.57763647194302E-12;;0.5;;-9.1149153136749E-20;2.75151413672402E-21;5.24548771490699E-11;0.895424205834389;-2.43306553737425E-09;-8.11021845791415E-10;1.14886601850775E-05;8.05073868984527E-08;paraboloid;0.000000032;analytical;False;;False;1;257475.7704976;-4.97191369275979E-06;0.0100000000467311;-1.38411859880792E-11;0.5;5,00E-07;5;165;4.31656177343933E-11;4.33094856926236E-20;2.08109311883499E-10;0.971713111307477;3.00927261767975E-08;7.52318154419938E-09;9.81421910846524E-05;9.75709233084189E-05
C:/Users/rlolo/Documents/Thèse/MEB et AFM/AFM/Résultats AFM Dynamo/06062025/Plaque hydrophobique_ethanol_PEI 0.5_Incubation 1h/cell2/force mapp/map-data-2025.06.06-11.56.16.356.jpk-force-map;map-data-2025.06.06-11.56.16.356.jpk-force-map;591;0.142;7.801310208055;[2.5e-05, 2.5e-05];[32, 32];1.61271294365826E-05;paraboloid;0.000000032;False;;False;-1.2160862192886E-07;35882.1619089635;4.97408197800406E-12;;0.5;;-4.8362817531821E-20;1.6411834309414E-21;4.0511522199757E-11;0.975249930017652;-2.5504539746638E-09;-8.50151324887932E-10;1.18793425678534E-05;2.19562332369459E-07;paraboloid;0.000000032;analytical;False;;False;1;93292.1305073651;0.000724338007495013;0.0100000000247541;-7.2189136287565E-11;0.5;5,00E-07;5;161;1.08916905836845E-12;1.13367651666203E-20;1.06474246494729E-10;0.978367639698344;8.56421558729456E-08;2.14105389682364E-08;9.67999268345106E-05;9.73033890292157E-05
C:/Users/rlolo/Documents/Thèse/MEB et AFM/AFM/Résultats AFM Dynamo/06062025/Plaque hydrophobique_ethanol_PEI 0.5_Incubation 1h/cell2/force mapp/map-data-2025.06.06-11.56.16.356.jpk-force-map;map-data-2025.06.06-11.56.16.356.jpk-force-map;592;0.142;7.801310208055;[2.5e-05, 2.5e-05];[32, 32];1.61657317038642E-05;paraboloid;0.000000032;False;;False;1.38539869657731E-08;154482.642177334;4.275500793908E-13;;0.5;;-1.43388040238874E-19;1.49944817213055E-21;3.87227087395827E-11;0.957992431842254;8.20251072780592E-10;2.73417024260198E-10;1.22638277729161E-05;8.56252907695698E-08;paraboloid;0.000000032;analytical;False;;False;1;245928.792100661;4.92215675676963E-05;0.0100000014433292;3.48420526308945E-11;0.5;5,00E-07;5;166;8.50549786626611E-11;4.56214949223655E-20;2.13591888709205E-10;0.972382842876344;-1.32392230949466E-10;-3.30980577373664E-11;9.70646758974163E-05;9.69477532032675E-05
C:/Users/rlolo/Documents/Thèse/MEB et AFM/AFM/Résultats AFM Dynamo/06062025/Plaque hydrophobique_ethanol_PEI 0.5_Incubation 1h/cell2/force mapp/map-data-2025.06.06-11.56.16.356.jpk-force-map;map-data-2025.06.06-11.56.16.356.jpk-force-map;593;0.142;7.801310208055;[2.5e-05, 2.5e-05];[32, 32];1.61904021479664E-05;paraboloid;0.000000032;False;;False;6.82087290428525E-08;270311.349348342;-6.08883373419522E-12;;0.5;;-3.5096428688093E-20;1.16026499664522E-21;3.40626627944033E-11;0.956807354748168;7.20128043092398E-09;2.40042681030799E-09;1.2566070279855E-05;5.91866394828559E-08;paraboloid;0.000000032;analytical;False;;False;1;312626.343487565;-0.000242707754303738;0.0100000000075291;-2.7231022463385E-11;0.5;5,00E-07;5;161;2.61619291897736E-11;8.36188365642641E-20;2.89169217871239E-10;0.955567182159136;1.68465632051855E-08;4.21164080129637E-09;9.76783922599821E-05;9.66561351119598E-05
C:/Users/rlolo/Documents/Thèse/MEB et AFM/AFM/Résultats AFM Dynamo/06062025/Plaque hydrophobique_ethanol_PEI 0.5_Incubation 1h/cell2/force mapp/map-data-2025.06.06-11.56.16.356.jpk-force-map;map-data-2025.06.06-11.56.16.356.jpk-force-map;594;0.142;7.801310208055;[2.5e-05, 2.5e-05];[32, 32];1.62093957880565E-05;paraboloid;0.000000032;False;;False;-4.64611516735044E-09;92689.6420778532;4.89259113139073E-12;;0.5;;-2.28398881339621E-19;2.61998477365278E-21;5.11857868324087E-11;0.894272010486393;-1.07688445037682E-09;-3.58961483458939E-10;1.27639542063733E-05;9.8732739769808E-08;paraboloid;0.000000032;analytical;False;;False;1;447321.823282684;0.000303363299184668;0.0100000137468173;4.35974042964273E-11;0.5;5,00E-07;5;147;4.56445091496253E-11;6.10697407911304E-20;2.47122926478161E-10;0.982063706533014;2.23233687442625E-08;5.58084218606562E-09;9.72774207107362E-05;9.64283192847877E-05
C:/Users/rlolo/Documents/Thèse/MEB et AFM/AFM/Résultats AFM Dynamo/06062025/Plaque hydrophobique_ethanol_PEI 0.5_Incubation 1h/cell2/force mapp/map-data-2025.06.06-11.56.16.356.jpk-force-map;map-data-2025.06.06-11.56.16.356.jpk-force-map;595;0.142;7.801310208055;[2.5e-05, 2.5e-05];[32, 32];1.62249360390394E-05;paraboloid;0.000000032;False;;False;7.90225845249048E-08;1860393.74467788;2.40657500681986E-12;;0.5;;-1.70646674809009E-19;1.17679216878675E-21;3.43044045100152E-11;0.919960146874326;-2.0728193715083E-09;-6.90939790502767E-10;1.29410704915477E-05;1.67031733774707E-08;paraboloid;0.000000032;analytical;False;;False;1;411145.043415249;-0.000566849038933162;0.0100000405361971;-2.2526896013495E-12;0.5;5,00E-07;5;156;6.16127436657902E-11;1.25692029546741E-19;3.5453071735287E-10;0.962349943718778;9.34274243490364E-08;2.33568560872591E-08;9.69422740432077E-05;9.62292176134576E-05
C:/Users/rlolo/Documents/Thèse/MEB et AFM/AFM/Résultats AFM Dynamo/06062025/Plaque hydrophobique_ethanol_PEI 0.5_Incubation 1h/cell2/force mapp/map-data-2025.06.06-11.56.16.356.jpk-force-map;map-data-2025.06.06-11.56.16.356.jpk-force-map;596;0.142;7.801310208055;[2.5e-05, 2.5e-05];[32, 32];1.62367390607143E-05;paraboloid;0.000000032;False;;False;1.02140102472255E-07;820828.278358231;-3.57836232630432E-12;;0.5;;-1.06224760169719E-19;1.61677402550307E-21;4.02091286339691E-11;0.901208033705983;5.10759369530973E-09;1.70253123176991E-09;1.31738667627398E-05;2.707460759567E-08;paraboloid;0.000000032;analytical;False;;False;1;431930.057654581;-0.000505859485864223;0.0100000009528944;6.58145653036699E-11;0.5;5,00E-07;5;156;1.09780778781168E-10;2.05733351220938E-19;4.53578384869625E-10;0.937264593649665;-4.17276458522848E-08;-1.04319114630712E-08;9.6569377168104E-05;9.59685980205118E-05
C:/Users/rlolo/Documents/Thèse/MEB et AFM/AFM/Résultats AFM Dynamo/06062025/Plaque hydrophobique_ethanol_PEI 0.5_Incubation 1h/cell2/force mapp/map-data-2025.06.06-11.56.16.356.jpk-force-map;map-data-2025.06.06-11.56.16.356.jpk-force-map;597;0.142;7.801310208055;[2.5e-05, 2.5e-05];[32, 32];1.62479034419379E-05;paraboloid;0.000000032;False;;False;4.45778880580749E-08;298692.314369624;9.63263860374474E-12;;0.5;;-1.47411542061895E-19;2.53938436490472E-21;5.03923046198992E-11;0.878270909976761;-7.48842933696863E-09;-2.49614311232288E-09;1.32187608211347E-05;4.97671228028982E-08;paraboloid;0.000000032;analytical;False;;False;1;444781.479972925;-0.000222766540656401;0.0100000001892265;-3.94552886904329E-11;0.5;5,00E-07;5;160;8.15992621956699E-11;1.20771066068332E-19;3.47521317430071E-10;0.962116940685482;2.41377775329157E-08;6.03444438322893E-09;0.0000963519677240002;9.58258828496218E-05
C:/Users/rlolo/Documents/Thèse/MEB et AFM/AFM/Résultats AFM Dynamo/06062025/Plaque hydrophobique_ethanol_PEI 0.5_Incubation 1h/cell2/force mapp/map-data-2025.06.06-11.56.16.356.jpk-force-map;map-data-2025.06.06-11.56.16.356.jpk-force-map;598;0.142;7.801310208055;[2.5e-05, 2.5e-05];[32, 32];1.62550940603531E-05;paraboloid;0.000000032;False;;False;6.33743169006761E-08;522918.078116031;9.13677079683239E-12;;0.5;;-2.63294152483545E-19;2.28220078909171E-21;4.77723852145956E-11;0.844149841545789;1.96928440500153E-09;6.5642813500051E-10;1.32482802019971E-05;3.26046446009324E-08;paraboloid;0.000000032;analytical;False;;False;1;530260.635705392;-0.000377423770185721;0.0100000000643353;5.82937049777328E-11;0.5;5,00E-07;5;158;1.28561074100946E-10;2.1648376723649E-19;4.6527816114287E-10;0.954836799671853;5.56371780345937E-07;1.39092945086484E-07;9.62170171525423E-05;9.57789275937681E-05
C:/Users/rlolo/Documents/Thèse/MEB et AFM/AFM/Résultats AFM Dynamo/06062025/Plaque hydrophobique_ethanol_PEI 0.5_Incubation 1h/cell2/force mapp/map-data-2025.06.06-11.56.16.356.jpk-force-map;map-data-2025.06.06-11.56.16.356.jpk-force-map;599;0.142;7.801310208055;[2.5e-05, 2.5e-05];[32, 32];1.62628996658696E-05;paraboloid;0.000000032;False;;False;3.13259886244478E-08;172573.475935029;4.81196310445804E-12;;0.5;;-1.75463697997064E-19;2.72441873799153E-21;5.21959647673221E-11;0.862969154138293;-5.92626831272872E-10;-1.97542277090957E-10;1.33025409870118E-05;6.59246142291226E-08;paraboloid;0.000000032;analytical;False;;False;1;444624.439221753;-6.82162559261356E-05;0.0100000001107672;8.65741582357478E-11;0.5;5,00E-07;5;163;9.34090015474963E-11;1.27071228274524E-19;3.56470515294777E-10;0.964034653901052;5.81404280662916E-08;1.45351070165729E-08;9.61179535799831E-05;9.5687828466734E-05
C:/Users/rlolo/Documents/Thèse/MEB et AFM/AFM/Résultats AFM Dynamo/06062025/Plaque hydrophobique_ethanol_PEI 0.5_Incubation 1h/cell2/force mapp/map-data-2025.06.06-11.56.16.356.jpk-force-map;map-data-2025.06.06-11.56.16.356.jpk-force-map;600;0.142;7.801310208055;[2.5e-05, 2.5e-05];[32, 32];1.62682453229809E-05;paraboloid;0.000000032;False;;False;7.77455379960113E-08;1458026.69337061;5.57973351169276E-12;;0.5;;-1.48556510998691E-19;1.69998400519272E-21;4.12308622901914E-11;0.872183402437111;-8.66100986375345E-09;-2.88700328791782E-09;1.33161180099405E-05;1.80652467419867E-08;paraboloid;0.000000032;analytical;False;;False;1;508411.223144759;-0.000445587425380957;0.0100000361386453;6.9390456274568E-11;0.5;5,00E-07;5;157;1.02425066320115E-10;1.3826570317739E-19;3.71840964899498E-10;0.967136659146878;-3.33968225706326E-07;-8.34920564265815E-08;9.60259096033548E-05;9.56682902436665E-05
C:/Users/rlolo/Documents/Thèse/MEB et AFM/AFM/Résultats AFM Dynamo/06062025/Plaque hydrophobique_ethanol_PEI 0.5_Incubation 1h/cell2/force mapp/map-data-2025.06.06-11.56.16.356.jpk-force-map;map-data-2025.06.06-11.56.16.356.jpk-force-map;601;0.142;7.801310208055;[2.5e-05, 2.5e-05];[32, 32];1.62713675651875E-05;paraboloid;0.000000032;False;;False;8.30333781183293E-08;3085638.17234093;1.00974044304642E-11;;0.5;;-2.07443278475505E-19;1.65174414374418E-21;4.06416552781032E-11;0.875912550403175;-1.01499378174522E-08;-3.3833126058174E-09;1.32321959239631E-05;1.15689552417493E-08;paraboloid;0.000000032;analytical;False;;False;1;415693.230445547;-0.000570450003876222;0.0100000622348903;1.22076350619847E-10;0.5;5,00E-07;5;155;1.3698284161642E-10;1.48192810808498E-19;3.84958193585352E-10;0.952965495262066;4.02996249558421E-07;1.00749062389605E-07;9.61086374135768E-05;9.58250685204441E-05
C:/Users/rlolo/Documents/Thèse/MEB et AFM/AFM/Résultats AFM Dynamo/06062025/Plaque hydrophobique_ethanol_PEI 0.5_Incubation 1h/cell2/force mapp/map-data-2025.06.06-11.56.16.356.jpk-force-map;map-data-2025.06.06-11.56.16.356.jpk-force-map;602;0.142;7.801310208055;[2.5e-05, 2.5e-05];[32, 32];1.62738748202928E-05;paraboloid;0.000000032;False;;False;8.26065615354233E-08;3093078.00058894;1.79883609003161E-12;;0.5;;-1.89055351164784E-19;1.16300664094467E-21;3.41028831764218E-11;0.901959877623479;-1.56036815232459E-09;-5.20122717441531E-10;1.31387178845655E-05;1.17493268904932E-08;paraboloid;0.000000032;analytical;False;;False;1;433469.263021751;-0.00060012918119144;0.0100000060632711;5.32055936904075E-11;0.5;5,00E-07;5;155;9.67739351133593E-11;1.67159057710047E-19;4.0885089911855E-10;0.948450493691792;4.71334804538665E-08;1.17833701134666E-08;9.62655550346915E-05;9.59522431085893E-05
C:/Users/rlolo/Documents/Thèse/MEB et AFM/AFM/Résultats AFM Dynamo/06062025/Plaque hydrophobique_ethanol_PEI 0.5_Incubation 1h/cell2/force mapp/map-data-2025.06.06-11.56.16.356.jpk-force-map;map-data-2025.06.06-11.56.16.356.jpk-force-map;603;0.142;7.801310208055;[2.5e-05, 2.5e-05];[32, 32];1.62749628743951E-05;paraboloid;0.000000032;False;;False;7.72056969451789E-08;1162551.07797962;3.66468567811082E-12;;0.5;;-1.12298376212481E-19;1.05477627277447E-21;3.24773193594309E-11;0.941964611644607;-7.14207599238828E-09;-2.38069199746276E-09;1.29766214766729E-05;2.44276849595589E-08;paraboloid;0.000000032;analytical;False;;False;1;256759.912396004;-0.000562261366498418;0.0100000034474861;1.97536311370764E-12;0.5;5,00E-07;5;157;7.35539188257171E-11;6.31565057546559E-20;2.51309581501892E-10;0.957770454565567;1.34186822988563E-07;3.35467057471408E-08;9.65123588354618E-05;9.62165279737716E-05
C:/Users/rlolo/Documents/Thèse/MEB et AFM/AFM/Résultats AFM Dynamo/06062025/Plaque hydrophobique_ethanol_PEI 0.5_Incubation 1h/cell2/force mapp/map-data-2025.06.06-11.56.16.356.jpk-force-map;map-data-2025.06.06-11.56.16.356.jpk-force-map;604;0.142;7.801310208055;[2.5e-05, 2.5e-05];[32, 32];1.62763820753981E-05;paraboloid;0.000000032;False;;False;2.4705165087584E-08;186405.983157764;-8.79929344627517E-14;;0.5;;-2.21998909142623E-19;1.05293661837522E-21;3.24489848589324E-11;0.969773098248417;8.62618060248355E-10;2.87539353416118E-10;1.29130176183884E-05;7.72288392336879E-08;paraboloid;0.000000032;analytical;False;;False;1;168943.006862704;-0.00013462553439922;0.0100000505016131;-5.80584598747474E-12;0.5;5,00E-07;5;165;8.78666893013786E-11;3.41608722416706E-20;1.84826600471011E-10;0.966155889321272;-1.075607151193E-08;-2.68901787798249E-09;9.66300577560341E-05;9.62778952035184E-05
C:/Users/rlolo/Documents/Thèse/MEB et AFM/AFM/Résultats AFM Dynamo/06062025/Plaque hydrophobique_ethanol_PEI 0.5_Incubation 1h/cell2/force mapp/map-data-2025.06.06-11.56.16.356.jpk-force-map;map-data-2025.06.06-11.56.16.356.jpk-force-map;605;0.142;7.801310208055;[2.5e-05, 2.5e-05];[32, 32];1.6271131031687E-05;paraboloid;0.000000032;False;;False;6.3341663098786E-08;628821.989243023;-4.48173231773086E-12;;0.5;;-1.48364154090197E-19;1.45561992250956E-21;3.81525873632387E-11;0.920085895852133;6.66256278377901E-09;2.22085426125967E-09;1.25788903955821E-05;3.22506900879976E-08;paraboloid;0.000000032;analytical;False;;False;1;393975.617087852;-0.000363488850791915;0.0100000049825223;3.80400908241335E-11;0.5;5,00E-07;5;158;1.11057742910692E-10;1.14845151898233E-19;3.3888811117865E-10;0.960295068528678;2.09226246602715E-07;5.23065616506787E-08;9.70237215564464E-05;9.67042614938934E-05
C:/Users/rlolo/Documents/Thèse/MEB et AFM/AFM/Résultats AFM Dynamo/06062025/Plaque hydrophobique_ethanol_PEI 0.5_Incubation 1h/cell2/force mapp/map-data-2025.06.06-11.56.16.356.jpk-force-map;map-data-2025.06.06-11.56.16.356.jpk-force-map;606;0.142;7.801310208055;[2.5e-05, 2.5e-05];[32, 32];1.62650994274243E-05;paraboloid;0.000000032;False;;False;7.05572463731273E-08;1162716.8391879;-9.44995771034603E-12;;0.5;;-1.38815854798888E-19;1.16717603176771E-21;3.41639580811081E-11;0.929627719480019;2.22701774328359E-08;7.42339247761198E-09;1.22190283279214E-05;2.27244474001732E-08;paraboloid;0.000000032;analytical;False;;False;1;359638.870917388;-0.000407439947824186;0.0100000590197356;7.57250996943338E-11;0.5;5,00E-07;5;157;1.16202297984234E-10;6.60824182316006E-20;2.57065007792972E-10;0.975964583462337;1.50594041506467E-06;3.76485103766168E-07;9.74594235385823E-05;9.70496352627935E-05
C:/Users/rlolo/Documents/Thèse/MEB et AFM/AFM/Résultats AFM Dynamo/06062025/Plaque hydrophobique_ethanol_PEI 0.5_Incubation 1h/cell2/force mapp/map-data-2025.06.06-11.56.16.356.jpk-force-map;map-data-2025.06.06-11.56.16.356.jpk-force-map;607;0.142;7.801310208055;[2.5e-05, 2.5e-05];[32, 32];1.60837018858908E-05;paraboloid;0.000000032;False;;False;6.46952401024081E-08;295960.758737353;-1.95386229696244E-11;;0.5;;-5.92783457151153E-20;8.1714504138569E-22;2.85857489211966E-11;0.978727624860474;-7.96092556521945E-09;-2.65364185507315E-09;1.14006697228915E-05;6.34211684297852E-08;paraboloid;0.000000032;analytical;False;;False;1;173876.055255725;-0.000190372333140449;0.010000020830622;-4.2123750316299E-11;0.5;5,00E-07;5;161;4.85753808518335E-11;1.50462890500522E-20;1.2266331582854E-10;0.981772423230855;-1.13197575212547E-08;-2.82993938031367E-09;0.00010034697225212;9.7608860450332E-05
C:/Users/rlolo/Documents/Thèse/MEB et AFM/AFM/Résultats AFM Dynamo/06062025/Plaque hydrophobique_ethanol_PEI 0.5_Incubation 1h/cell2/force mapp/map-data-2025.06.06-11.56.16.356.jpk-force-map;map-data-2025.06.06-11.56.16.356.jpk-force-map;608;0.142;7.801310208055;[2.5e-05, 2.5e-05];[32, 32];1.49080357750056E-05;paraboloid;0.000000032;False;;False;2.47112823034826E-08;179573.452535986;-1.12278743072652E-11;;0.5;;-3.0985252448039E-19;3.91194585194871E-21;6.25455502170115E-11;0.903809229701484;8.11482085161445E-09;2.70494028387148E-09;1.01955551911941E-05;8.08066886448562E-08;paraboloid;0.000000032;analytical;False;;False;1;122105.485446971;-0.000196218077244839;0.0100001462127399;8.85478056142091E-11;0.5;5,00E-07;5;159;2.03312978843622E-10;1.08111964446944E-19;3.28803838856763E-10;0.806757679521483;-2.22905607128062E-07;-5.57264017820156E-08;0.000100601955365659;9.7767337895667E-05
C:/Users/rlolo/Documents/Thèse/MEB et AFM/AFM/Résultats AFM Dynamo/06062025/Plaque hydrophobique_ethanol_PEI 0.5_Incubation 1h/cell2/force mapp/map-data-2025.06.06-11.56.16.356.jpk-force-map;map-data-2025.06.06-11.56.16.356.jpk-force-map;609;0.142;7.801310208055;[2.5e-05, 2.5e-05];[32, 32];1.58832633975671E-05;paraboloid;0.000000032;False;;False;1.0272336561407E-07;535619.997193613;-1.05758610116087E-11;;0.5;;-3.90286222110018E-20;8.86578797990951E-22;2.97754730943263E-11;0.963692514602641;1.20099513619785E-08;4.0033171206595E-09;1.12166466595025E-05;4.06772131137486E-08;paraboloid;0.000000032;analytical;False;;False;1;276419.346073857;-0.000342130361825567;0.0100000000060605;-8.47500478545152E-11;0.5;5,00E-07;5;158;7.01585129959701E-11;5.89801165261884E-20;2.42858223097733E-10;0.955478529705927;-1.23862998474033E-09;-3.09657496185084E-10;9.78178618430046E-05;9.7569122822248E-05
C:/Users/rlolo/Documents/Thèse/MEB et AFM/AFM/Résultats AFM Dynamo/06062025/Plaque hydrophobique_ethanol_PEI 0.5_Incubation 1h/cell2/force mapp/map-data-2025.06.06-11.56.16.356.jpk-force-map;map-data-2025.06.06-11.56.16.356.jpk-force-map;610;0.142;7.801310208055;[2.5e-05, 2.5e-05];[32, 32];1.62194248084777E-05;paraboloid;0.000000032;False;;False;5.3061425693624E-08;125662.443689886;-8.00273858502182E-12;;0.5;;-5.00527286611118E-20;6.63575719789116E-22;2.57599635051977E-11;0.986573482594282;4.29456045415512E-09;1.43152015138504E-09;1.2092033491503E-05;1.07275435588565E-07;paraboloid;0.000000032;analytical;False;;False;1;128429.448549995;7.43755567267305E-05;0.0100000000335692;-6.19104098511812E-11;0.5;5,00E-07;5;146;3.93821719946903E-16;3.8339403431617E-21;6.19188205892336E-11;0.990047700089234;4.23012121102627E-09;1.05753030275657E-09;9.7898494576186E-05;9.71770773017619E-05
C:/Users/rlolo/Documents/Thèse/MEB et AFM/AFM/Résultats AFM Dynamo/06062025/Plaque hydrophobique_ethanol_PEI 0.5_Incubation 1h/cell2/force mapp/map-data-2025.06.06-11.56.16.356.jpk-force-map;map-data-2025.06.06-11.56.16.356.jpk-force-map;611;0.142;7.801310208055;[2.5e-05, 2.5e-05];[32, 32];1.62466734677353E-05;paraboloid;0.000000032;False;;False;6.24395167057235E-08;768214.906967767;-6.30719046677735E-12;;0.5;;-9.2297875675754E-20;7.88263448199479E-22;2.80760297798581E-11;0.963394736122758;8.91378245519565E-09;2.97126081839855E-09;1.23792797745102E-05;3.15137362746939E-08;paraboloid;0.000000032;analytical;False;;False;1;268396.495474234;-0.000372828920127943;0.0100001055277518;-7.40668277506353E-12;0.5;5,00E-07;5;158;9.50014584617665E-11;7.11841635606352E-20;2.66803604849401E-10;0.950581900474009;-4.11526769566825E-08;-1.02881692391706E-08;9.76289599230371E-05;9.68735713078779E-05
C:/Users/rlolo/Documents/Thèse/MEB et AFM/AFM/Résultats AFM Dynamo/06062025/Plaque hydrophobique_ethanol_PEI 0.5_Incubation 1h/cell2/force mapp/map-data-2025.06.06-11.56.16.356.jpk-force-map;map-data-2025.06.06-11.56.16.356.jpk-force-map;612;0.142;7.801310208055;[2.5e-05, 2.5e-05];[32, 32];1.62612912380662E-05;paraboloid;0.000000032;False;;False;9.50589633154567E-08;6366939.38118254;-6.20072095035847E-13;;0.5;;-2.23097844560633E-19;9.61430592171441E-22;3.10069442572376E-11;0.920703542693996;1.01785310671661E-09;3.39284368905537E-10;1.27385032017195E-05;7.40143147511256E-09;paraboloid;0.000000032;analytical;False;;False;1;390717.52767249;-0.000647294501266521;0.0100094977805501;9.48896347502863E-11;0.5;5,00E-07;5;154;1.48788977999109E-10;1.61385790724556E-19;4.01728503749182E-10;0.946028509033021;-2.23700201611086E-07;-5.59250504027716E-08;9.72865017743809E-05;9.65024559443954E-05
C:/Users/rlolo/Documents/Thèse/MEB et AFM/AFM/Résultats AFM Dynamo/06062025/Plaque hydrophobique_ethanol_PEI 0.5_Incubation 1h/cell2/force mapp/map-data-2025.06.06-11.56.16.356.jpk-force-map;map-data-2025.06.06-11.56.16.356.jpk-force-map;613;0.142;7.801310208055;[2.5e-05, 2.5e-05];[32, 32];1.62710364182868E-05;paraboloid;0.000000032;False;;False;8.00724287623871E-08;1822395.03598734;6.01795764003432E-13;;0.5;;-1.20517023353579E-19;1.27339393474411E-21;3.56846456440877E-11;0.893131867780331;98.6641866214263;32.8880622071421;1.29181977020494E-05;1.52326822513816E-08;paraboloid;0.000000032;analytical;False;;False;1;464340.198669245;-0.000527490788171743;0.0100000193255953;9.83265184051047E-12;0.5;5,00E-07;5;156;5.10952700602106E-11;1.50321933234798E-19;3.8771372587877E-10;0.959515622040063;-1.59201543625899E-08;-3.98003859064748E-09;9.6900799949481E-05;9.6294322639907E-05
C:/Users/rlolo/Documents/Thèse/MEB et AFM/AFM/Résultats AFM Dynamo/06062025/Plaque hydrophobique_ethanol_PEI 0.5_Incubation 1h/cell2/force mapp/map-data-2025.06.06-11.56.16.356.jpk-force-map;map-data-2025.06.06-11.56.16.356.jpk-force-map;614;0.142;7.801310208055;[2.5e-05, 2.5e-05];[32, 32];1.62778722364513E-05;paraboloid;0.000000032;False;;False;8.02500558426882E-08;2040973.14270862;-4.33688785122201E-13;;0.5;;-1.86441986919415E-19;1.57523707696488E-21;3.96892564425801E-11;0.865773464227463;1.40526505083758E-09;4.68421683612526E-10;1.30228164693205E-05;1.40659369944172E-08;paraboloid;0.000000032;analytical;False;;False;1;479698.177121176;-0.000500041878889261;0.0100000713374491;7.99539782841025E-11;0.5;5,00E-07;5;156;1.05781993352176E-10;1.43853011274231E-19;3.79279595119789E-10;0.964807665302158;2.04078081017584E-08;5.10195202543961E-09;9.66480683046393E-05;9.61559232249143E-05
C:/Users/rlolo/Documents/Thèse/MEB et AFM/AFM/Résultats AFM Dynamo/06062025/Plaque hydrophobique_ethanol_PEI 0.5_Incubation 1h/cell2/force mapp/map-data-2025.06.06-11.56.16.356.jpk-force-map;map-data-2025.06.06-11.56.16.356.jpk-force-map;615;0.142;7.801310208055;[2.5e-05, 2.5e-05];[32, 32];1.62849918948163E-05;paraboloid;0.000000032;False;;False;8.72056432880285E-08;9687899.44909757;6.61554210825168E-12;;0.5;;-2.87716606353799E-19;1.35251784519305E-21;3.67765937138426E-11;0.87141411749119;-7.25268536593198E-09;-2.41756178864399E-09;1.31060762614965E-05;5.44417411508163E-09;paraboloid;0.000000032;analytical;False;;False;1;523432.169229431;-0.000571507434624216;0.0100202948952095;1.67241662625708E-10;0.5;5,00E-07;5;155;1.82562258424675E-10;1.92118480275107E-19;4.38313221652173E-10;0.963435455338536;1.01125083378307E-07;2.52812708445767E-08;9.64718777039285E-05;9.60357286939524E-05
C:/Users/rlolo/Documents/Thèse/MEB et AFM/AFM/Résultats AFM Dynamo/06062025/Plaque hydrophobique_ethanol_PEI 0.5_Incubation 1h/cell2/force mapp/map-data-2025.06.06-11.56.16.356.jpk-force-map;map-data-2025.06.06-11.56.16.356.jpk-force-map;616;0.142;7.801310208055;[2.5e-05, 2.5e-05];[32, 32];1.62903848586277E-05;paraboloid;0.000000032;False;;False;4.5290944030065E-08;261062.269333249;6.69164429714976E-12;;0.5;;-2.98464036359518E-19;2.8777695279741E-21;5.36448462387031E-11;0.818633065014256;-9.84905079972856E-10;-3.28301693324285E-10;1.31618035542143E-05;4.79902644706416E-08;paraboloid;0.000000032;analytical;False;;False;1;500171.673172564;-0.000135921783649708;0.0100000137152382;6.91463076457054E-11;0.5;5,00E-07;5;161;1.09343422814173E-10;1.20955266347734E-19;3.47786236570301E-10;0.969902522840893;-3.08602200341813E-08;-7.71505500854531E-09;9.6336972290384E-05;9.5959503386519E-05
C:/Users/rlolo/Documents/Thèse/MEB et AFM/AFM/Résultats AFM Dynamo/06062025/Plaque hydrophobique_ethanol_PEI 0.5_Incubation 1h/cell2/force mapp/map-data-2025.06.06-11.56.16.356.jpk-force-map;map-data-2025.06.06-11.56.16.356.jpk-force-map;617;0.142;7.801310208055;[2.5e-05, 2.5e-05];[32, 32];1.62936963276347E-05;paraboloid;0.000000032;False;;False;2.22022424790986E-09;107755.291208458;7.77632122124092E-12;;0.5;;-1.39540318272083E-19;2.87884777008592E-21;5.3654895117649E-11;0.895450535563982;-1.43110070536252E-09;-4.77033568454174E-10;1.31916067752773E-05;9.37240010072792E-08;paraboloid;0.000000032;analytical;False;;False;1;434189.202273758;0.000234911393136302;0.0100000000066761;1.36789153150784E-11;0.5;5,00E-07;5;146;7.43562781971288E-11;9.07668872195608E-20;3.01275434145502E-10;0.970580669378428;-4.08452336839865E-08;-1.02113084209966E-08;9.62723329812846E-05;9.59158271061872E-05
C:/Users/rlolo/Documents/Thèse/MEB et AFM/AFM/Résultats AFM Dynamo/06062025/Plaque hydrophobique_ethanol_PEI 0.5_Incubation 1h/cell2/force mapp/map-data-2025.06.06-11.56.16.356.jpk-force-map;map-data-2025.06.06-11.56.16.356.jpk-force-map;618;0.142;7.801310208055;[2.5e-05, 2.5e-05];[32, 32];1.62964874229406E-05;paraboloid;0.000000032;False;;False;6.65337009287801E-08;875225.462914856;8.45171149440076E-13;;0.5;;-1.54050570876836E-19;1.8398329024102E-21;4.28932733935078E-11;0.894885203339809;3.18576957403679E-10;1.0619231913456E-10;1.31953440045852E-05;2.60862991409624E-08;paraboloid;0.000000032;analytical;False;;False;1;496058.406855718;-0.000387650306119276;0.0100000047680724;1.06178762136063E-10;0.5;5,00E-07;5;158;1.47809035805447E-10;1.6368471323584E-19;4.04579674768568E-10;0.965289106962625;1.05806060735551E-06;2.64515151838876E-07;9.6229480557828E-05;9.59044673090746E-05
C:/Users/rlolo/Documents/Thèse/MEB et AFM/AFM/Résultats AFM Dynamo/06062025/Plaque hydrophobique_ethanol_PEI 0.5_Incubation 1h/cell2/force mapp/map-data-2025.06.06-11.56.16.356.jpk-force-map;map-data-2025.06.06-11.56.16.356.jpk-force-map;619;0.142;7.801310208055;[2.5e-05, 2.5e-05];[32, 32];1.62983323842445E-05;paraboloid;0.000000032;False;;False;8.69890235861585E-08;4585426.36906144;-1.28297399691638E-13;;0.5;;-1.69765998301088E-19;9.55239695865137E-22;3.0906952225432E-11;0.924620390173627;3.93522488793673E-10;1.31174162931224E-10;1.31039001532919E-05;9.51486985891694E-09;paraboloid;0.000000032;analytical;False;;False;1;514854.951013934;-0.000573772094770043;0.0100000412970859;1.13801106428867E-10;0.5;5,00E-07;5;155;1.43553216320782E-10;2.07480865876542E-19;4.55500676044001E-10;0.95424031886033;7.94414007531109E-08;1.98603501882777E-08;9.6328234268805E-05;9.60465268677909E-05
C:/Users/rlolo/Documents/Thèse/MEB et AFM/AFM/Résultats AFM Dynamo/06062025/Plaque hydrophobique_ethanol_PEI 0.5_Incubation 1h/cell2/force mapp/map-data-2025.06.06-11.56.16.356.jpk-force-map;map-data-2025.06.06-11.56.16.356.jpk-force-map;620;0.142;7.801310208055;[2.5e-05, 2.5e-05];[32, 32];1.62989946780459E-05;paraboloid;0.000000032;False;;False;7.06764321464809E-08;915196.256949788;3.78151528552292E-13;;0.5;;-1.20115294576162E-19;1.19180655742931E-21;3.45225514327854E-11;0.921654676769462;2.69315534980006E-10;8.97718449933355E-11;1.30193867335633E-05;2.50743913498364E-08;paraboloid;0.000000032;analytical;False;;False;1;453673.265380172;-0.000463828487572645;0.0100000000772012;5.28722766164002E-11;0.5;5,00E-07;5;157;7.63760507158844E-11;1.54568415016086E-19;3.9315189814636E-10;0.955307215761967;7.65022067044154E-08;1.91255516761039E-08;9.64511241862968E-05;9.61251549199135E-05
C:/Users/rlolo/Documents/Thèse/MEB et AFM/AFM/Résultats AFM Dynamo/06062025/Plaque hydrophobique_ethanol_PEI 0.5_Incubation 1h/cell2/force mapp/map-data-2025.06.06-11.56.16.356.jpk-force-map;map-data-2025.06.06-11.56.16.356.jpk-force-map;621;0.142;7.801310208055;[2.5e-05, 2.5e-05];[32, 32];1.62976937437932E-05;paraboloid;0.000000032;False;;False;-1.12226082348753E-08;100911.373537115;3.1989770534321E-12;;0.5;;-4.0968769070596E-20;1.83801074842746E-21;4.28720275754187E-11;0.946892669639225;-1.77507529764414E-09;-5.91691765881381E-10;1.28704888949985E-05;1.05779113325848E-07;paraboloid;0.000000032;analytical;False;;False;1;383193.170900848;0.000354009933676522;0.0100000002215445;-2.15128586825512E-11;0.5;5,00E-07;5;148;5.00031656617226E-11;4.94028626964648E-20;2.22267547555789E-10;0.981617921802745;-9.82026653171546E-09;-2.45506663292887E-09;9.66482606709145E-05;9.63709050186292E-05
C:/Users/rlolo/Documents/Thèse/MEB et AFM/AFM/Résultats AFM Dynamo/06062025/Plaque hydrophobique_ethanol_PEI 0.5_Incubation 1h/cell2/force mapp/map-data-2025.06.06-11.56.16.356.jpk-force-map;map-data-2025.06.06-11.56.16.356.jpk-force-map;622;0.142;7.801310208055;[2.5e-05, 2.5e-05];[32, 32];1.6295257448738E-05;paraboloid;0.000000032;False;;False;5.75795899370027E-08;453125.104981188;-7.96014846388842E-12;;0.5;;-5.43583040680077E-20;1.32812355175186E-21;3.64434294729772E-11;0.929275880446979;7.23248370293364E-09;2.41082790097788E-09;1.26699084865745E-05;3.94565712494041E-08;paraboloid;0.000000032;analytical;False;;False;1;401829.278400573;-0.000316364966569602;0.0100000000164056;3.29863490851321E-11;0.5;5,00E-07;5;159;8.69996992505192E-11;1.03841555213897E-19;3.22244558082673E-10;0.963849493787059;-5.48495760286521E-07;-1.3712394007163E-07;9.69275635390735E-05;9.65907383269511E-05
C:/Users/rlolo/Documents/Thèse/MEB et AFM/AFM/Résultats AFM Dynamo/06062025/Plaque hydrophobique_ethanol_PEI 0.5_Incubation 1h/cell2/force mapp/map-data-2025.06.06-11.56.16.356.jpk-force-map;map-data-2025.06.06-11.56.16.356.jpk-force-map;623;0.142;7.801310208055;[2.5e-05, 2.5e-05];[32, 32];1.62918986730309E-05;paraboloid;0.000000032;False;;False;-6.6146790042985E-08;55742.9991233827;-6.74955929891688E-12;;0.5;;-1.51179644331255E-19;2.26644191943711E-21;4.760716248042E-11;0.954248652498661;1.34491819093364E-08;4.48306063644547E-09;1.24597957780804E-05;1.59816171083274E-07;paraboloid;0.000000032;analytical;False;;False;1;197379.543886708;0.000602767612294424;0.0100000000074026;-1.60310587495029E-11;0.5;5,00E-07;5;154;1.37488912501835E-11;2.21192094925684E-20;1.48725281954913E-10;0.978789392854984;-1.12326506725117E-08;-2.80816266812793E-09;9.720490497672E-05;9.68142449829415E-05
C:/Users/rlolo/Documents/Thèse/MEB et AFM/AFM/Résultats AFM Dynamo/06062025/Plaque hydrophobique_ethanol_PEI 0.5_Incubation 1h/cell2/force mapp/map-data-2025.06.06-11.56.16.356.jpk-force-map;map-data-2025.06.06-11.56.16.356.jpk-force-map;624;0.142;7.801310208055;[2.5e-05, 2.5e-05];[32, 32];1.62868841628203E-05;paraboloid;0.000000032;False;;False;3.31248461924335E-09;107874.810680099;4.1876322642891E-12;;0.5;;-1.09356436318939E-19;2.12334228133132E-21;4.60797382949525E-11;0.94326851583948;5.49315050202028E-10;1.83105016734009E-10;1.22073435729967E-05;1.04572763426657E-07;paraboloid;0.000000032;analytical;False;;False;1;231352.565264198;0.000125656361332722;0.0100000000074023;-1.09679982635878E-11;0.5;5,00E-07;5;147;2.98069141267529E-11;3.21137299243808E-20;1.79203041057848E-10;0.976955238459065;-1.08973936913073E-08;-2.72434842282683E-09;9.74849772142668E-05;9.70790435294255E-05
C:/Users/rlolo/Documents/Thèse/MEB et AFM/AFM/Résultats AFM Dynamo/06062025/Plaque hydrophobique_ethanol_PEI 0.5_Incubation 1h/cell2/force mapp/map-data-2025.06.06-11.56.16.356.jpk-force-map;map-data-2025.06.06-11.56.16.356.jpk-force-map;625;0.142;7.801310208055;[2.5e-05, 2.5e-05];[32, 32];1.62805450650069E-05;paraboloid;0.000000032;False;;False;7.59471558334597E-08;2059636.85287316;-1.23565743834089E-11;;0.5;;-4.64858990776635E-20;6.34181131724577E-22;2.51829531970454E-11;0.96290816624342;5.29339443093296E-10;1.76446481031099E-10;1.18451634770311E-05;1.74066633862641E-08;paraboloid;0.000000032;analytical;False;;False;1;309336.880163304;-0.00048247071668822;0.0100000225186672;-5.26284484138171E-11;0.5;5,00E-07;5;156;1.40900628173692E-11;3.15821417769712E-20;1.77713651070961E-10;0.981931132667267;3.1835320454736E-08;7.95883011368399E-09;9.78095016416673E-05;9.73572689187553E-05
C:/Users/rlolo/Documents/Thèse/MEB et AFM/AFM/Résultats AFM Dynamo/06062025/Plaque hydrophobique_ethanol_PEI 0.5_Incubation 1h/cell2/force mapp/map-data-2025.06.06-11.56.16.356.jpk-force-map;map-data-2025.06.06-11.56.16.356.jpk-force-map;626;0.142;7.801310208055;[2.5e-05, 2.5e-05];[32, 32];1.60033987624711E-05;paraboloid;0.000000032;False;;False;3.67239788607307E-08;51921.8159918736;-2.28006654295863E-11;;0.5;;-1.03462059042591E-19;1.04218356654469E-21;3.22828680037058E-11;0.986836983848737;1.91148880224961E-08;6.37162934083202E-09;1.14247015265423E-05;1.95764665564343E-07;paraboloid;0.000000032;analytical;False;;False;1;11653.7914001224;-7.08968143805222E-05;0.169479733722333;-8.48931090987913E-11;0.5;5,00E-07;5;157;-5.49598425489551E-20;6.19762873468126E-21;7.87250197502755E-11;0.961916703550081;-3.65353325786921E-08;-9.13383314467301E-09;0.00010068758049284;9.7590410837293E-05
C:/Users/rlolo/Documents/Thèse/MEB et AFM/AFM/Résultats AFM Dynamo/06062025/Plaque hydrophobique_ethanol_PEI 0.5_Incubation 1h/cell2/force mapp/map-data-2025.06.06-11.56.16.356.jpk-force-map;map-data-2025.06.06-11.56.16.356.jpk-force-map;627;0.142;7.801310208055;[2.5e-05, 2.5e-05];[32, 32];1.48920461103718E-05;paraboloid;0.000000032;False;;False;-1.4431058785956E-08;17504.5971495082;-8.35458547381111E-12;;0.5;;-3.59064802471572E-20;9.78404305829599E-22;3.12794550117101E-11;0.989935521377276;1.38701450588449E-09;4.62338168628162E-10;1.04353292006509E-05;3.74778358164248E-07;paraboloid;0.000000032;analytical;False;;False;1;26985.3785618004;0.000883972572487138;0.0267469846811659;-8.97491365988008E-11;0.5;5,00E-07;5;158;8.18967830357312E-12;9.44814871199441E-21;9.72015880116905E-11;0.965132514654829;-1.15789101964701E-08;-2.89472754911751E-09;0.000100600063097655;9.7738480808606E-05
C:/Users/rlolo/Documents/Thèse/MEB et AFM/AFM/Résultats AFM Dynamo/06062025/Plaque hydrophobique_ethanol_PEI 0.5_Incubation 1h/cell2/force mapp/map-data-2025.06.06-11.56.16.356.jpk-force-map;map-data-2025.06.06-11.56.16.356.jpk-force-map;628;0.142;7.801310208055;[2.5e-05, 2.5e-05];[32, 32];1.43824346835446E-05;paraboloid;0.000000032;False;;False;3.67827999955849E-08;212128.672256204;1.65609143727245E-11;;0.5;;-2.00964739183545E-19;3.75678516775024E-21;6.12926191947305E-11;0.765929619565949;-7.01240394766683E-08;-2.33746798255561E-08;9.6539644350992E-06;5.31729132266542E-08;paraboloid;0.000000032;analytical;False;;False;1;422704.683050015;-3.33207671702421E-05;0.0100000073473559;2.60611017733411E-11;0.5;5,00E-07;5;160;1.14863032677523E-10;8.58790429772576E-20;2.93051263394747E-10;0.974819766384622;-4.62986787093616E-08;-1.15746696773404E-08;0.000100827608325136;9.7809440858756E-05
C:/Users/rlolo/Documents/Thèse/MEB et AFM/AFM/Résultats AFM Dynamo/06062025/Plaque hydrophobique_ethanol_PEI 0.5_Incubation 1h/cell2/force mapp/map-data-2025.06.06-11.56.16.356.jpk-force-map;map-data-2025.06.06-11.56.16.356.jpk-force-map;629;0.142;7.801310208055;[2.5e-05, 2.5e-05];[32, 32];1.28190192052897E-05;paraboloid;0.000000032;False;;False;-7.27653256745375E-07;5441.33583258368;1.05375159983542E-10;;0.5;;-1.5533072895778E-20;1.92667149404812E-21;4.38938662463005E-11;0.988553167179099;1.40920974843118E-08;4.69736582810393E-09;8.09844917576105E-06;8.27719683144993E-07;paraboloid;0.000000032;analytical;False;;False;1;2046.54519615416;0.000720487436749559;0.185219528880134;2.53536450271081E-11;0.5;5,00E-07;5;154;1.5429082144796E-10;6.20179328631846E-20;2.49033999412097E-10;0.856073764205082;-5.481349086496E-08;-1.370337271624E-08;0.000100546133459541;9.7785787508706E-05
C:/Users/rlolo/Documents/Thèse/MEB et AFM/AFM/Résultats AFM Dynamo/06062025/Plaque hydrophobique_ethanol_PEI 0.5_Incubation 1h/cell2/force mapp/map-data-2025.06.06-11.56.16.356.jpk-force-map;map-data-2025.06.06-11.56.16.356.jpk-force-map;630;0.142;7.801310208055;[2.5e-05, 2.5e-05];[32, 32];9.5332850431441E-06;paraboloid;0.000000032;False;;False;-5.8599641403316E-09;27728.9998815527;7.3070559322204E-10;;0.5;;-1.84892988736929E-19;7.08636617605023E-21;8.4180556995367E-11;0.747519563070067;1.43723079638556E-08;4.7907693212852E-09;4.90122584950255E-06;1.92954443391635E-07;paraboloid;0.000000032;analytical;False;;False;1;10360.1272054998;-6.30856075734439E-05;0.123954399694101;1.36938208828547E-10;0.5;5,00E-07;5;151;5.63852835109443E-10;8.46931496631908E-19;9.20288811532504E-10;0.222861067484385;-2.02524772244578E-07;-5.06311930611446E-08;0.000100337983979101;9.7781056838696E-05
C:/Users/rlolo/Documents/Thèse/MEB et AFM/AFM/Résultats AFM Dynamo/06062025/Plaque hydrophobique_ethanol_PEI 0.5_Incubation 1h/cell2/force mapp/map-data-2025.06.06-11.56.16.356.jpk-force-map;map-data-2025.06.06-11.56.16.356.jpk-force-map;631;0.142;7.801310208055;[2.5e-05, 2.5e-05];[32, 32];5.73869636137285E-06;paraboloid;0.000000032;False;;False;8.53960257209751E-08;8978739.38178802;2.67340489363958E-10;;0.5;;-7.88686654581294E-19;7.13326767423974E-21;8.445867435758E-11;0.446418986348723;2.82928551537711E-08;9.43095171792371E-09;1.0187413189455E-06;5.16747759718157E-09;paraboloid;0.000000032;analytical;False;;False;1;441051.973653986;-0.000560463779496321;0.0102317813170374;7.32791920591251E-11;0.5;5,00E-07;5;156;2.37564116406869E-10;2.03202825394657E-19;4.50780240687917E-10;0.965107045385124;9.69747803354459E-08;2.42436950838615E-08;0.000100275539134969;9.7635352202388E-05
C:/Users/rlolo/Documents/Thèse/MEB et AFM/AFM/Résultats AFM Dynamo/06062025/Plaque hydrophobique_ethanol_PEI 0.5_Incubation 1h/cell2/force mapp/map-data-2025.06.06-11.56.16.356.jpk-force-map;map-data-2025.06.06-11.56.16.356.jpk-force-map;632;0.142;7.801310208055;[2.5e-05, 2.5e-05];[32, 32];5.7121809559668E-06;paraboloid;0.000000032;False;;False;8.50981115194572E-08;6390685.55809643;7.45142644143018E-11;;0.5;;-8.82661306792049E-19;4.60835537841431E-21;6.78848685526775E-11;0.640284144440306;3.43242440818261E-08;1.1441414693942E-08;1.0078607779225E-06;6.79824723491027E-09;paraboloid;0.000000032;analytical;False;;False;1;473593.104547621;-0.000549906340827518;0.0106469450396388;1.92175346979608E-10;0.5;5,00E-07;5;156;1.70910634165403E-10;1.78707474136239E-19;4.22738067999842E-10;0.969922985530843;-3.26653783559141E-07;-8.16634458897852E-08;9.9726308346808E-05;9.739030349587E-05
C:/Users/rlolo/Documents/Thèse/MEB et AFM/AFM/Résultats AFM Dynamo/06062025/Plaque hydrophobique_ethanol_PEI 0.5_Incubation 1h/cell2/force mapp/map-data-2025.06.06-11.56.16.356.jpk-force-map;map-data-2025.06.06-11.56.16.356.jpk-force-map;633;0.142;7.801310208055;[2.5e-05, 2.5e-05];[32, 32];5.70335825639815E-06;paraboloid;0.000000032;False;;False;9.10312150174884E-08;21832150.3872888;1.03458681881834E-11;;0.5;;-2.24348662174857E-19;6.7560000397295E-22;2.59923066304811E-11;0.91936278457239;-2.00633270368547E-08;-6.68777567895158E-09;1.00646523026955E-06;3.14239912199867E-09;paraboloid;0.000000032;analytical;False;;False;1;462972.88654528;-0.000608549566845326;0.0100284148123092;5.72152309356873E-11;0.5;5,00E-07;5;156;1.37256538623791E-10;1.70421288008364E-19;4.12821133190107E-10;0.969954733718679;4.2639644774908E-07;1.0659911193727E-07;9.9615137601573E-05;9.7285755688649E-05
C:/Users/rlolo/Documents/Thèse/MEB et AFM/AFM/Résultats AFM Dynamo/06062025/Plaque hydrophobique_ethanol_PEI 0.5_Incubation 1h/cell2/force mapp/map-data-2025.06.06-11.56.16.356.jpk-force-map;map-data-2025.06.06-11.56.16.356.jpk-force-map;634;0.142;7.801310208055;[2.5e-05, 2.5e-05];[32, 32];5.69441729007925E-06;paraboloid;0.000000032;False;;False;8.86413728408132E-08;10422751.4143888;6.70503545601315E-12;;0.5;;-4.88646435528008E-19;6.95843715374943E-22;2.63788497735391E-11;0.929402713701388;-6.42484250367011E-09;-2.14161416789004E-09;9.99345571904502E-07;5.39473488032869E-09;paraboloid;0.000000032;analytical;False;;False;1;442745.376780563;-0.000587068333664077;0.0100020162241631;-2.96653764625508E-11;0.5;5,00E-07;5;156;2.81612718195856E-11;1.25245608953776E-19;3.53900563652809E-10;0.970171833532258;1.5669211788688E-07;3.91730294717201E-08;9.9635479482616E-05;9.7235610586543E-05
C:/Users/rlolo/Documents/Thèse/MEB et AFM/AFM/Résultats AFM Dynamo/06062025/Plaque hydrophobique_ethanol_PEI 0.5_Incubation 1h/cell2/force mapp/map-data-2025.06.06-11.56.16.356.jpk-force-map;map-data-2025.06.06-11.56.16.356.jpk-force-map;635;0.142;7.801310208055;[2.5e-05, 2.5e-05];[32, 32];5.67984682644845E-06;paraboloid;0.000000032;False;;False;8.6512745936049E-08;14660467.8529464;4.35299809752528E-12;;0.5;;-4.2766766301766E-20;5.99057268129165E-22;2.44756464292399E-11;0.93881769150291;-3.92609221604824E-09;-1.30869740534941E-09;9.82693613469302E-07;4.48696367775167E-09;paraboloid;0.000000032;analytical;False;;False;1;454988.949980378;-0.000604270704157254;0.0103359251490297;1.08547651141642E-11;0.5;5,00E-07;5;156;6.20996200127925E-11;1.7701283724514E-19;4.20728935592907E-10;0.961752422989088;3.50891991115129E-07;8.77229977787822E-08;9.968467845072E-05;9.7212430303494E-05
C:/Users/rlolo/Documents/Thèse/MEB et AFM/AFM/Résultats AFM Dynamo/06062025/Plaque hydrophobique_ethanol_PEI 0.5_Incubation 1h/cell2/force mapp/map-data-2025.06.06-11.56.16.356.jpk-force-map;map-data-2025.06.06-11.56.16.356.jpk-force-map;636;0.142;7.801310208055;[2.5e-05, 2.5e-05];[32, 32];5.6708822067795E-06;paraboloid;0.000000032;False;;False;8.60740965001261E-08;13031511.4216369;-1.52286531552023E-11;;0.5;;-9.16601418894608E-20;4.82195532597681E-22;2.19589510814538E-11;0.94992847211162;4.94871413968602E-09;1.64957137989534E-09;9.74083794051101E-07;4.82711517651027E-09;paraboloid;0.000000032;analytical;False;;False;1;411477.765053781;-0.000645226856478175;0.0100000286387648;-5.35261753987347E-11;0.5;5,00E-07;5;156;7.71565534135232E-12;1.41139159026203E-19;3.75684919881279E-10;0.965202063415635;5.15409898356071E-07;1.28852474589018E-07;9.9630275745605E-05;9.7188776953444E-05
C:/Users/rlolo/Documents/Thèse/MEB et AFM/AFM/Résultats AFM Dynamo/06062025/Plaque hydrophobique_ethanol_PEI 0.5_Incubation 1h/cell2/force mapp/map-data-2025.06.06-11.56.16.356.jpk-force-map;map-data-2025.06.06-11.56.16.356.jpk-force-map;637;0.142;7.801310208055;[2.5e-05, 2.5e-05];[32, 32];5.6425928001197E-06;paraboloid;0.000000032;False;;False;8.50163503419993E-08;10359235.2658011;-1.49371868957213E-11;;0.5;;-1.72432813176398E-19;4.72769784531263E-22;2.17432698675076E-11;0.962147572322054;9.79676681465554E-09;3.26558893821851E-09;9.46953401543752E-07;6.10184148198011E-09;paraboloid;0.000000032;analytical;False;;False;1;443052.123529617;-0.000587784357720386;0.0101816563022709;-1.70690904232443E-11;0.5;5,00E-07;5;157;5.29261924097486E-11;1.51581608777273E-19;3.8933482862091E-10;0.969723080122818;-1.45405806613181E-06;-3.63514516532954E-07;9.9791118525945E-05;9.7213376437496E-05
C:/Users/rlolo/Documents/Thèse/MEB et AFM/AFM/Résultats AFM Dynamo/06062025/Plaque hydrophobique_ethanol_PEI 0.5_Incubation 1h/cell2/force mapp/map-data-2025.06.06-11.56.16.356.jpk-force-map;map-data-2025.06.06-11.56.16.356.jpk-force-map;638;0.142;7.801310208055;[2.5e-05, 2.5e-05];[32, 32];5.62809329653905E-06;paraboloid;0.000000032;False;;False;8.34350538368765E-08;8518673.9058204;-1.46682257074472E-11;;0.5;;-1.85822950717277E-19;6.18551000735827E-22;2.48706855702819E-11;0.948020497239626;3.34579801806238E-09;1.11526600602079E-09;9.31247577110551E-07;6.42158737529162E-09;paraboloid;0.000000032;analytical;False;;False;1;504295.732095866;-0.000463861736233615;0.0100109289691886;6.13939034286253E-11;0.5;5,00E-07;5;157;1.07693180684482E-10;1.21866473334166E-19;3.49093788736159E-10;0.976688593226329;8.12936019524537E-08;2.03234004881134E-08;9.9663390435675E-05;9.7202968963474E-05
C:/Users/rlolo/Documents/Thèse/MEB et AFM/AFM/Résultats AFM Dynamo/06062025/Plaque hydrophobique_ethanol_PEI 0.5_Incubation 1h/cell2/force mapp/map-data-2025.06.06-11.56.16.356.jpk-force-map;map-data-2025.06.06-11.56.16.356.jpk-force-map;639;0.142;7.801310208055;[2.5e-05, 2.5e-05];[32, 32];5.62184881212585E-06;paraboloid;0.000000032;False;;False;8.50580904706211E-08;11785973.8262645;-1.78745311275582E-11;;0.5;;-6.62704673814508E-19;5.968358498511E-22;2.44302241056258E-11;0.95050648885319;-3.31570065515561E-08;-1.10523355171854E-08;9.25878266649201E-07;5.36593530514391E-09;paraboloid;0.000000032;analytical;False;;False;1;443974.273409146;-0.000680796464720537;0.0100000272508918;-1.04134353585267E-11;0.5;5,00E-07;5;156;8.31176391519964E-11;2.49149974984623E-19;4.99149251211121E-10;0.952341209333921;2.54891274690753E-07;6.37228186726883E-08;9.9591957318524E-05;9.7180734814427E-05
C:/Users/rlolo/Documents/Thèse/MEB et AFM/AFM/Résultats AFM Dynamo/06062025/Plaque hydrophobique_ethanol_PEI 0.5_Incubation 1h/cell2/force mapp/map-data-2025.06.06-11.56.16.356.jpk-force-map;map-data-2025.06.06-11.56.16.356.jpk-force-map;640;0.142;7.801310208055;[2.5e-05, 2.5e-05];[32, 32];5.6342668209021E-06;paraboloid;0.000000032;False;;False;8.56919609105874E-08;18128693.5252727;-1.13210773814076E-11;;0.5;;-2.06233618179796E-19;6.1322903768745E-22;2.47634617468449E-11;0.941452625750795;3.68202143305364E-09;1.22734047768455E-09;9.37468408173702E-07;4.08412726858124E-09;paraboloid;0.000000032;analytical;False;;False;1;445203.319081337;-0.000630734135858877;0.0101662071904474;9.64567251699475E-11;0.5;5,00E-07;5;156;1.43399739656279E-10;1.95313609556251E-19;4.41942993559408E-10;0.965111340358226;5.25038230460098E-07;1.31259557615025E-07;9.9418814796158E-05;9.7200130561468E-05
C:/Users/rlolo/Documents/Thèse/MEB et AFM/AFM/Résultats AFM Dynamo/06062025/Plaque hydrophobique_ethanol_PEI 0.5_Incubation 1h/cell2/force mapp/map-data-2025.06.06-11.56.16.356.jpk-force-map;map-data-2025.06.06-11.56.16.356.jpk-force-map;641;0.142;7.801310208055;[2.5e-05, 2.5e-05];[32, 32];5.6244270272813E-06;paraboloid;0.000000032;False;;False;8.42129143602784E-08;5510958.09940861;-1.24377796465308E-11;;0.5;;-1.19425664785025E-19;5.20823579590747E-22;2.28215595345881E-11;0.956888655316266;-7.38036315132028E-09;-2.46012105044009E-09;9.31294883810651E-07;8.54307312947087E-09;paraboloid;0.000000032;analytical;False;;False;1;452685.739491985;-0.00049885568835739;0.0100002820639463;2.13759710490657E-11;0.5;5,00E-07;5;158;9.22459302537256E-11;1.22451761452116E-19;3.49931081003269E-10;0.976574442817152;4.82712480170918E-08;1.20678120042729E-08;9.9589118916518E-05;9.7160392933384E-05
C:/Users/rlolo/Documents/Thèse/MEB et AFM/AFM/Résultats AFM Dynamo/06062025/Plaque hydrophobique_ethanol_PEI 0.5_Incubation 1h/cell2/force mapp/map-data-2025.06.06-11.56.16.356.jpk-force-map;map-data-2025.06.06-11.56.16.356.jpk-force-map;642;0.142;7.801310208055;[2.5e-05, 2.5e-05];[32, 32];5.64994899198525E-06;paraboloid;0.000000032;False;;False;8.60753074506005E-08;16213700.1887795;-1.91408938109037E-11;;0.5;;-9.61648072204155E-19;6.8972419976072E-22;2.62626007805914E-11;0.937514274089639;-3.82536471105581E-08;-1.27512157035194E-08;9.54025753208702E-07;4.14640641516503E-09;paraboloid;0.000000032;analytical;False;;False;1;505103.19773301;-0.000526686486974608;0.0118125469808662;1.26719413267243E-10;0.5;5,00E-07;5;156;1.23498434002102E-10;2.2632269511995E-19;4.75733849037411E-10;0.958188911430494;1.89436909167548E-07;4.73592272918869E-08;9.9248510675798E-05;9.720107669547E-05
C:/Users/rlolo/Documents/Thèse/MEB et AFM/AFM/Résultats AFM Dynamo/06062025/Plaque hydrophobique_ethanol_PEI 0.5_Incubation 1h/cell2/force mapp/map-data-2025.06.06-11.56.16.356.jpk-force-map;map-data-2025.06.06-11.56.16.356.jpk-force-map;643;0.142;7.801310208055;[2.5e-05, 2.5e-05];[32, 32];5.6691791655759E-06;paraboloid;0.000000032;False;;False;8.50450283867236E-08;14076210.584046;-1.49637455562013E-11;;0.5;;2.90765807539837E-23;4.94112423097275E-22;2.22286397041581E-11;0.955712458861698;-5.11219464165368E-09;-1.70406488055123E-09;9.73043046648901E-07;4.87411861373919E-09;paraboloid;0.000000032;analytical;False;;False;1;442800.688185272;-0.000586993328259558;0.0102572012952134;-1.81849838036825E-12;0.5;5,00E-07;5;157;4.4382290294434E-11;1.4689602266849E-19;3.8327016929118E-10;0.971131526947236;6.71137015434152E-07;1.67784253858538E-07;9.9292978973892E-05;9.7194453757456E-05
C:/Users/rlolo/Documents/Thèse/MEB et AFM/AFM/Résultats AFM Dynamo/06062025/Plaque hydrophobique_ethanol_PEI 0.5_Incubation 1h/cell2/force mapp/map-data-2025.06.06-11.56.16.356.jpk-force-map;map-data-2025.06.06-11.56.16.356.jpk-force-map;644;0.142;7.801310208055;[2.5e-05, 2.5e-05];[32, 32];5.68665899126285E-06;paraboloid;0.000000032;False;;False;8.634851990136E-08;22756411.8947593;-1.15845560429487E-11;;0.5;;-3.80440666043099E-20;6.40840535029658E-22;2.53148283626348E-11;0.944265109494262;1.94513437349153E-09;6.48378124497176E-10;9.90924979286701E-07;3.59913046705405E-09;paraboloid;0.000000032;analytical;False;;False;1;433002.844162792;-0.000685672493690529;0.0100538230922503;6.44473185493454E-11;0.5;5,00E-07;5;156;1.36351780255406E-10;2.14123149282888E-19;4.62734426299674E-10;0.962808315669417;1.77228926771979E-07;4.43072316929947E-08;9.9329405132969E-05;9.7190196154447E-05
C:/Users/rlolo/Documents/Thèse/MEB et AFM/AFM/Résultats AFM Dynamo/06062025/Plaque hydrophobique_ethanol_PEI 0.5_Incubation 1h/cell2/force mapp/map-data-2025.06.06-11.56.16.356.jpk-force-map;map-data-2025.06.06-11.56.16.356.jpk-force-map;645;0.142;7.801310208055;[2.5e-05, 2.5e-05];[32, 32];5.6870610982137E-06;paraboloid;0.000000032;False;;False;8.34113990008018E-08;9191584.63334108;-1.41035232071903E-11;;0.5;;-5.08794820167265E-19;5.85372654101017E-22;2.41944756938649E-11;0.950576628154571;1.24441997083275E-08;4.1480665694425E-09;9.90617485736051E-07;6.14763406944329E-09;paraboloid;0.000000032;analytical;False;;False;1;454157.401332954;-0.000556718159053699;0.0110245629591154;4.35340942100191E-11;0.5;5,00E-07;5;157;1.01691659039814E-10;1.5124672944865E-19;3.88904524849802E-10;0.97069652297057;8.66795746154254E-08;2.16698936538563E-08;9.9514847397361E-05;9.7175531077416E-05
C:/Users/rlolo/Documents/Thèse/MEB et AFM/AFM/Résultats AFM Dynamo/06062025/Plaque hydrophobique_ethanol_PEI 0.5_Incubation 1h/cell2/force mapp/map-data-2025.06.06-11.56.16.356.jpk-force-map;map-data-2025.06.06-11.56.16.356.jpk-force-map;646;0.142;7.801310208055;[2.5e-05, 2.5e-05];[32, 32];5.6949140104303E-06;paraboloid;0.000000032;False;;False;8.59427811356966E-08;16598663.9387598;-6.42068498915395E-12;;0.5;;-1.79554710940101E-18;6.09945411322886E-22;2.46970729302662E-11;0.943306626028467;7.33889588093517E-09;2.44629862697839E-09;9.98541358002801E-07;4.00012120351756E-09;paraboloid;0.000000032;analytical;False;;False;1;470689.967400082;-0.000663617814760298;0.010069657841146;4.12451055411425E-11;0.5;5,00E-07;5;156;1.13632892123812E-10;2.55299459657256E-19;5.05271669161507E-10;0.957749319235281;-2.51980007854945E-06;-6.29950019637363E-07;9.9450510285225E-05;9.7184992417436E-05
C:/Users/rlolo/Documents/Thèse/MEB et AFM/AFM/Résultats AFM Dynamo/06062025/Plaque hydrophobique_ethanol_PEI 0.5_Incubation 1h/cell2/force mapp/map-data-2025.06.06-11.56.16.356.jpk-force-map;map-data-2025.06.06-11.56.16.356.jpk-force-map;647;0.142;7.801310208055;[2.5e-05, 2.5e-05];[32, 32];5.70023601419155E-06;paraboloid;0.000000032;False;;False;9.16380523923248E-08;5238915.09032325;-9.63217019760883E-12;;0.5;;-1.34553647695105E-19;5.24131935885081E-22;2.28939279260917E-11;0.956112351876682;1.08202331852117E-08;3.60674439507055E-09;1.01507504968775E-06;8.85741774512931E-09;paraboloid;0.000000032;analytical;False;;False;1;466219.308228466;-0.00059612384570322;0.0100002568636616;3.69938732194466E-11;0.5;5,00E-07;5;157;7.3754399761733E-11;1.95036934075072E-19;4.41629860941346E-10;0.965601129638281;4.51364917171867E-07;1.12841229292967E-07;9.9445306548214E-05;9.7175531077416E-05
C:/Users/rlolo/Documents/Thèse/MEB et AFM/AFM/Résultats AFM Dynamo/06062025/Plaque hydrophobique_ethanol_PEI 0.5_Incubation 1h/cell2/force mapp/map-data-2025.06.06-11.56.16.356.jpk-force-map;map-data-2025.06.06-11.56.16.356.jpk-force-map;648;0.142;7.801310208055;[2.5e-05, 2.5e-05];[32, 32];5.71442802422155E-06;paraboloid;0.000000032;False;;False;8.14998614653229E-08;4831004.95604949;1.49956383223039E-11;;0.5;;-1.23081943360268E-19;9.9299496462078E-22;3.15118226166114E-11;0.913487731002983;3.41857195964089E-09;1.13952398654696E-09;1.0192143859465E-06;8.51448920318515E-09;paraboloid;0.000000032;analytical;False;;False;1;471444.045990812;-0.000576519706891937;0.0100046756662621;6.77428808935353E-11;0.5;5,00E-07;5;157;1.2671511485926E-10;2.02443261340145E-19;4.49936952627971E-10;0.966800453445362;-2.31147753044357E-07;-5.77869382610891E-08;9.9346435545005E-05;9.7187830819442E-05
C:/Users/rlolo/Documents/Thèse/MEB et AFM/AFM/Résultats AFM Dynamo/06062025/Plaque hydrophobique_ethanol_PEI 0.5_Incubation 1h/cell2/force mapp/map-data-2025.06.06-11.56.16.356.jpk-force-map;map-data-2025.06.06-11.56.16.356.jpk-force-map;649;0.142;7.801310208055;[2.5e-05, 2.5e-05];[32, 32];9.53051760118825E-06;paraboloid;0.000000032;False;;False;-4.28459492654055E-08;13012.226314145;4.24612191695989E-11;;0.5;;-5.7358616212423E-21;3.74196081317971E-21;6.11715686669854E-11;0.961104725602642;-9.90853509421245E-08;-3.30284503140415E-08;5.1320115859404E-06;4.31799947818766E-07;paraboloid;0.000000032;analytical;False;;False;1;19389.568157586;0.000230049243209865;0.0100000206425683;7.77406497159483E-11;0.5;5,00E-07;5;145;2.62127026412321E-10;1.81316829954501E-19;4.25813139715651E-10;0.68956858862527;-8.81840475109143E-08;-2.20460118777286E-08;9.0795125517849E-05;9.7228987648529E-05
C:/Users/rlolo/Documents/Thèse/MEB et AFM/AFM/Résultats AFM Dynamo/06062025/Plaque hydrophobique_ethanol_PEI 0.5_Incubation 1h/cell2/force mapp/map-data-2025.06.06-11.56.16.356.jpk-force-map;map-data-2025.06.06-11.56.16.356.jpk-force-map;650;0.142;7.801310208055;[2.5e-05, 2.5e-05];[32, 32];1.32879232166809E-05;paraboloid;0.000000032;False;;False;-1.52764631789949E-06;1658.5062267211;-2.1569260213601E-10;;0.5;;-1.44798014125593E-17;9.50973215057033E-21;9.75178555474347E-11;0.909129287588857;5.14808925197032E-09;1.71602975065677E-09;8.7203194019256E-06;1.76153183948753E-06;paraboloid;0.000000032;analytical;False;;False;1;811.75241589109;-0.000386607324543251;0.21463891224696;-1.00733982188884E-10;0.5;5,00E-07;5;98;8.99314769254349E-11;3.06115908701241E-20;1.74961684005739E-10;0.904148483883357;-1.45132851380917E-08;-3.62832128452294E-09;9.19081884656164E-05;9.7453694474004E-05
C:/Users/rlolo/Documents/Thèse/MEB et AFM/AFM/Résultats AFM Dynamo/06062025/Plaque hydrophobique_ethanol_PEI 0.5_Incubation 1h/cell2/force mapp/map-data-2025.06.06-11.56.16.356.jpk-force-map;map-data-2025.06.06-11.56.16.356.jpk-force-map;651;0.142;7.801310208055;[2.5e-05, 2.5e-05];[32, 32];1.46521538341647E-05;paraboloid;0.000000032;False;;False;-2.3156157335761E-07;17911.7847569421;3.07785124183642E-11;;0.5;;-1.90051506315859E-19;4.46431757684756E-21;6.68155489152605E-11;0.940195687387629;1.32289662688285E-07;4.40965542294283E-08;9.92373089241945E-06;3.24212460586568E-07;paraboloid;0.000000032;analytical;False;;False;1;32511.7845354654;0.000511725104584793;0.0100000000074025;1.34304778905631E-11;0.5;5,00E-07;5;151;3.66182606112803E-11;1.5863383134688E-20;1.25949923122994E-10;0.935281331662945;-2.22532041215505E-10;-5.56330103038763E-11;9.76047420440099E-05;9.7805656322748E-05
C:/Users/rlolo/Documents/Thèse/MEB et AFM/AFM/Résultats AFM Dynamo/06062025/Plaque hydrophobique_ethanol_PEI 0.5_Incubation 1h/cell2/force mapp/map-data-2025.06.06-11.56.16.356.jpk-force-map;map-data-2025.06.06-11.56.16.356.jpk-force-map;652;0.142;7.801310208055;[2.5e-05, 2.5e-05];[32, 32];1.54772299906088E-05;paraboloid;0.000000032;False;;False;-4.83712767222797E-07;6611.0103295146;-1.06161003589202E-11;;0.5;;-4.35262923844458E-20;9.21249777291873E-21;9.59817575006768E-11;0.915087269970855;-451.525627808795;-150.508542602932;1.07994961780207E-05;6.26822697092777E-07;paraboloid;0.000000032;analytical;False;;False;1;80195.330103745;0.00461031452370979;0.0100000000578016;-1.08773136277432E-11;0.5;5,00E-07;5;154;2.76808139010372E-21;2.68839348482496E-20;1.63963211874645E-10;0.934830446978169;-1.83398013197832E-08;-4.5849503299458E-09;9.79496974657217E-05;9.7794775781725E-05
C:/Users/rlolo/Documents/Thèse/MEB et AFM/AFM/Résultats AFM Dynamo/06062025/Plaque hydrophobique_ethanol_PEI 0.5_Incubation 1h/cell2/force mapp/map-data-2025.06.06-11.56.16.356.jpk-force-map;map-data-2025.06.06-11.56.16.356.jpk-force-map;653;0.142;7.801310208055;[2.5e-05, 2.5e-05];[32, 32];1.57859062087613E-05;paraboloid;0.000000032;False;;False;3.41121868075631E-08;241787.696159743;1.2206139561233E-11;;0.5;;-1.85485501842188E-19;2.49892606658756E-21;4.99892595122948E-11;0.907530981769011;-1.22127634925874E-08;-4.07092116419579E-09;1.10671811405366E-05;6.12653056265651E-08;paraboloid;0.000000032;analytical;False;;False;1;327937.800486793;-5.09262563427784E-05;0.010000010982752;9.09479628010845E-11;0.5;5,00E-07;5;163;1.22602164526673E-10;5.10434664560826E-20;2.25928011667616E-10;0.982230927870346;3.37442829914001E-08;8.43607074785003E-09;9.82069661121189E-05;9.7656167150432E-05
C:/Users/rlolo/Documents/Thèse/MEB et AFM/AFM/Résultats AFM Dynamo/06062025/Plaque hydrophobique_ethanol_PEI 0.5_Incubation 1h/cell2/force mapp/map-data-2025.06.06-11.56.16.356.jpk-force-map;map-data-2025.06.06-11.56.16.356.jpk-force-map;654;0.142;7.801310208055;[2.5e-05, 2.5e-05];[32, 32];1.60834653523903E-05;paraboloid;0.000000032;False;;False;3.5649663928091E-08;94875.7073616905;-1.30269628932672E-11;;0.5;;-3.38378903160421E-20;8.18448526202013E-22;2.86085393930206E-11;0.988554145542342;3.60724580992975E-08;1.20241526997658E-08;1.22125000033076E-05;1.38346624902183E-07;paraboloid;0.000000032;analytical;False;;False;1;52240.9630825702;-0.000645758428697289;0.0100000000031913;-6.55872009767419E-11;0.5;5,00E-07;5;150;-1.8036328726744E-17;1.40317902656896E-20;1.18455857878323E-10;0.960096323472085;-5.40391078582362E-08;-1.3509776964559E-08;9.78083062499727E-05;9.70836627606726E-05
C:/Users/rlolo/Documents/Thèse/MEB et AFM/AFM/Résultats AFM Dynamo/06062025/Plaque hydrophobique_ethanol_PEI 0.5_Incubation 1h/cell2/force mapp/map-data-2025.06.06-11.56.16.356.jpk-force-map;map-data-2025.06.06-11.56.16.356.jpk-force-map;655;0.142;7.801310208055;[2.5e-05, 2.5e-05];[32, 32];1.61477078511261E-05;paraboloid;0.000000032;False;;False;8.84505478343482E-08;14141072.3196211;-1.04631956498643E-12;;0.5;;-1.65707068192214E-19;7.78706712620474E-22;2.79053169238494E-11;0.925669202413029;1.41043050964857E-09;4.70143503216191E-10;1.23887174611801E-05;4.26007269165757E-09;paraboloid;0.000000032;analytical;False;;False;1;459039.516628394;-0.000615580138153776;0.0100479869710066;9.38997602453609E-11;0.5;5,00E-07;5;154;9.71693258452937E-11;1.71241295630297E-19;4.13813116793435E-10;0.952999663821886;7.614571664008E-08;1.903642916002E-08;9.65367956177658E-05;9.68455756047185E-05
C:/Users/rlolo/Documents/Thèse/MEB et AFM/AFM/Résultats AFM Dynamo/06062025/Plaque hydrophobique_ethanol_PEI 0.5_Incubation 1h/cell2/force mapp/map-data-2025.06.06-11.56.16.356.jpk-force-map;map-data-2025.06.06-11.56.16.356.jpk-force-map;656;0.142;7.801310208055;[2.5e-05, 2.5e-05];[32, 32];1.61772981920387E-05;paraboloid;0.000000032;False;;False;-4.09119156399292E-08;68460.0165207065;4.95724100323338E-12;;0.5;;-8.10124694291305E-20;2.20451618444801E-21;4.69522756045754E-11;0.952607811817459;-2.19109427830934E-09;-7.30364759436446E-10;1.24625395666862E-05;1.41352009453342E-07;paraboloid;0.000000032;analytical;False;;False;1;339217.271598541;0.000673661127595763;0.0100000000074024;-4.32028642701515E-11;0.5;5,00E-07;5;152;2.50518010945319E-11;3.86743766372468E-20;1.96658019509113E-10;0.981180405760021;3.08688375963821E-09;7.71720939909552E-10;9.77198695475157E-05;9.67360158968904E-05
C:/Users/rlolo/Documents/Thèse/MEB et AFM/AFM/Résultats AFM Dynamo/06062025/Plaque hydrophobique_ethanol_PEI 0.5_Incubation 1h/cell2/force mapp/map-data-2025.06.06-11.56.16.356.jpk-force-map;map-data-2025.06.06-11.56.16.356.jpk-force-map;657;0.142;7.801310208055;[2.5e-05, 2.5e-05];[32, 32];1.62002182882371E-05;paraboloid;0.000000032;False;;False;4.47883850838449E-08;307419.602507203;3.60959192203714E-13;;0.5;;-5.3639514197678E-20;1.57985412725937E-21;3.97473788728184E-11;0.940915904390304;7.4168765191518E-10;2.4722921730506E-10;1.27943724145376E-05;5.43465640685872E-08;paraboloid;0.000000032;analytical;False;;False;1;335094.480510462;-0.000184385798755739;0.0100000011585563;9.18324801685698E-12;0.5;5,00E-07;5;161;7.20661649052088E-11;5.28502854171245E-20;2.29891899416061E-10;0.975180944103189;-2.63450716874823E-08;-6.58626792187058E-09;9.7364073516974E-05;9.64003154558668E-05
C:/Users/rlolo/Documents/Thèse/MEB et AFM/AFM/Résultats AFM Dynamo/06062025/Plaque hydrophobique_ethanol_PEI 0.5_Incubation 1h/cell2/force mapp/map-data-2025.06.06-11.56.16.356.jpk-force-map;map-data-2025.06.06-11.56.16.356.jpk-force-map;658;0.142;7.801310208055;[2.5e-05, 2.5e-05];[32, 32];1.62169648600725E-05;paraboloid;0.000000032;False;;False;-9.31998702185751E-10;121844.535451157;-1.8646319130021E-12;;0.5;;-9.51910552406606E-20;1.81749476145071E-21;4.26320860555839E-11;0.946301461232668;3.53915529280549E-09;1.17971843093516E-09;1.29286051760714E-05;9.51019424106168E-08;paraboloid;0.000000032;analytical;False;;False;1;296954.972954454;0.000159080381398558;0.0100000000074024;-1.90682290504943E-11;0.5;5,00E-07;5;146;4.55121958385254E-11;4.50866998432954E-20;2.12336289510991E-10;0.974644671754824;3.00989076280369E-08;7.52472690700924E-09;9.69747598520505E-05;9.62272073606021E-05
C:/Users/rlolo/Documents/Thèse/MEB et AFM/AFM/Résultats AFM Dynamo/06062025/Plaque hydrophobique_ethanol_PEI 0.5_Incubation 1h/cell2/force mapp/map-data-2025.06.06-11.56.16.356.jpk-force-map;map-data-2025.06.06-11.56.16.356.jpk-force-map;659;0.142;7.801310208055;[2.5e-05, 2.5e-05];[32, 32];1.6230447269601E-05;paraboloid;0.000000032;False;;False;2.70733094479692E-08;202575.953017471;4.73051103946288E-12;;0.5;;-1.01342587214084E-19;1.84495393381121E-21;4.29529269527841E-11;0.926435742824601;-1.16469778671158E-09;-3.88232595570527E-10;1.30051710701832E-05;6.61968657966941E-08;paraboloid;0.000000032;analytical;False;;False;1;445399.856990315;-3.55287084014468E-05;0.0100000005981712;5.75220000200943E-11;0.5;5,00E-07;5;163;8.73945010035023E-11;9.58802060379746E-20;3.09645290676242E-10;0.972698347614708;-4.09256754272992E-07;-1.02314188568248E-07;9.67476586152207E-05;9.61097681606099E-05
C:/Users/rlolo/Documents/Thèse/MEB et AFM/AFM/Résultats AFM Dynamo/06062025/Plaque hydrophobique_ethanol_PEI 0.5_Incubation 1h/cell2/force mapp/map-data-2025.06.06-11.56.16.356.jpk-force-map;map-data-2025.06.06-11.56.16.356.jpk-force-map;660;0.142;7.801310208055;[2.5e-05, 2.5e-05];[32, 32];1.62408074369229E-05;paraboloid;0.000000032;False;;False;7.27837651114838E-08;1217602.96451714;-5.26413131557533E-13;;0.5;;-1.03986795475236E-19;1.61337486234513E-21;4.01668378434889E-11;0.885071797828789;1.38635454666671E-09;4.62118182222238E-10;1.30687985818177E-05;2.04677888155687E-08;paraboloid;0.000000032;analytical;False;;False;1;515079.782461665;-0.000405523291622417;0.0100000479860773;8.17975035085962E-11;0.5;5,00E-07;5;157;1.39222541813177E-10;1.36264386447179E-19;3.69140063454482E-10;0.969020419992372;3.22401606853252E-07;8.0600401713313E-08;0.0000965816650986999;9.60249710900805E-05
C:/Users/rlolo/Documents/Thèse/MEB et AFM/AFM/Résultats AFM Dynamo/06062025/Plaque hydrophobique_ethanol_PEI 0.5_Incubation 1h/cell2/force mapp/map-data-2025.06.06-11.56.16.356.jpk-force-map;map-data-2025.06.06-11.56.16.356.jpk-force-map;661;0.142;7.801310208055;[2.5e-05, 2.5e-05];[32, 32];1.62480926687383E-05;paraboloid;0.000000032;False;;False;8.26955582315189E-08;2325281.59837971;5.96641639998761E-13;;0.5;;-1.69936447660338E-20;6.2166163304607E-22;2.49331432644597E-11;0.957959515568738;-4.44275556621781E-10;-1.4809185220726E-10;1.30796554694907E-05;1.55330849665987E-08;paraboloid;0.000000032;analytical;False;;False;1;450924.618898894;-0.000485610164448187;0.0100000308829758;-2.01082429613339E-11;0.5;5,00E-07;5;156;2.99840710763679E-11;9.51126293596624E-20;3.08403354974719E-10;0.968649020087414;9.20215548378106E-08;2.30053887094527E-08;9.65228656772042E-05;9.60248393092012E-05
C:/Users/rlolo/Documents/Thèse/MEB et AFM/AFM/Résultats AFM Dynamo/06062025/Plaque hydrophobique_ethanol_PEI 0.5_Incubation 1h/cell2/force mapp/map-data-2025.06.06-11.56.16.356.jpk-force-map;map-data-2025.06.06-11.56.16.356.jpk-force-map;662;0.142;7.801310208055;[2.5e-05, 2.5e-05];[32, 32];1.62551177137032E-05;paraboloid;0.000000032;False;;False;5.15911651025254E-08;302999.054260109;5.60211661767833E-12;;0.5;;-1.04733300710772E-19;1.99867661860135E-21;4.47065612477782E-11;0.894476944370289;-4.17594083345513E-09;-1.39198027781838E-09;1.3086917047956E-05;4.85422476581252E-08;paraboloid;0.000000032;analytical;False;;False;1;356049.517389664;-0.000261532919348722;0.0100000013495919;4.34608048182139E-11;0.5;5,00E-07;5;161;8.33000975751231E-11;9.1745166857357E-20;3.0289464646533E-10;0.965082415769551;-2.13357359171223E-08;-5.33393397928058E-09;9.64618934829505E-05;9.60104176813766E-05
C:/Users/rlolo/Documents/Thèse/MEB et AFM/AFM/Résultats AFM Dynamo/06062025/Plaque hydrophobique_ethanol_PEI 0.5_Incubation 1h/cell2/force mapp/map-data-2025.06.06-11.56.16.356.jpk-force-map;map-data-2025.06.06-11.56.16.356.jpk-force-map;663;0.142;7.801310208055;[2.5e-05, 2.5e-05];[32, 32];1.6258831289661E-05;paraboloid;0.000000032;False;;False;1.75130728261293E-08;140328.966486617;9.98672335714963E-12;;0.5;;-2.0997738757689E-19;2.26490122623821E-21;4.75909784122812E-11;0.899946980722031;-7.40708519047949E-09;-2.4690283968265E-09;1.29850657226407E-05;7.74733725884686E-08;paraboloid;0.000000032;analytical;False;;False;1;465998.502131425;6.32447290580488E-05;0.0100000000022179;4.13577948380375E-13;0.5;5,00E-07;5;165;6.53595754329652E-11;1.17172644919703E-19;3.42304900519555E-10;0.96963500245881;2.23357030020334E-08;5.58392575050836E-09;9.65469887259239E-05;9.6159202187328E-05
C:/Users/rlolo/Documents/Thèse/MEB et AFM/AFM/Résultats AFM Dynamo/06062025/Plaque hydrophobique_ethanol_PEI 0.5_Incubation 1h/cell2/force mapp/map-data-2025.06.06-11.56.16.356.jpk-force-map;map-data-2025.06.06-11.56.16.356.jpk-force-map;664;0.142;7.801310208055;[2.5e-05, 2.5e-05];[32, 32];1.62609600911655E-05;paraboloid;0.000000032;False;;False;6.93774471415745E-08;810432.677900464;7.15682283770636E-12;;0.5;;-1.77994429612383E-19;2.21845855171849E-21;4.71005154082043E-11;0.851243206676942;-1.10115267428563E-09;-3.67050891428544E-10;1.28755507119092E-05;2.55327795998234E-08;paraboloid;0.000000032;analytical;False;;False;1;487134.557644259;-0.000398376380430776;0.0100000180373879;1.06674007087097E-10;0.5;5,00E-07;5;158;1.27693226263616E-10;1.51308180428447E-19;3.88983522052602E-10;0.96710006111862;1.28415681536956E-07;3.21039203842391E-08;9.66821857416865E-05;9.63173138895253E-05
C:/Users/rlolo/Documents/Thèse/MEB et AFM/AFM/Résultats AFM Dynamo/06062025/Plaque hydrophobique_ethanol_PEI 0.5_Incubation 1h/cell2/force mapp/map-data-2025.06.06-11.56.16.356.jpk-force-map;map-data-2025.06.06-11.56.16.356.jpk-force-map;665;0.142;7.801310208055;[2.5e-05, 2.5e-05];[32, 32];1.62626394790191E-05;paraboloid;0.000000032;False;;False;8.25042941887242E-08;2914236.75570809;7.09202658409087E-12;;0.5;;-1.09583372931484E-19;1.59893612855523E-21;3.99866993956145E-11;0.873945029473621;-7.70567492863494E-09;-2.56855830954498E-09;1.27422167776774E-05;1.15293713263497E-08;paraboloid;0.000000032;analytical;False;;False;1;490772.788550547;-0.000506548483938055;0.0100002386604827;1.08293927995458E-10;0.5;5,00E-07;5;156;1.72007706362099E-10;1.62907800145067E-19;4.03618384300155E-10;0.966003212908837;1.59239572359937E-07;3.98098930899842E-08;9.68604374867609E-05;9.64920458558036E-05
C:/Users/rlolo/Documents/Thèse/MEB et AFM/AFM/Résultats AFM Dynamo/06062025/Plaque hydrophobique_ethanol_PEI 0.5_Incubation 1h/cell2/force mapp/map-data-2025.06.06-11.56.16.356.jpk-force-map;map-data-2025.06.06-11.56.16.356.jpk-force-map;666;0.142;7.801310208055;[2.5e-05, 2.5e-05];[32, 32];1.62629706259198E-05;paraboloid;0.000000032;False;;False;5.66987907052344E-08;406719.319371056;-2.04058720555299E-13;;0.5;;-2.07493849290227E-19;2.50798022830717E-21;5.00797387004681E-11;0.825118934474203;2.24695683596674E-09;7.48985611988914E-10;1.25809009303364E-05;3.65701147982519E-08;paraboloid;0.000000032;analytical;False;;False;1;461278.603152666;-0.000258067594601676;0.0100000044886712;3.58420343743395E-11;0.5;5,00E-07;5;160;8.48853771346259E-11;1.08691190918473E-19;3.29683470799604E-10;0.972403761842578;1.90827094338009E-08;4.77067735845023E-09;9.70649311275244E-05;9.66541629725975E-05
C:/Users/rlolo/Documents/Thèse/MEB et AFM/AFM/Résultats AFM Dynamo/06062025/Plaque hydrophobique_ethanol_PEI 0.5_Incubation 1h/cell2/force mapp/map-data-2025.06.06-11.56.16.356.jpk-force-map;map-data-2025.06.06-11.56.16.356.jpk-force-map;667;0.142;7.801310208055;[2.5e-05, 2.5e-05];[32, 32];1.62601085705637E-05;paraboloid;0.000000032;False;;False;9.10095537242054E-08;2984652.17952834;-6.90300726815207E-12;;0.5;;-2.33471372854344E-19;1.64641775257195E-21;4.0576073646571E-11;0.882080976169904;4.73605780822196E-09;1.57868593607399E-09;1.23122225271184E-05;1.18563651823821E-08;paraboloid;0.000000032;analytical;False;;False;1;412562.029519429;-0.000602040733118463;0.0100000006067351;9.76694970452179E-11;0.5;5,00E-07;5;155;1.57478158583473E-10;1.84233326636993E-19;4.29224098388001E-10;0.950422693925242;1.1535642713133E-07;2.88391067828326E-08;9.7372865056597E-05;9.69459065140344E-05
C:/Users/rlolo/Documents/Thèse/MEB et AFM/AFM/Résultats AFM Dynamo/06062025/Plaque hydrophobique_ethanol_PEI 0.5_Incubation 1h/cell2/force mapp/map-data-2025.06.06-11.56.16.356.jpk-force-map;map-data-2025.06.06-11.56.16.356.jpk-force-map;668;0.142;7.801310208055;[2.5e-05, 2.5e-05];[32, 32];1.62516406712458E-05;paraboloid;0.000000032;False;;False;8.89621610135345E-08;5470455.04796209;-9.27435437154598E-12;;0.5;;-9.42735156372455E-20;8.89595860513111E-22;2.98260936180572E-11;0.926400057943252;1.13699806189608E-08;3.78999353965359E-09;1.18420648881746E-05;8.35727236699715E-09;paraboloid;0.000000032;analytical;False;;False;1;386755.794046043;-0.000535628410957879;0.0100071374285875;1.06703055569851E-10;0.5;5,00E-07;5;154;1.70323383935946E-10;1.12456753165702E-19;3.35345721853884E-10;0.965081062289571;7.66713451678123E-07;1.91678362919531E-07;9.78142090849236E-05;9.736364932515E-05
C:/Users/rlolo/Documents/Thèse/MEB et AFM/AFM/Résultats AFM Dynamo/06062025/Plaque hydrophobique_ethanol_PEI 0.5_Incubation 1h/cell2/force mapp/map-data-2025.06.06-11.56.16.356.jpk-force-map;map-data-2025.06.06-11.56.16.356.jpk-force-map;669;0.142;7.801310208055;[2.5e-05, 2.5e-05];[32, 32];1.57998616852908E-05;paraboloid;0.000000032;False;;False;4.99739945647489E-08;134975.380750674;-2.13355744923388E-11;;0.5;;-6.51009672652746E-20;9.07506343559382E-22;3.01248459507992E-11;0.976290934101313;7.30200976428266E-08;2.43400325476089E-08;1.11313053725221E-05;9.52549949058956E-08;paraboloid;0.000000032;analytical;False;;False;1;178335.971885619;0.000237990604483171;0.019033287140647;-1.70486412019505E-11;0.5;5,00E-07;5;145;4.19636805617922E-11;1.55262930576899E-20;1.24604546697502E-10;0.977773401461244;-6.90930402025451E-09;-1.72732600506363E-09;0.000100835177397152;9.7647651944414E-05
C:/Users/rlolo/Documents/Thèse/MEB et AFM/AFM/Résultats AFM Dynamo/06062025/Plaque hydrophobique_ethanol_PEI 0.5_Incubation 1h/cell2/force mapp/map-data-2025.06.06-11.56.16.356.jpk-force-map;map-data-2025.06.06-11.56.16.356.jpk-force-map;670;0.142;7.801310208055;[2.5e-05, 2.5e-05];[32, 32];1.49007505431902E-05;paraboloid;0.000000032;False;;False;5.53842131834942E-09;40454.8302185964;-1.12528582416086E-11;;0.5;;-5.77155573733019E-20;1.80284525320202E-21;4.24599252613805E-11;0.976561378516459;2.9624441026054E-08;9.87481367535134E-09;1.03081924441322E-05;2.20287022766793E-07;paraboloid;0.000000032;analytical;False;;False;1;41691.8943071495;0.000373165643178863;0.0498666896756888;-9.10808638443307E-11;0.5;5,00E-07;5;156;2.63399389043711E-11;3.15878930844434E-20;1.77729831723443E-10;0.867225204150898;1.17441579025268E-08;2.93603947563171E-09;0.000100680957554826;9.7750780550632E-05
C:/Users/rlolo/Documents/Thèse/MEB et AFM/AFM/Résultats AFM Dynamo/06062025/Plaque hydrophobique_ethanol_PEI 0.5_Incubation 1h/cell2/force mapp/map-data-2025.06.06-11.56.16.356.jpk-force-map;map-data-2025.06.06-11.56.16.356.jpk-force-map;671;0.142;7.801310208055;[2.5e-05, 2.5e-05];[32, 32];1.26992859473366E-05;paraboloid;0.000000032;False;;False;-1.59241065190433E-07;18067.0168245495;3.06683007425709E-11;;0.5;;-1.69713496548545E-19;8.32582170960819E-21;9.12459407842792E-11;0.925576471323673;-3.24744000813652E-08;-1.08248000271217E-08;8.0869299942867E-06;3.66878681407621E-07;paraboloid;0.000000032;analytical;False;;False;1;15940.136325195;0.00139323080889249;0.149891486240506;-7.22831788788652E-11;0.5;5,00E-07;5;159;5.47012737806627E-10;1.03823013917592E-18;1.01893578756265E-09;0.413369511972975;-1.60863589027881E-07;-4.02158972569702E-08;0.000100406105627245;9.7817482997773E-05
C:/Users/rlolo/Documents/Thèse/MEB et AFM/AFM/Résultats AFM Dynamo/06062025/Plaque hydrophobique_ethanol_PEI 0.5_Incubation 1h/cell2/force mapp/map-data-2025.06.06-11.56.16.356.jpk-force-map;map-data-2025.06.06-11.56.16.356.jpk-force-map;672;0.142;7.801310208055;[2.5e-05, 2.5e-05];[32, 32];1.11116730919806E-05;paraboloid;0.000000032;False;;False;2.62197791415076E-08;102349.589577152;2.58037529142078E-11;;0.5;;-1.49612748338965E-19;2.71778027765921E-21;5.21323342817029E-11;0.935239749797151;-3.01125435503446E-08;-1.00375145167815E-08;6.4296343696834E-06;1.11497007258741E-07;paraboloid;0.000000032;analytical;False;;False;1;84531.8202785686;-0.00036606477344045;0.0100055343716765;-1.32022522417489E-10;0.5;5,00E-07;5;144;1.09283416805432E-09;5.14449496354069E-18;2.26814791482846E-09;0.172253912479946;-2.84209387198967E-07;-7.10523467997418E-08;0.000100580667350614;9.7788625910712E-05
C:/Users/rlolo/Documents/Thèse/MEB et AFM/AFM/Résultats AFM Dynamo/06062025/Plaque hydrophobique_ethanol_PEI 0.5_Incubation 1h/cell2/force mapp/map-data-2025.06.06-11.56.16.356.jpk-force-map;map-data-2025.06.06-11.56.16.356.jpk-force-map;673;0.142;7.801310208055;[2.5e-05, 2.5e-05];[32, 32];1.27823092060121E-05;paraboloid;0.000000032;False;;False;-7.43613627726684E-09;66019.7710279346;1.95028037122299E-11;;0.5;;-8.01210719089678E-20;4.03600284290054E-21;6.35295430717122E-11;0.938338427991571;-3.76769229118005E-08;-1.25589743039335E-08;8.1265730089705E-06;1.5911062801086E-07;paraboloid;0.000000032;analytical;False;;False;1;15327.7148888452;0.00012638112690444;0.204653594390192;-8.16816755744683E-11;0.5;5,00E-07;5;144;5.26440089259012E-10;6.98995692483502E-19;8.36059622564983E-10;0.248673622415262;-1.4543129322506E-07;-3.6357823306265E-08;9.71753848365632E-05;9.7553038544214E-05
C:/Users/rlolo/Documents/Thèse/MEB et AFM/AFM/Résultats AFM Dynamo/06062025/Plaque hydrophobique_ethanol_PEI 0.5_Incubation 1h/cell2/force mapp/map-data-2025.06.06-11.56.16.356.jpk-force-map;map-data-2025.06.06-11.56.16.356.jpk-force-map;674;0.142;7.801310208055;[2.5e-05, 2.5e-05];[32, 32];1.47280810878252E-05;paraboloid;0.000000032;False;;False;5.36317923948553E-08;491325.356416088;3.62738511184785E-12;;0.5;;-1.64342915782804E-20;1.18659967903117E-21;3.44470561736583E-11;0.942744748510297;-8.46098790479479E-10;-2.82032930159826E-10;1.00082679654982E-05;3.92587679148047E-08;paraboloid;0.000000032;analytical;False;;False;1;206610.756353141;-0.000139411411022049;0.0405170058833906;-4.87515157644494E-11;0.5;5,00E-07;5;158;4.93751777934046E-11;3.32992052392408E-20;1.82480698264887E-10;0.950713129231434;-5.15047484766075E-09;-1.28761871191519E-09;9.70184195213232E-05;9.7668466892458E-05
C:/Users/rlolo/Documents/Thèse/MEB et AFM/AFM/Résultats AFM Dynamo/06062025/Plaque hydrophobique_ethanol_PEI 0.5_Incubation 1h/cell2/force mapp/map-data-2025.06.06-11.56.16.356.jpk-force-map;map-data-2025.06.06-11.56.16.356.jpk-force-map;675;0.142;7.801310208055;[2.5e-05, 2.5e-05];[32, 32];1.57808207385006E-05;paraboloid;0.000000032;False;;False;-4.28185606617989E-09;100552.92645618;1.67467483518669E-12;;0.5;;-1.3455702541803E-19;2.93019909592354E-21;5.41313134509365E-11;0.897045158080605;1.30304390787668E-09;4.34347969292227E-10;1.1057909027317E-05;9.80695102749923E-08;paraboloid;0.000000032;analytical;False;;False;1;347232.59877527;0.000262950359529069;0.0100000127977596;1.70546024612184E-11;0.5;5,00E-07;5;146;5.89888319593531E-11;5.1651111208453E-20;2.27268808261171E-10;0.975654413388975;-1.77896724343158E-08;-4.44741810857894E-09;9.78003409316255E-05;9.774983441663E-05
C:/Users/rlolo/Documents/Thèse/MEB et AFM/AFM/Résultats AFM Dynamo/06062025/Plaque hydrophobique_ethanol_PEI 0.5_Incubation 1h/cell2/force mapp/map-data-2025.06.06-11.56.16.356.jpk-force-map;map-data-2025.06.06-11.56.16.356.jpk-force-map;676;0.142;7.801310208055;[2.5e-05, 2.5e-05];[32, 32];1.614009147241E-05;paraboloid;0.000000032;False;;False;-1.74838378886231E-08;75143.5899343987;-6.09443160550348E-12;;0.5;;-1.09271805715991E-19;2.70294822087292E-21;5.19898857555286E-11;0.886962598527837;7.96851716820322E-09;2.65617238940107E-09;1.16555582230303E-05;1.08822701550187E-07;paraboloid;0.000000032;analytical;False;;False;1;423369.956741814;0.000426301267547329;0.0100000000074022;-7.11922847116436E-12;0.5;5,00E-07;5;148;2.99585574134032E-11;7.26381408051722E-20;2.69514639315144E-10;0.974631120049648;1.05638241171321E-09;2.64095602928302E-10;9.80668209223813E-05;9.74536881214467E-05
C:/Users/rlolo/Documents/Thèse/MEB et AFM/AFM/Résultats AFM Dynamo/06062025/Plaque hydrophobique_ethanol_PEI 0.5_Incubation 1h/cell2/force mapp/map-data-2025.06.06-11.56.16.356.jpk-force-map;map-data-2025.06.06-11.56.16.356.jpk-force-map;677;0.142;7.801310208055;[2.5e-05, 2.5e-05];[32, 32];1.61929330564217E-05;paraboloid;0.000000032;False;;False;8.69306221205424E-08;10975810.4368931;-9.77359416986825E-12;;0.5;;-4.85938324451885E-20;8.3132590857468E-22;2.88327228782625E-11;0.927855320947118;8.44149881287465E-09;2.81383293762488E-09;1.20898337299483E-05;5.52936738214284E-09;paraboloid;0.000000032;analytical;False;;False;1;444719.554713452;-0.000548510047849065;0.0110566533995096;3.48141296660003E-11;0.5;5,00E-07;5;155;1.34572588290132E-10;1.1272919512672E-19;3.35751686707186E-10;0.970269400262828;6.56904465043123E-08;1.64226116260781E-08;9.67921810995209E-05;9.70864462708014E-05
C:/Users/rlolo/Documents/Thèse/MEB et AFM/AFM/Résultats AFM Dynamo/06062025/Plaque hydrophobique_ethanol_PEI 0.5_Incubation 1h/cell2/force mapp/map-data-2025.06.06-11.56.16.356.jpk-force-map;map-data-2025.06.06-11.56.16.356.jpk-force-map;678;0.142;7.801310208055;[2.5e-05, 2.5e-05];[32, 32];1.62173906203734E-05;paraboloid;0.000000032;False;;False;3.08882937815029E-08;203672.385859661;4.00566325115457E-12;;0.5;;-1.91685597346048E-19;3.20594148117748E-21;5.66210339112373E-11;0.853476846579785;-2.03529891957209E-09;-6.78432973190696E-10;1.23906097291841E-05;6.11749240608284E-08;paraboloid;0.000000032;analytical;False;;False;1;445268.398232162;-9.24896936293496E-05;0.0100000000164664;6.86060413669993E-12;0.5;5,00E-07;5;162;5.83523747868407E-11;1.22643520620026E-19;3.50204969439364E-10;0.962667335764059;5.76580543136015E-08;1.44145135784004E-08;9.77810531392474E-05;9.68242620036537E-05
C:/Users/rlolo/Documents/Thèse/MEB et AFM/AFM/Résultats AFM Dynamo/06062025/Plaque hydrophobique_ethanol_PEI 0.5_Incubation 1h/cell2/force mapp/map-data-2025.06.06-11.56.16.356.jpk-force-map;map-data-2025.06.06-11.56.16.356.jpk-force-map;679;0.142;7.801310208055;[2.5e-05, 2.5e-05];[32, 32];1.62330491381065E-05;paraboloid;0.000000032;False;;False;-1.25867956124711E-08;77742.2085534828;3.16905629390394E-12;;0.5;;-1.89901681121417E-19;2.94191489339882E-21;5.42394219493425E-11;0.874417207896746;-6.0403293446007E-10;-2.0134431148669E-10;1.26305020053912E-05;1.05548859659682E-07;paraboloid;0.000000032;analytical;False;;False;1;470060.952558077;0.000393882160194795;0.0100000076152854;-4.69803640239982E-11;0.5;5,00E-07;5;148;3.29087709760652E-11;9.63996789356888E-20;3.10482976885511E-10;0.974432274390817;8.11613161533349E-09;2.02903290383337E-09;9.74005939223866E-05;9.66231461047101E-05
C:/Users/rlolo/Documents/Thèse/MEB et AFM/AFM/Résultats AFM Dynamo/06062025/Plaque hydrophobique_ethanol_PEI 0.5_Incubation 1h/cell2/force mapp/map-data-2025.06.06-11.56.16.356.jpk-force-map;map-data-2025.06.06-11.56.16.356.jpk-force-map;680;0.142;7.801310208055;[2.5e-05, 2.5e-05];[32, 32];1.62467444277855E-05;paraboloid;0.000000032;False;;False;4.16963467884437E-08;18921.2582081059;1.54478460979327E-12;;0.5;;3.03284345981792E-20;1.35153014673588E-21;3.67631629044058E-11;0.984408903693353;-6.26224416057164E-12;-2.08741472019055E-12;1.31837775164108E-05;3.49551109876973E-07;paraboloid;0.000000032;analytical;False;;False;1;32368.7066479745;0.000653830550919322;0.0100000000740894;-7.96717272355088E-11;0.5;5,00E-07;5;157;-1.90568230777017E-17;7.03583361156052E-21;8.38798760821719E-11;0.976559141730419;6.75909459439838E-09;1.68977364859959E-09;9.69982083252388E-05;9.62999700354865E-05
C:/Users/rlolo/Documents/Thèse/MEB et AFM/AFM/Résultats AFM Dynamo/06062025/Plaque hydrophobique_ethanol_PEI 0.5_Incubation 1h/cell2/force mapp/map-data-2025.06.06-11.56.16.356.jpk-force-map;map-data-2025.06.06-11.56.16.356.jpk-force-map;681;0.142;7.801310208055;[2.5e-05, 2.5e-05];[32, 32];1.62551413670532E-05;paraboloid;0.000000032;False;;False;8.16681522723263E-08;3573832.23696611;-1.04658974572313E-12;;0.5;;-4.69032837617831E-20;6.62187183684994E-22;2.57329979536974E-11;0.95471076875135;1.30834500900061E-09;4.36115003000204E-10;1.29045260657205E-05;1.24968765851214E-08;paraboloid;0.000000032;analytical;False;;False;1;448603.249098083;-0.000578623750549467;0.0100000123572645;-9.29743471316456E-11;0.5;5,00E-07;5;155;1.51702347901108E-11;1.5745977643391E-19;3.96812016493843E-10;0.951369868548781;-1.13437274890015E-07;-2.83593187225038E-08;9.68215226064804E-05;9.6271078814463E-05
C:/Users/rlolo/Documents/Thèse/MEB et AFM/AFM/Résultats AFM Dynamo/06062025/Plaque hydrophobique_ethanol_PEI 0.5_Incubation 1h/cell2/force mapp/map-data-2025.06.06-11.56.16.356.jpk-force-map;map-data-2025.06.06-11.56.16.356.jpk-force-map;682;0.142;7.801310208055;[2.5e-05, 2.5e-05];[32, 32];1.62620008385677E-05;paraboloid;0.000000032;False;;False;8.83979002569003E-08;6982255.32479054;-5.20982085058117E-13;;0.5;;-1.18203301904757E-19;8.17629565702028E-22;2.85942225930699E-11;0.918668418519912;8.14730262128157E-10;2.71576754042719E-10;1.29379719026912E-05;6.8614348361371E-09;paraboloid;0.000000032;analytical;False;;False;1;467666.158422433;-0.000576917375614407;0.0100029572935005;2.14670919124155E-11;0.5;5,00E-07;5;154;1.06564785763732E-10;1.50391957502115E-19;3.87804019450695E-10;0.953134981557888;-5.1947947577719E-07;-1.29869868944298E-07;9.67231116596835E-05;9.62159554475255E-05
C:/Users/rlolo/Documents/Thèse/MEB et AFM/AFM/Résultats AFM Dynamo/06062025/Plaque hydrophobique_ethanol_PEI 0.5_Incubation 1h/cell2/force mapp/map-data-2025.06.06-11.56.16.356.jpk-force-map;map-data-2025.06.06-11.56.16.356.jpk-force-map;683;0.142;7.801310208055;[2.5e-05, 2.5e-05];[32, 32];1.62677249492798E-05;paraboloid;0.000000032;False;;False;4.17872160741979E-08;280711.446434694;5.05713600075207E-12;;0.5;;-1.4986697192313E-19;2.27874954761482E-21;4.77362498277234E-11;0.887378251921217;3483.69847001116;1161.23282333705;1.29534648469739E-05;5.12126153926601E-08;paraboloid;0.000000032;analytical;False;;False;1;515879.496630531;-0.000143713436059454;0.0100000031856079;6.37949494704703E-11;0.5;5,00E-07;5;161;1.15163897153361E-10;1.28108681118569E-19;3.57922730653655E-10;0.970534507623467;-2.01065375638318E-08;-5.02663439095795E-09;9.66588118451218E-05;9.61926900082638E-05
C:/Users/rlolo/Documents/Thèse/MEB et AFM/AFM/Résultats AFM Dynamo/06062025/Plaque hydrophobique_ethanol_PEI 0.5_Incubation 1h/cell2/force mapp/map-data-2025.06.06-11.56.16.356.jpk-force-map;map-data-2025.06.06-11.56.16.356.jpk-force-map;684;0.142;7.801310208055;[2.5e-05, 2.5e-05];[32, 32];1.62725029259899E-05;paraboloid;0.000000032;False;;False;-1.39975414255761E-08;87125.7084980381;9.25537417883608E-13;;0.5;;-2.697608679739E-19;2.53908518968534E-21;5.03893360710909E-11;0.911444223150503;2.1938825243451E-09;7.31294174781701E-10;1.29605371986389E-05;1.06730749186014E-07;paraboloid;0.000000032;analytical;False;;False;1;460082.075635905;0.000528744963691867;0.0100001540202053;4.41867530436709E-11;0.5;5,00E-07;5;149;5.40095774664401E-11;3.93678591831487E-20;1.984133543468E-10;0.987058316004057;1.32982100642917E-08;3.32455251607292E-09;9.66304288024335E-05;9.61776261739517E-05
C:/Users/rlolo/Documents/Thèse/MEB et AFM/AFM/Résultats AFM Dynamo/06062025/Plaque hydrophobique_ethanol_PEI 0.5_Incubation 1h/cell2/force mapp/map-data-2025.06.06-11.56.16.356.jpk-force-map;map-data-2025.06.06-11.56.16.356.jpk-force-map;685;0.142;7.801310208055;[2.5e-05, 2.5e-05];[32, 32];1.6274915567695E-05;paraboloid;0.000000032;False;;False;7.09506432365658E-09;141439.273991932;1.9369169865616E-12;;0.5;;-5.96918240254729E-20;1.44301520360651E-21;3.79870399426766E-11;0.958199058212351;-6.30654586698026E-10;-2.10218195566009E-10;1.29263108011165E-05;8.88128631683991E-08;paraboloid;0.000000032;analytical;False;;False;1;267143.272320425;0.000126399143833455;0.010000000007403;-1.92992700287721E-11;0.5;5,00E-07;5;146;3.32704960854419E-11;2.44186896954995E-20;1.56264806324071E-10;0.983732846887115;-5.06942730405858E-11;-1.26735682601465E-11;9.66519455003618E-05;9.62473018386223E-05
C:/Users/rlolo/Documents/Thèse/MEB et AFM/AFM/Résultats AFM Dynamo/06062025/Plaque hydrophobique_ethanol_PEI 0.5_Incubation 1h/cell2/force mapp/map-data-2025.06.06-11.56.16.356.jpk-force-map;map-data-2025.06.06-11.56.16.356.jpk-force-map;686;0.142;7.801310208055;[2.5e-05, 2.5e-05];[32, 32];1.62755778614964E-05;paraboloid;0.000000032;False;;False;-5.88284661042857E-08;62128.9292998253;3.02875430772543E-12;;0.5;;-6.09912588616892E-20;1.74590280060545E-21;4.17840017303925E-11;0.968871324814381;-9.58666424600103E-10;-3.19555474866701E-10;1.27449369129331E-05;1.57134648711135E-07;paraboloid;0.000000032;analytical;False;;False;1;157644.49943535;0.000484545872182714;0.0100000000047406;-4.1315134562078E-11;0.5;5,00E-07;5;154;1.20275926469158E-16;1.40257319657151E-20;1.18430283144621E-10;0.983040856992263;1.00956538355466E-08;2.52391345888665E-09;9.68343720356808E-05;9.64913552743922E-05
C:/Users/rlolo/Documents/Thèse/MEB et AFM/AFM/Résultats AFM Dynamo/06062025/Plaque hydrophobique_ethanol_PEI 0.5_Incubation 1h/cell2/force mapp/map-data-2025.06.06-11.56.16.356.jpk-force-map;map-data-2025.06.06-11.56.16.356.jpk-force-map;687;0.142;7.801310208055;[2.5e-05, 2.5e-05];[32, 32];1.62774464761504E-05;paraboloid;0.000000032;False;;False;8.0433472743415E-08;3228667.83350362;-3.08038222929757E-12;;0.5;;-3.24363797146116E-20;5.26754016398653E-22;2.29511223341834E-11;0.966275440309141;2.87098136691709E-09;9.56993788972363E-10;1.26876011924119E-05;1.33415242157696E-08;paraboloid;0.000000032;analytical;False;;False;1;380924.794587348;-0.000543984944977056;0.0100000229211813;-6.62379596801367E-11;0.5;5,00E-07;5;155;1.72841747451819E-11;7.64695065570956E-20;2.76531203586676E-10;0.965380366831184;-1.58130781444585E-07;-3.95326953611463E-08;9.69495185091071E-05;9.6548618988813E-05
C:/Users/rlolo/Documents/Thèse/MEB et AFM/AFM/Résultats AFM Dynamo/06062025/Plaque hydrophobique_ethanol_PEI 0.5_Incubation 1h/cell2/force mapp/map-data-2025.06.06-11.56.16.356.jpk-force-map;map-data-2025.06.06-11.56.16.356.jpk-force-map;688;0.142;7.801310208055;[2.5e-05, 2.5e-05];[32, 32];1.62763584220481E-05;paraboloid;0.000000032;False;;False;6.8598599229707E-08;292634.30823889;-3.30986247857828E-12;;0.5;;9.14488110051552E-22;5.54622354381449E-22;2.35504215329885E-11;0.984785295151357;4.21138842007414E-09;1.40379614002471E-09;1.25841414392932E-05;6.31472408199301E-08;paraboloid;0.000000032;analytical;False;;False;1;103102.811997835;-0.000685051970741589;0.0100000000029014;-8.01098775068987E-11;0.5;5,00E-07;5;162;7.99446111840136E-18;2.64309665741967E-20;1.62576033209685E-10;0.952120333531111;7.9420800999331E-08;1.98552002498327E-08;9.70885459413294E-05;9.67132444122859E-05
C:/Users/rlolo/Documents/Thèse/MEB et AFM/AFM/Résultats AFM Dynamo/06062025/Plaque hydrophobique_ethanol_PEI 0.5_Incubation 1h/cell2/force mapp/map-data-2025.06.06-11.56.16.356.jpk-force-map;map-data-2025.06.06-11.56.16.356.jpk-force-map;689;0.142;7.801310208055;[2.5e-05, 2.5e-05];[32, 32];1.62594462767623E-05;paraboloid;0.000000032;False;;False;-3.35995240706934E-07;8786.8844813476;-8.07860843659993E-12;;0.5;;-2.20199087374091E-19;2.95960164724247E-21;5.44022209771115E-11;0.973437384439762;9.22501185405991E-09;3.0750039513533E-09;1.17917069059181E-05;5.52260239316615E-07;paraboloid;0.000000032;analytical;False;;False;1;19532.5257805591;0.00338385811684072;0.152643063392448;-2.65893435709737E-11;0.5;5,00E-07;5;147;-3.75803189440334E-19;2.28135427648835E-20;1.51041526623917E-10;0.931963676120998;-8.03130975258553E-09;-2.00782743814638E-09;9.77974492816745E-05;9.74832365186178E-05
C:/Users/rlolo/Documents/Thèse/MEB et AFM/AFM/Résultats AFM Dynamo/06062025/Plaque hydrophobique_ethanol_PEI 0.5_Incubation 1h/cell2/force mapp/map-data-2025.06.06-11.56.16.356.jpk-force-map;map-data-2025.06.06-11.56.16.356.jpk-force-map;690;0.142;7.801310208055;[2.5e-05, 2.5e-05];[32, 32];1.62602977973641E-05;paraboloid;0.000000032;False;;False;4.76002532875162E-08;138053.403681577;-1.57113797079166E-11;;0.5;;-1.12189935238102E-20;8.60582604466908E-22;2.93356882391893E-11;0.980761073679966;2.23422824106159E-08;7.4474274702053E-09;1.17560376540427E-05;9.87279738164764E-08;paraboloid;0.000000032;analytical;False;;False;1;171255.38244809;0.000271563015860687;0.0412499397860446;-8.88162445382438E-11;0.5;5,00E-07;5;147;-1.0867525914415E-19;9.99586829425661E-21;9.99793393369681E-11;0.988799921231237;-1.688675397235E-08;-4.2216884930875E-09;9.80534879601621E-05;9.74033826367685E-05
C:/Users/rlolo/Documents/Thèse/MEB et AFM/AFM/Résultats AFM Dynamo/06062025/Plaque hydrophobique_ethanol_PEI 0.5_Incubation 1h/cell2/force mapp/map-data-2025.06.06-11.56.16.356.jpk-force-map;map-data-2025.06.06-11.56.16.356.jpk-force-map;691;0.142;7.801310208055;[2.5e-05, 2.5e-05];[32, 32];1.61878239328109E-05;paraboloid;0.000000032;False;;False;4.52018665189303E-08;39682.8799484595;-1.57491061756262E-11;;0.5;;-1.66292474021068E-20;1.32336280589901E-21;3.63780539047791E-11;0.978328051326298;1.03529909677333E-08;3.45099698924443E-09;1.16370139965911E-05;2.10321230996623E-07;paraboloid;0.000000032;analytical;False;;False;1;108474.705147129;0.000835106896662042;0.0100000000001645;-9.41472409181631E-11;0.5;5,00E-07;5;160;2.23575426423269E-17;9.58068145336293E-21;9.78809555192578E-11;0.982860600235733;2.75307828614875E-09;6.88269571537187E-10;9.9368669694052E-05;0.0000975464156062
C:/Users/rlolo/Documents/Thèse/MEB et AFM/AFM/Résultats AFM Dynamo/06062025/Plaque hydrophobique_ethanol_PEI 0.5_Incubation 1h/cell2/force mapp/map-data-2025.06.06-11.56.16.356.jpk-force-map;map-data-2025.06.06-11.56.16.356.jpk-force-map;692;0.142;7.801310208055;[2.5e-05, 2.5e-05];[32, 32];1.47854877683966E-05;paraboloid;0.000000032;False;;False;-2.09223536621026E-07;7340.36628024098;1.76162852458887E-10;;0.5;;-7.89105881834046E-19;2.10788675152372E-20;1.45185631228566E-10;0.580185919538654;1.24106901486069E-07;4.13689671620231E-08;1.0180393393812E-05;4.22601555429403E-07;paraboloid;0.000000032;analytical;False;;False;1;70685.7054166635;0.00310327254112248;0.0823811564078361;5.91799070915263E-11;0.5;5,00E-07;5;149;1.11751419201616E-10;9.32702550904217E-20;3.0540179287362E-10;0.862113560278273;-3.34855342994197E-08;-8.37138357485493E-09;0.000100547552660544;9.7746049880622E-05
C:/Users/rlolo/Documents/Thèse/MEB et AFM/AFM/Résultats AFM Dynamo/06062025/Plaque hydrophobique_ethanol_PEI 0.5_Incubation 1h/cell2/force mapp/map-data-2025.06.06-11.56.16.356.jpk-force-map;map-data-2025.06.06-11.56.16.356.jpk-force-map;693;0.142;7.801310208055;[2.5e-05, 2.5e-05];[32, 32];1.31828077290587E-05;paraboloid;0.000000032;False;;False;-5.82171372443587E-07;5670.23093753611;7.88041508085067E-11;;0.5;;-5.6530212379051E-21;3.12586463814295E-21;5.59094324612846E-11;0.97158413487711;2.95478107399627E-09;9.84927024665422E-10;8.4826505406232E-06;7.01074696610477E-07;paraboloid;0.000000032;analytical;False;;False;1;5649.00363270209;0.00211307107760163;0.133587163712167;-7.37428458595927E-12;0.5;5,00E-07;5;145;7.42120377975266E-11;3.98315080766863E-20;1.99578325668611E-10;0.864447520232772;-1.44384741447367E-08;-3.60961853618417E-09;0.000100501192094446;9.7785314441705E-05
C:/Users/rlolo/Documents/Thèse/MEB et AFM/AFM/Résultats AFM Dynamo/06062025/Plaque hydrophobique_ethanol_PEI 0.5_Incubation 1h/cell2/force mapp/map-data-2025.06.06-11.56.16.356.jpk-force-map;map-data-2025.06.06-11.56.16.356.jpk-force-map;694;0.142;7.801310208055;[2.5e-05, 2.5e-05];[32, 32];1.18904832957269E-05;paraboloid;0.000000032;False;;False;-1.7230763023235E-07;14163.8292153512;8.40786785291338E-11;;0.5;;-1.69047914930326E-19;5.64663477694024E-21;7.51440934268306E-11;0.947970793292191;5.3705525655053E-08;1.79018418850177E-08;7.3189530248633E-06;4.20284300378963E-07;paraboloid;0.000000032;analytical;False;;False;1;22753.2862575344;0.00137092042668364;0.0265972386275373;9.6854522639546E-11;0.5;5,00E-07;5;144;1.53003622371106E-10;4.96074886677922E-20;2.22727386434161E-10;0.876020831660188;1.71462358666464E-09;4.28655896666161E-10;0.000100623243380704;9.7805656322748E-05
C:/Users/rlolo/Documents/Thèse/MEB et AFM/AFM/Résultats AFM Dynamo/06062025/Plaque hydrophobique_ethanol_PEI 0.5_Incubation 1h/cell2/force mapp/map-data-2025.06.06-11.56.16.356.jpk-force-map;map-data-2025.06.06-11.56.16.356.jpk-force-map;695;0.142;7.801310208055;[2.5e-05, 2.5e-05];[32, 32];7.79644320232265E-06;paraboloid;0.000000032;False;;False;3.65837864969763E-08;318287.906136902;2.1871844983457E-11;;0.5;;-2.57525065221708E-19;3.04096709654199E-21;5.51449643806394E-11;0.895211912943784;-5.68414028045948E-10;-1.89471342681983E-10;3.0707167424831E-06;5.4095665615432E-08;paraboloid;0.000000032;analytical;False;;False;1;159628.234825159;-0.000379864388280967;0.0100000013631523;-1.8175910658883E-12;0.5;5,00E-07;5;161;9.01292756900923E-11;3.01983353779341E-20;1.73776682492025E-10;0.972336897568391;-1.48926390889898E-08;-3.72315977224744E-09;0.000100275066067968;9.775929575665E-05
C:/Users/rlolo/Documents/Thèse/MEB et AFM/AFM/Résultats AFM Dynamo/06062025/Plaque hydrophobique_ethanol_PEI 0.5_Incubation 1h/cell2/force mapp/map-data-2025.06.06-11.56.16.356.jpk-force-map;map-data-2025.06.06-11.56.16.356.jpk-force-map;696;0.142;7.801310208055;[2.5e-05, 2.5e-05];[32, 32];7.6215266787029E-06;paraboloid;0.000000032;False;;False;4.23413418662957E-09;98008.1973327097;1.66956590450528E-11;;0.5;;-2.02420392666539E-19;3.01224713578848E-21;5.48839424220644E-11;0.937287563588014;-1.77321391411117E-08;-5.91071304703724E-09;2.9391095028049E-06;1.18721414456276E-07;paraboloid;0.000000032;analytical;False;;False;1;151293.351971716;0.000165773585218999;0.0100000000007189;3.61553839929456E-11;0.5;5,00E-07;5;148;6.07515095145995E-11;1.72293964961222E-20;1.31260795731712E-10;0.982808341524761;4.73764605085546E-08;1.18441151271386E-08;0.000100641219926742;9.7588045502288E-05
C:/Users/rlolo/Documents/Thèse/MEB et AFM/AFM/Résultats AFM Dynamo/06062025/Plaque hydrophobique_ethanol_PEI 0.5_Incubation 1h/cell2/force mapp/map-data-2025.06.06-11.56.16.356.jpk-force-map;map-data-2025.06.06-11.56.16.356.jpk-force-map;697;0.142;7.801310208055;[2.5e-05, 2.5e-05];[32, 32];6.680643720414E-06;paraboloid;0.000000032;False;;False;-7.08272299153581E-07;2570.88560030532;4.78885672796535E-11;;0.5;;-1.9175895064463E-18;1.23905745320109E-20;1.11312957610563E-10;0.795609096233461;3.07487640670031E-08;1.02495880223344E-08;2.0575964531415E-06;8.96756257293102E-07;paraboloid;0.000000032;analytical;False;;False;1;2908.3506549036;0.00318527128843581;0.151463690167074;-9.57679527266035E-11;0.5;5,00E-07;5;147;1.42431191424955E-12;2.48651574823788E-20;1.57686896990139E-10;0.77711582205921;-3.10117360720612E-08;-7.7529340180153E-09;0.000100788343764053;9.7666574624454E-05
C:/Users/rlolo/Documents/Thèse/MEB et AFM/AFM/Résultats AFM Dynamo/06062025/Plaque hydrophobique_ethanol_PEI 0.5_Incubation 1h/cell2/force mapp/map-data-2025.06.06-11.56.16.356.jpk-force-map;map-data-2025.06.06-11.56.16.356.jpk-force-map;698;0.142;7.801310208055;[2.5e-05, 2.5e-05];[32, 32];5.6987931598385E-06;paraboloid;0.000000032;False;;False;8.2222357415726E-08;6841740.65029432;1.70436576329069E-10;;0.5;;-4.62709803346877E-19;1.50660544957453E-20;1.22743857262778E-10;0.331571453538352;1.67533018497001E-07;5.58443394990003E-08;9.78838117411152E-07;6.26962094650073E-09;paraboloid;0.000000032;analytical;False;;False;1;497961.762633086;-0.00049326657864944;0.0111484786596875;-1.03003533352018E-10;0.5;5,00E-07;5;154;1.57756263508053E-10;1.78671660604244E-19;4.22695706867534E-10;0.968809457396374;-2.81090454732037E-08;-7.02726136830093E-09;0.000100781720826039;9.7623998594364E-05
C:/Users/rlolo/Documents/Thèse/MEB et AFM/AFM/Résultats AFM Dynamo/06062025/Plaque hydrophobique_ethanol_PEI 0.5_Incubation 1h/cell2/force mapp/map-data-2025.06.06-11.56.16.356.jpk-force-map;map-data-2025.06.06-11.56.16.356.jpk-force-map;699;0.142;7.801310208055;[2.5e-05, 2.5e-05];[32, 32];5.6861622709118E-06;paraboloid;0.000000032;False;;False;-6.52337216317716E-07;1601.95614258634;5.81430583502695E-11;;0.5;;-2.44944908182824E-18;6.11234085309189E-21;7.81814610575416E-11;0.635207274052899;1.04123833544575E-08;3.47079445148583E-09;9.85106255174401E-07;7.45199076052136E-07;paraboloid;0.000000032;analytical;False;;False;1;419662.134624317;0.0066037282690363;0.0100000000076983;1.88699447650014E-12;0.5;5,00E-07;5;152;-2.36862705077027E-18;1.43748828325223E-19;3.7914222704049E-10;0.959196930990462;5.90916758891215E-08;1.47729189722804E-08;9.9567357834472E-05;9.7369488547826E-05
C:/Users/rlolo/Documents/Thèse/MEB et AFM/AFM/Résultats AFM Dynamo/06062025/Plaque hydrophobique_ethanol_PEI 0.5_Incubation 1h/cell2/force mapp/map-data-2025.06.06-11.56.16.356.jpk-force-map;map-data-2025.06.06-11.56.16.356.jpk-force-map;700;0.142;7.801310208055;[2.5e-05, 2.5e-05];[32, 32];5.6671449774716E-06;paraboloid;0.000000032;False;;False;8.75760807259899E-08;6831211.40740164;1.18663153407982E-10;;0.5;;-4.840521816331E-19;3.56548954425591E-21;5.97117203257108E-11;0.694112943947537;5.88693814231702E-08;1.96231271410567E-08;9.71245392045102E-07;6.93107864786974E-09;paraboloid;0.000000032;analytical;False;;False;1;463851.319877914;-0.00053087459624979;0.011309866830709;1.29971033185716E-10;0.5;5,00E-07;5;158;1.47400927708973E-10;1.78022856651817E-19;4.21927549055305E-10;0.972809925539944;-3.32958582322838E-07;-8.32396455807095E-08;9.9692247522736E-05;9.7271090611618E-05
C:/Users/rlolo/Documents/Thèse/MEB et AFM/AFM/Résultats AFM Dynamo/06062025/Plaque hydrophobique_ethanol_PEI 0.5_Incubation 1h/cell2/force mapp/map-data-2025.06.06-11.56.16.356.jpk-force-map;map-data-2025.06.06-11.56.16.356.jpk-force-map;701;0.142;7.801310208055;[2.5e-05, 2.5e-05];[32, 32];5.6486480577325E-06;paraboloid;0.000000032;False;;False;8.63739847748131E-08;12324655.6084246;1.13323024829793E-10;;0.5;;-9.55527186639921E-19;4.35305183027288E-21;6.59776616005212E-11;0.637208322115051;1.24961818915504E-07;4.16539396385014E-08;9.50808897601902E-07;4.57064500289289E-09;paraboloid;0.000000032;analytical;False;;False;1;449445.101109332;-0.000588363726809031;0.0100000068090855;-6.67023990051704E-11;0.5;5,00E-07;5;156;1.31987932306346E-10;1.95581976127125E-19;4.42246510587845E-10;0.961437982889801;-2.58310856075246E-07;-6.45777140188114E-08;9.9702654996758E-05;9.7242706591558E-05
C:/Users/rlolo/Documents/Thèse/MEB et AFM/AFM/Résultats AFM Dynamo/06062025/Plaque hydrophobique_ethanol_PEI 0.5_Incubation 1h/cell2/force mapp/map-data-2025.06.06-11.56.16.356.jpk-force-map;map-data-2025.06.06-11.56.16.356.jpk-force-map;702;0.142;7.801310208055;[2.5e-05, 2.5e-05];[32, 32];5.6256570014839E-06;paraboloid;0.000000032;False;;False;9.03240424464461E-08;9516978.15532868;1.25512205993319E-10;;0.5;;-6.90114643499571E-19;2.08782326610192E-21;4.56927047361165E-11;0.808454067964038;2.38015148549414E-08;7.93383828498045E-09;9.33920405666201E-07;5.88191598325211E-09;paraboloid;0.000000032;analytical;False;;False;1;463944.279041502;-0.000505884531101751;0.0123458231579255;5.71823862441247E-11;0.5;5,00E-07;5;157;1.31686988531944E-10;1.59838253820309E-19;3.99797766152225E-10;0.969938461215792;4.2624655313368E-07;1.0656163828342E-07;9.976036917088E-05;9.7226149246523E-05
C:/Users/rlolo/Documents/Thèse/MEB et AFM/AFM/Résultats AFM Dynamo/06062025/Plaque hydrophobique_ethanol_PEI 0.5_Incubation 1h/cell2/force mapp/map-data-2025.06.06-11.56.16.356.jpk-force-map;map-data-2025.06.06-11.56.16.356.jpk-force-map;703;0.142;7.801310208055;[2.5e-05, 2.5e-05];[32, 32];5.62071345132345E-06;paraboloid;0.000000032;False;;False;8.74905293369189E-08;9227819.61342019;-5.08306919178311E-12;;0.5;;-2.93465376216472E-19;2.05755950353554E-21;4.53603296233123E-11;0.838020994889382;3.27717558540734E-09;1.09239186180245E-09;9.26587867150701E-07;5.94535073012164E-09;paraboloid;0.000000032;analytical;False;;False;1;548877.192696146;-0.000426801310139361;0.0100265095647328;-1.63472480575401E-10;0.5;5,00E-07;5;158;6.63905645922405E-11;1.33096084740354E-19;3.64823361012359E-10;0.978652710003081;4.59529425025118E-08;1.14882356256279E-08;9.9574926906488E-05;9.7192088422451E-05
C:/Users/rlolo/Documents/Thèse/MEB et AFM/AFM/Résultats AFM Dynamo/06062025/Plaque hydrophobique_ethanol_PEI 0.5_Incubation 1h/cell2/force mapp/map-data-2025.06.06-11.56.16.356.jpk-force-map;map-data-2025.06.06-11.56.16.356.jpk-force-map;704;0.142;7.801310208055;[2.5e-05, 2.5e-05];[32, 32];5.63518930155405E-06;paraboloid;0.000000032;False;;False;8.4993698472222E-08;12845741.7603892;-1.72129015910001E-11;;0.5;;-2.09340644969616E-19;6.84476626947136E-22;2.6162504217814E-11;0.940916963914606;-9.0178256915704E-11;-3.00594189719013E-11;9.38816649126553E-07;4.71045169115076E-09;paraboloid;0.000000032;analytical;False;;False;1;455659.154651465;-0.000557051537026931;0.011057680682311;5.37485917627987E-11;0.5;5,00E-07;5;156;9.99181932983367E-11;1.78785774756097E-19;4.22830669129023E-10;0.961033821509623;2.37267687823158E-07;5.93169219557895E-08;9.9383334771083E-05;9.7209118834487E-05
C:/Users/rlolo/Documents/Thèse/MEB et AFM/AFM/Résultats AFM Dynamo/06062025/Plaque hydrophobique_ethanol_PEI 0.5_Incubation 1h/cell2/force mapp/map-data-2025.06.06-11.56.16.356.jpk-force-map;map-data-2025.06.06-11.56.16.356.jpk-force-map;705;0.142;7.801310208055;[2.5e-05, 2.5e-05];[32, 32];5.6329422332993E-06;paraboloid;0.000000032;False;;False;8.75699944628987E-08;5621899.84372531;-2.28272922483362E-11;;0.5;;-9.57763220524891E-20;9.17104664989153E-22;3.02837359813672E-11;0.910727366861674;-1.09487970397973E-08;-3.64959901326578E-09;9.40779877180702E-07;7.56647241546772E-09;paraboloid;0.000000032;analytical;False;;False;1;468809.471874037;-0.000574138670119814;0.0100051579649345;6.86214073375521E-11;0.5;5,00E-07;5;157;1.23365017198415E-10;1.82099694373333E-19;4.26731407765275E-10;0.967402615429307;1.53441624831601E-05;3.83604062079002E-06;9.9538973814412E-05;9.7188776953444E-05
C:/Users/rlolo/Documents/Thèse/MEB et AFM/AFM/Résultats AFM Dynamo/06062025/Plaque hydrophobique_ethanol_PEI 0.5_Incubation 1h/cell2/force mapp/map-data-2025.06.06-11.56.16.356.jpk-force-map;map-data-2025.06.06-11.56.16.356.jpk-force-map;706;0.142;7.801310208055;[2.5e-05, 2.5e-05];[32, 32];5.6604747327575E-06;paraboloid;0.000000032;False;;False;8.57021302543553E-08;11369454.484898;-2.10306183208919E-11;;0.5;;-1.21139240589271E-19;6.2722746017167E-22;2.50445095813767E-11;0.937645140528111;-8.3173157224664E-08;-2.77243857415547E-08;9.64314960480451E-07;5.39712551142646E-09;paraboloid;0.000000032;analytical;False;;False;1;454912.525095182;-0.000634509470558363;0.0100558481529351;-2.07209492050708E-11;0.5;5,00E-07;5;155;7.7904207965324E-11;2.05722933211014E-19;4.53566900479978E-10;0.952988947936453;-1.14977552239353E-06;-2.87443880598382E-07;9.9248983742799E-05;9.720580736548E-05
C:/Users/rlolo/Documents/Thèse/MEB et AFM/AFM/Résultats AFM Dynamo/06062025/Plaque hydrophobique_ethanol_PEI 0.5_Incubation 1h/cell2/force mapp/map-data-2025.06.06-11.56.16.356.jpk-force-map;map-data-2025.06.06-11.56.16.356.jpk-force-map;707;0.142;7.801310208055;[2.5e-05, 2.5e-05];[32, 32];5.6733894618848E-06;paraboloid;0.000000032;False;;False;8.68825637872116E-08;9159178.28886019;-1.46645862521213E-11;;0.5;;-4.1472179607189E-20;5.3550259607101E-22;2.31409290235075E-11;0.950429418643589;1.37789426198199E-08;4.5929808732733E-09;9.79098304261702E-07;5.88681813662997E-09;paraboloid;0.000000032;analytical;False;;False;1;440602.33959515;-0.000668189029283535;0.0100000150831989;-6.80373328541348E-11;0.5;5,00E-07;5;156;2.49491330751791E-11;2.05549047073804E-19;4.53375172537937E-10;0.958542437063647;6.90739075886231E-07;1.72684768971558E-07;9.935826222003E-05;9.7207226566483E-05
C:/Users/rlolo/Documents/Thèse/MEB et AFM/AFM/Résultats AFM Dynamo/06062025/Plaque hydrophobique_ethanol_PEI 0.5_Incubation 1h/cell2/force mapp/map-data-2025.06.06-11.56.16.356.jpk-force-map;map-data-2025.06.06-11.56.16.356.jpk-force-map;708;0.142;7.801310208055;[2.5e-05, 2.5e-05];[32, 32];5.6939678764283E-06;paraboloid;0.000000032;False;;False;8.64624864561298E-08;20340723.0453817;-1.71132874652538E-11;;0.5;;-4.21266750282086E-19;8.99605781949383E-22;2.99934289795179E-11;0.908866600357208;-1.62838513415978E-08;-5.42795044719927E-09;9.97429650550451E-07;3.26303314369182E-09;paraboloid;0.000000032;analytical;False;;False;1;403194.005526773;-0.000644499681328412;0.0107568069712422;1.36977528802313E-11;0.5;5,00E-07;5;155;7.67194712952296E-11;1.41609878807959E-19;3.76310880533581E-10;0.962632803546381;3.68645687126028E-06;9.2161421781507E-07;9.9274056293852E-05;9.719634602546E-05
C:/Users/rlolo/Documents/Thèse/MEB et AFM/AFM/Résultats AFM Dynamo/06062025/Plaque hydrophobique_ethanol_PEI 0.5_Incubation 1h/cell2/force mapp/map-data-2025.06.06-11.56.16.356.jpk-force-map;map-data-2025.06.06-11.56.16.356.jpk-force-map;709;0.142;7.801310208055;[2.5e-05, 2.5e-05];[32, 32];5.7001177474413E-06;paraboloid;0.000000032;False;;False;8.79345526235313E-08;10085799.232487;-1.44892555498441E-11;;0.5;;-3.55470771555451E-23;5.00298583057419E-22;2.23673552986807E-11;0.95950361027049;1.34155059013121E-08;4.47183530043736E-09;1.0077661645223E-06;5.92315492114107E-09;paraboloid;0.000000032;analytical;False;;False;1;476709.533364374;-0.000535626891097906;0.0112572206007192;-1.7145711000327E-11;0.5;5,00E-07;5;157;9.31067836553303E-11;1.58674857321584E-19;3.9834012768184E-10;0.970646711748465;-3.50681426990465E-07;-8.76703567476162E-08;9.9440575878204E-05;9.7198238293464E-05
C:/Users/rlolo/Documents/Thèse/MEB et AFM/AFM/Résultats AFM Dynamo/06062025/Plaque hydrophobique_ethanol_PEI 0.5_Incubation 1h/cell2/force mapp/map-data-2025.06.06-11.56.16.356.jpk-force-map;map-data-2025.06.06-11.56.16.356.jpk-force-map;710;0.142;7.801310208055;[2.5e-05, 2.5e-05];[32, 32];5.6936840362277E-06;paraboloid;0.000000032;False;;False;8.76671756157642E-08;12349999.2989025;2.95654643037484E-10;;0.5;;1.20703392711322E-20;5.59947003759955E-20;2.3663199355961E-10;0.0956642176023881;3.92544840896038E-06;1.30848280298679E-06;1.00012613245615E-06;4.6165499504143E-09;paraboloid;0.000000032;analytical;False;;False;1;458627.159798996;-0.000622032190527403;0.0101028536410208;-1.97090581096979E-10;0.5;5,00E-07;5;156;1.84477388012791E-10;3.00663255120426E-19;5.48327689543785E-10;0.947536192738253;-3.25675671512002E-07;-8.14189178780005E-08;9.9564046365465E-05;9.7164177469392E-05
C:/Users/rlolo/Documents/Thèse/MEB et AFM/AFM/Résultats AFM Dynamo/06062025/Plaque hydrophobique_ethanol_PEI 0.5_Incubation 1h/cell2/force mapp/map-data-2025.06.06-11.56.16.356.jpk-force-map;map-data-2025.06.06-11.56.16.356.jpk-force-map;711;0.142;7.801310208055;[2.5e-05, 2.5e-05];[32, 32];8.15129075977275E-06;paraboloid;0.000000032;False;;False;4.35729949937267E-08;291923.735254023;4.21716046750554E-11;;0.5;;-1.10401229322786E-19;1.87371605745433E-21;4.32864419588204E-11;0.936231577033014;6.83058563876198E-08;2.27686187958733E-08;3.4559825080975E-06;5.80688053712691E-08;paraboloid;0.000000032;analytical;False;;False;1;113185.686586174;-0.000649286040672522;0.0100000000074022;8.04033188466314E-11;0.5;5,00E-07;5;157;1.21905802545476E-10;5.47203805523717E-20;2.33923877687533E-10;0.886306869477592;1.93900190387401E-07;4.84750475968502E-08;9.60025793016973E-05;9.7382261356853E-05
C:/Users/rlolo/Documents/Thèse/MEB et AFM/AFM/Résultats AFM Dynamo/06062025/Plaque hydrophobique_ethanol_PEI 0.5_Incubation 1h/cell2/force mapp/map-data-2025.06.06-11.56.16.356.jpk-force-map;map-data-2025.06.06-11.56.16.356.jpk-force-map;712;0.142;7.801310208055;[2.5e-05, 2.5e-05];[32, 32];8.2134754170542E-06;paraboloid;0.000000032;False;;False;-1.20309011422962E-07;19726.5997759484;9.04002852501635E-12;;0.5;;-4.83594601516877E-19;4.1605868449556E-21;6.45026111483528E-11;0.811244627811859;-9.04835043253626E-09;-3.01611681084542E-09;3.5050395561012E-06;2.11268240894701E-07;paraboloid;0.000000032;analytical;False;;False;1;359481.575351909;0.00135014121165784;0.0100000000074023;-6.39595178333117E-13;0.5;5,00E-07;5;161;6.56357670303752E-11;1.08391133223678E-19;3.29228086930137E-10;0.961088829611851;1.39013405094354E-08;3.47533512735885E-09;9.8805246895861E-05;9.7426256587946E-05
C:/Users/rlolo/Documents/Thèse/MEB et AFM/AFM/Résultats AFM Dynamo/06062025/Plaque hydrophobique_ethanol_PEI 0.5_Incubation 1h/cell2/force mapp/map-data-2025.06.06-11.56.16.356.jpk-force-map;map-data-2025.06.06-11.56.16.356.jpk-force-map;713;0.142;7.801310208055;[2.5e-05, 2.5e-05];[32, 32];9.1368548963061E-06;paraboloid;0.000000032;False;;False;-2.85468615528782E-08;25564.0731662437;1.42696766955276E-10;;0.5;;-1.11082448627311E-20;6.28920566333676E-21;7.93045122507967E-11;0.934420559470571;5.99905906695028E-08;1.99968635565009E-08;4.5989123825135E-06;2.97245358964854E-07;paraboloid;0.000000032;analytical;False;;False;1;14646.0576165336;2.66586646955024E-05;0.110726618637974;-2.30619548757624E-10;0.5;5,00E-07;5;146;1.29149259138941E-10;5.49543392012263E-20;2.34423418627974E-10;0.850787132819772;-2.26460282407835E-08;-5.66150706019587E-09;0.0000977023093430998;9.7557769214224E-05
C:/Users/rlolo/Documents/Thèse/MEB et AFM/AFM/Résultats AFM Dynamo/06062025/Plaque hydrophobique_ethanol_PEI 0.5_Incubation 1h/cell2/force mapp/map-data-2025.06.06-11.56.16.356.jpk-force-map;map-data-2025.06.06-11.56.16.356.jpk-force-map;714;0.142;7.801310208055;[2.5e-05, 2.5e-05];[32, 32];;;;;;;;;;;;;;;;;;;;;;;;;;;;;;;;;;;;;;;;;;;
C:/Users/rlolo/Documents/Thèse/MEB et AFM/AFM/Résultats AFM Dynamo/06062025/Plaque hydrophobique_ethanol_PEI 0.5_Incubation 1h/cell2/force mapp/map-data-2025.06.06-11.56.16.356.jpk-force-map;map-data-2025.06.06-11.56.16.356.jpk-force-map;715;0.142;7.801310208055;[2.5e-05, 2.5e-05];[32, 32];1.51259304356662E-05;paraboloid;0.000000032;False;;False;8.5531198710815E-08;1943878.22017924;3.29109511592218E-10;;0.5;;-1.73479294707263E-19;9.31815814840206E-22;3.05256583031424E-11;0.667164406321569;2.9117512189922E-09;9.70583739664067E-10;1.03968688534696E-05;1.01291876444602E-08;paraboloid;0.000000032;analytical;False;;False;1;375030.451390334;-0.000538427153437457;0.0100000194631513;-4.37786595458766E-11;0.5;5,00E-07;5;155;2.29465442067001E-11;7.78418205737318E-20;2.79001470558368E-10;0.965291963477755;3.81910970810122E-08;9.54777427025305E-09;9.78333720975942E-05;9.7838297945817E-05
C:/Users/rlolo/Documents/Thèse/MEB et AFM/AFM/Résultats AFM Dynamo/06062025/Plaque hydrophobique_ethanol_PEI 0.5_Incubation 1h/cell2/force mapp/map-data-2025.06.06-11.56.16.356.jpk-force-map;map-data-2025.06.06-11.56.16.356.jpk-force-map;716;0.142;7.801310208055;[2.5e-05, 2.5e-05];[32, 32];1.60040847096225E-05;paraboloid;0.000000032;False;;False;-1.62648870773902E-07;28415.6450382938;6.9408767619006E-12;;0.5;;-4.4463441720461E-20;2.43404454418152E-21;4.93360369728004E-11;0.968215865719154;-5.99603832369393E-09;-1.99867944123131E-09;1.14013320166929E-05;2.57655598303482E-07;paraboloid;0.000000032;analytical;False;;False;1;10986.4687573248;0.000239601564848105;0.161595123963846;-9.26702155692187E-11;0.5;5,00E-07;5;141;2.48399614418305E-11;1.09325133549448E-20;1.04558659875425E-10;0.896595207478383;-1.26363176781582E-10;-3.15907941953954E-11;9.7859007909332E-05;9.77251470509493E-05
C:/Users/rlolo/Documents/Thèse/MEB et AFM/AFM/Résultats AFM Dynamo/06062025/Plaque hydrophobique_ethanol_PEI 0.5_Incubation 1h/cell2/force mapp/map-data-2025.06.06-11.56.16.356.jpk-force-map;map-data-2025.06.06-11.56.16.356.jpk-force-map;717;0.142;7.801310208055;[2.5e-05, 2.5e-05];[32, 32];1.61090582771444E-05;paraboloid;0.000000032;False;;False;7.12615283169638E-08;850411.918844527;1.67241183446491E-12;;0.5;;-2.10602139518862E-19;2.06468502870454E-21;4.54388053177517E-11;0.871280878646081;-6.09166806889564E-10;-2.03055602296521E-10;1.19436323732893E-05;2.58277982904358E-08;paraboloid;0.000000032;analytical;False;;False;1;497231.520372103;-0.000422757317016602;0.0100000011656723;2.31582735262146E-11;0.5;5,00E-07;5;157;1.15081591099853E-10;1.7427421890017E-19;4.17461637638922E-10;0.961344988316025;-7.21792069902892E-09;-1.80448017475723E-09;9.66321775489568E-05;9.72404883267654E-05
C:/Users/rlolo/Documents/Thèse/MEB et AFM/AFM/Résultats AFM Dynamo/06062025/Plaque hydrophobique_ethanol_PEI 0.5_Incubation 1h/cell2/force mapp/map-data-2025.06.06-11.56.16.356.jpk-force-map;map-data-2025.06.06-11.56.16.356.jpk-force-map;718;0.142;7.801310208055;[2.5e-05, 2.5e-05];[32, 32];1.61524621744862E-05;paraboloid;0.000000032;False;;False;8.05888948190998E-08;248483.675856322;3.75560426072653E-12;;0.5;;-6.54931024915448E-20;1.55492552440693E-21;3.94325439758448E-11;0.944918021969626;-2.34932500681472E-09;-7.83108335604906E-10;1.19915304071405E-05;6.26397627546514E-08;paraboloid;0.000000032;analytical;False;;False;1;363802.88451328;-6.03795596298279E-06;0.010000002271835;-1.27855082351225E-12;0.5;5,00E-07;5;163;4.65225566235645E-11;3.80473161967346E-20;1.95057212624231E-10;0.983303121026136;-7.82058833298878E-08;-1.9551470832472E-08;9.7070171835412E-05;9.72105895586797E-05
C:/Users/rlolo/Documents/Thèse/MEB et AFM/AFM/Résultats AFM Dynamo/06062025/Plaque hydrophobique_ethanol_PEI 0.5_Incubation 1h/cell2/force mapp/map-data-2025.06.06-11.56.16.356.jpk-force-map;map-data-2025.06.06-11.56.16.356.jpk-force-map;719;0.142;7.801310208055;[2.5e-05, 2.5e-05];[32, 32];1.61757134175853E-05;paraboloid;0.000000032;False;;False;5.80523804349963E-08;394658.449605503;-1.01237328645239E-12;;0.5;;-7.73073277949873E-20;1.23724902089448E-21;3.51745507561146E-11;0.94164114347966;2.20126950463559E-09;7.33756501545196E-10;1.18580308994583E-05;4.44235801808859E-08;paraboloid;0.000000032;analytical;False;;False;1;418566.320364883;-0.000280007621285851;0.010000000000509;-1.40330478468658E-12;0.5;5,00E-07;5;160;5.10610466400646E-11;1.22481185866786E-19;3.4997312163477E-10;0.964376767697716;5.95209429221915E-09;1.48802357305479E-09;9.77501069065006E-05;9.72492934551387E-05
C:/Users/rlolo/Documents/Thèse/MEB et AFM/AFM/Résultats AFM Dynamo/06062025/Plaque hydrophobique_ethanol_PEI 0.5_Incubation 1h/cell2/force mapp/map-data-2025.06.06-11.56.16.356.jpk-force-map;map-data-2025.06.06-11.56.16.356.jpk-force-map;720;0.142;7.801310208055;[2.5e-05, 2.5e-05];[32, 32];1.62050435716473E-05;paraboloid;0.000000032;False;;False;6.48856136138696E-08;700657.053771486;-3.18829356378955E-12;;0.5;;6.79993601379695E-22;5.68755193062367E-22;2.38485889113458E-11;0.978560077427046;2.8962246445821E-09;9.654082148607E-10;1.27897127045778E-05;3.59011115456996E-08;paraboloid;0.000000032;analytical;False;;False;1;104607.234900123;-0.000850251282541284;0.0100000000019905;-6.69857381823924E-11;0.5;5,00E-07;5;158;-5.04316044629713E-17;3.39535824232518E-20;1.84264978830085E-10;0.930966992324372;9.43038321174497E-07;2.35759580293624E-07;9.74896732413582E-05;9.64158630674831E-05
C:/Users/rlolo/Documents/Thèse/MEB et AFM/AFM/Résultats AFM Dynamo/06062025/Plaque hydrophobique_ethanol_PEI 0.5_Incubation 1h/cell2/force mapp/map-data-2025.06.06-11.56.16.356.jpk-force-map;map-data-2025.06.06-11.56.16.356.jpk-force-map;721;0.142;7.801310208055;[2.5e-05, 2.5e-05];[32, 32];1.62220976370334E-05;paraboloid;0.000000032;False;;False;7.66647594320853E-08;1300624.40669735;-6.61978749168519E-13;;0.5;;-9.43425272391375E-20;7.42192100211251E-22;2.72432028258656E-11;0.951396367113454;1.08641688979429E-09;3.62138963264764E-10;1.28550669107659E-05;2.10560957113673E-08;paraboloid;0.000000032;analytical;False;;False;1;443226.202780147;-0.000465077426806317;0.0100000194026272;3.01562928641256E-11;0.5;5,00E-07;5;156;7.99698384690837E-11;1.14163544234285E-19;3.37880961633361E-10;0.962176567736965;-1.1403748088223E-07;-2.85093702205575E-08;9.70934063350698E-05;9.63243838749169E-05
C:/Users/rlolo/Documents/Thèse/MEB et AFM/AFM/Résultats AFM Dynamo/06062025/Plaque hydrophobique_ethanol_PEI 0.5_Incubation 1h/cell2/force mapp/map-data-2025.06.06-11.56.16.356.jpk-force-map;map-data-2025.06.06-11.56.16.356.jpk-force-map;722;0.142;7.801310208055;[2.5e-05, 2.5e-05];[32, 32];1.62327179912058E-05;paraboloid;0.000000032;False;;False;-1.00124116790631E-07;41533.4444567719;7.32466024119003E-13;;0.5;;-1.8604747575083E-20;1.39605327213207E-21;3.73637962757008E-11;0.978322809741901;7.66132901049592E-10;2.55377633683197E-10;1.28218576072957E-05;2.02076580671985E-07;paraboloid;0.000000032;analytical;False;;False;1;198975.313233421;0.000994711729526102;0.0100000000352828;-5.2986854852042E-11;0.5;5,00E-07;5;159;-4.98822635745864E-17;2.78314530714492E-20;1.66827614834743E-10;0.973637368248127;3.73650879955238E-09;9.34127199888094E-10;9.69851176523962E-05;9.63805606274643E-05
C:/Users/rlolo/Documents/Thèse/MEB et AFM/AFM/Résultats AFM Dynamo/06062025/Plaque hydrophobique_ethanol_PEI 0.5_Incubation 1h/cell2/force mapp/map-data-2025.06.06-11.56.16.356.jpk-force-map;map-data-2025.06.06-11.56.16.356.jpk-force-map;723;0.142;7.801310208055;[2.5e-05, 2.5e-05];[32, 32];1.62427706649771E-05;paraboloid;0.000000032;False;;False;1.38011244554344E-08;165020.689557051;1.01929236369258E-12;;0.5;;-1.52995072679748E-19;1.68001338872673E-21;4.09879663892554E-11;0.949749268498346;3.05693713073936E-10;1.01897904357979E-10;1.29071042808759E-05;8.03797647109054E-08;paraboloid;0.000000032;analytical;False;;False;1;327345.197271732;0.000188050415367423;0.0100000360142745;9.15118579646017E-13;0.5;5,00E-07;5;166;1.00945139506798E-10;8.15220453252925E-20;2.85520656564972E-10;0.958270002766164;-3.77839289439793E-08;-9.44598223599482E-09;9.68351838391793E-05;9.62319242628272E-05
C:/Users/rlolo/Documents/Thèse/MEB et AFM/AFM/Résultats AFM Dynamo/06062025/Plaque hydrophobique_ethanol_PEI 0.5_Incubation 1h/cell2/force mapp/map-data-2025.06.06-11.56.16.356.jpk-force-map;map-data-2025.06.06-11.56.16.356.jpk-force-map;724;0.142;7.801310208055;[2.5e-05, 2.5e-05];[32, 32];1.62487076558396E-05;paraboloid;0.000000032;False;;False;7.49858016595699E-08;1446277.20022947;4.52395114976664E-12;;0.5;;-1.33152975466529E-19;1.91394249818214E-21;4.37486285291567E-11;0.87009164679957;-6.08044709923096E-09;-2.02681569974365E-09;1.28297814795625E-05;1.89879397694402E-08;paraboloid;0.000000032;analytical;False;;False;1;527667.553512469;-0.000402971684866077;0.0100000706662157;7.2270218061417E-11;0.5;5,00E-07;5;157;1.16993389758783E-10;1.3085052950238E-19;3.61732676851816E-10;0.971694171831612;1.18509264155803E-08;2.96273160389507E-09;9.68493809469141E-05;9.63743596657989E-05
C:/Users/rlolo/Documents/Thèse/MEB et AFM/AFM/Résultats AFM Dynamo/06062025/Plaque hydrophobique_ethanol_PEI 0.5_Incubation 1h/cell2/force mapp/map-data-2025.06.06-11.56.16.356.jpk-force-map;map-data-2025.06.06-11.56.16.356.jpk-force-map;725;0.142;7.801310208055;[2.5e-05, 2.5e-05];[32, 32];1.62542898464514E-05;paraboloid;0.000000032;False;;False;5.1228011488044E-08;128218.400290551;-3.13415984033178E-12;;0.5;;-4.1902774017426E-20;9.67399051113981E-22;3.11030392584709E-11;0.976795144266894;3.81989535960625E-09;1.27329845320208E-09;1.28827886370245E-05;1.00221303516152E-07;paraboloid;0.000000032;analytical;False;;False;1;187217.762451249;6.7528143716928E-05;0.0100000000073484;-3.69266503312794E-11;0.5;5,00E-07;5;147;9.55486071982186E-12;1.48652162061517E-20;1.21922992934687E-10;0.983919230853239;5.34140112733865E-09;1.33535028183466E-09;9.68395978517647E-05;9.63691650951033E-05
C:/Users/rlolo/Documents/Thèse/MEB et AFM/AFM/Résultats AFM Dynamo/06062025/Plaque hydrophobique_ethanol_PEI 0.5_Incubation 1h/cell2/force mapp/map-data-2025.06.06-11.56.16.356.jpk-force-map;map-data-2025.06.06-11.56.16.356.jpk-force-map;726;0.142;7.801310208055;[2.5e-05, 2.5e-05];[32, 32];1.62582399559098E-05;paraboloid;0.000000032;False;;False;7.54646120030268E-08;1875647.98594002;1.49145617364172E-12;;0.5;;-7.45525903641494E-20;1.50029795443075E-21;3.87336798462365E-11;0.908303755921051;-1.12286730063034E-09;-3.74289100210113E-10;1.26997117076375E-05;1.68853434849015E-08;paraboloid;0.000000032;analytical;False;;False;1;520645.757023011;-0.000415677747592009;0.0100001930493586;1.11065163205011E-10;0.5;5,00E-07;5;157;1.51649904612767E-10;1.37336841245492E-19;3.70589855831878E-10;0.972525174079674;1.14908166900357E-07;2.87270417250892E-08;9.6938832070994E-05;9.65229665564742E-05
C:/Users/rlolo/Documents/Thèse/MEB et AFM/AFM/Résultats AFM Dynamo/06062025/Plaque hydrophobique_ethanol_PEI 0.5_Incubation 1h/cell2/force mapp/map-data-2025.06.06-11.56.16.356.jpk-force-map;map-data-2025.06.06-11.56.16.356.jpk-force-map;727;0.142;7.801310208055;[2.5e-05, 2.5e-05];[32, 32];1.62665422817773E-05;paraboloid;0.000000032;False;;False;-9.533770777511E-09;40398.0179928378;-6.90401254850833E-12;;0.5;;-2.52844086000147E-20;5.71185504885993E-21;7.55768155511988E-11;0.944023464582853;1.25704617588703E-07;4.19015391962343E-08;1.31849838372633E-05;2.36156229050925E-07;paraboloid;0.000000032;analytical;False;;False;1;39850.32121588;-7.62719364810066E-05;0.010000000009405;-5.50927012595328E-11;0.5;5,00E-07;5;155;2.83955729830727E-17;6.33525520781115E-21;7.95943164290714E-11;0.956058295644703;1.02803535029966E-08;2.57008837574914E-09;9.66763179440867E-05;9.60992208802389E-05
C:/Users/rlolo/Documents/Thèse/MEB et AFM/AFM/Résultats AFM Dynamo/06062025/Plaque hydrophobique_ethanol_PEI 0.5_Incubation 1h/cell2/force mapp/map-data-2025.06.06-11.56.16.356.jpk-force-map;map-data-2025.06.06-11.56.16.356.jpk-force-map;728;0.142;7.801310208055;[2.5e-05, 2.5e-05];[32, 32];1.62585947561605E-05;paraboloid;0.000000032;False;;False;-1.42909788808729E-08;69038.6285233336;-2.20911101964659E-12;;0.5;;-2.07091884595856E-19;3.33996606344544E-21;5.77924395007292E-11;0.839404471451598;6.38934695823606E-09;2.12978231941202E-09;1.23345985962657E-05;1.07596092995337E-07;paraboloid;0.000000032;analytical;False;;False;1;462997.007230041;0.000408077512020731;0.0100000000074027;-1.22100198317792E-11;0.5;5,00E-07;5;148;3.28013830188698E-11;8.58876731577905E-20;2.93065987719132E-10;0.976239226935234;7.63976412312222E-09;1.90994103078056E-09;9.72092266955534E-05;9.6944520019962E-05
C:/Users/rlolo/Documents/Thèse/MEB et AFM/AFM/Résultats AFM Dynamo/06062025/Plaque hydrophobique_ethanol_PEI 0.5_Incubation 1h/cell2/force mapp/map-data-2025.06.06-11.56.16.356.jpk-force-map;map-data-2025.06.06-11.56.16.356.jpk-force-map;729;0.142;7.801310208055;[2.5e-05, 2.5e-05];[32, 32];1.62543134998015E-05;paraboloid;0.000000032;False;;False;-3.44582949061888E-08;61026.7922178217;-5.80089478003435E-12;;0.5;;-1.44077295824737E-19;3.21103121135864E-21;5.66659616644652E-11;0.893178403634045;6.37878080783678E-09;2.12626026927893E-09;1.20051074300692E-05;1.29367542327919E-07;paraboloid;0.000000032;analytical;False;;False;1;401737.851929253;0.000615874155144601;0.0100000117233393;-4.80323190132445E-11;0.5;5,00E-07;5;151;3.6481658933556E-11;6.25133698619817E-20;2.50026738294091E-10;0.979170334648982;4.54035692533358E-09;1.13508923133339E-09;9.76815211279723E-05;9.72313640262784E-05
C:/Users/rlolo/Documents/Thèse/MEB et AFM/AFM/Résultats AFM Dynamo/06062025/Plaque hydrophobique_ethanol_PEI 0.5_Incubation 1h/cell2/force mapp/map-data-2025.06.06-11.56.16.356.jpk-force-map;map-data-2025.06.06-11.56.16.356.jpk-force-map;730;0.142;7.801310208055;[2.5e-05, 2.5e-05];[32, 32];1.62124943769131E-05;paraboloid;0.000000032;False;;False;4.17383581588292E-08;258954.570980916;2.42713513873576E-13;;0.5;;-2.88132926683465E-19;3.35447126046422E-21;5.79177974414102E-11;0.816827314295335;2.51711683368627E-09;8.39038944562089E-10;1.14960400302931E-05;5.00567663205662E-08;paraboloid;0.000000032;analytical;False;;False;1;402291.418916142;-0.00013461151319517;0.0100000018136953;8.35282308395088E-11;0.5;5,00E-07;5;160;1.05038158531774E-10;8.31859027340451E-20;2.88419664263804E-10;0.972841435522249;5.09137987007139E-08;1.27284496751785E-08;0.0000989183099091001;9.7577638028266E-05
C:/Users/rlolo/Documents/Thèse/MEB et AFM/AFM/Résultats AFM Dynamo/06062025/Plaque hydrophobique_ethanol_PEI 0.5_Incubation 1h/cell2/force mapp/map-data-2025.06.06-11.56.16.356.jpk-force-map;map-data-2025.06.06-11.56.16.356.jpk-force-map;731;0.142;7.801310208055;[2.5e-05, 2.5e-05];[32, 32];1.55172041521933E-05;paraboloid;0.000000032;False;;False;8.76864222272294E-08;335262.030395603;-2.12757501208075E-12;;0.5;;-2.38482518594562E-19;3.26048758233472E-21;5.71006793509037E-11;0.863165812235115;4.07112894174907E-09;1.35704298058302E-09;1.08389499659041E-05;4.89504256247579E-08;paraboloid;0.000000032;analytical;False;;False;1;291003.662591779;-5.73071315146615E-05;0.0100000928017234;8.99628734542235E-11;0.5;5,00E-07;5;159;1.45185897150738E-10;5.81320295155657E-20;2.41105847120234E-10;0.9720973561088;1.59304501014024E-06;3.9826125253506E-07;0.000100759486676992;9.7788625910712E-05
C:/Users/rlolo/Documents/Thèse/MEB et AFM/AFM/Résultats AFM Dynamo/06062025/Plaque hydrophobique_ethanol_PEI 0.5_Incubation 1h/cell2/force mapp/map-data-2025.06.06-11.56.16.356.jpk-force-map;map-data-2025.06.06-11.56.16.356.jpk-force-map;732;0.142;7.801310208055;[2.5e-05, 2.5e-05];[32, 32];1.44243011131331E-05;paraboloid;0.000000032;False;;False;-3.58008664268039E-08;53693.2874847437;-8.7648090589711E-12;;0.5;;-2.29570180583893E-19;4.3352946469861E-21;6.5842954421761E-11;0.817581112790404;1.02747371319434E-08;3.42491237731446E-09;9.69609105153825E-06;1.26358078099846E-07;paraboloid;0.000000032;analytical;False;;False;1;270265.931957036;0.000728116933219232;0.014038035939475;-3.48053780449946E-11;0.5;5,00E-07;5;150;2.37450322778447E-11;2.025255714388E-20;1.42311479311684E-10;0.982157182571349;1.65554277799051E-09;4.13885694497628E-10;0.000100623243380704;9.7770649364674E-05
C:/Users/rlolo/Documents/Thèse/MEB et AFM/AFM/Résultats AFM Dynamo/06062025/Plaque hydrophobique_ethanol_PEI 0.5_Incubation 1h/cell2/force mapp/map-data-2025.06.06-11.56.16.356.jpk-force-map;map-data-2025.06.06-11.56.16.356.jpk-force-map;733;0.142;7.801310208055;[2.5e-05, 2.5e-05];[32, 32];1.23014839061957E-05;paraboloid;0.000000032;False;;False;-4.08590510888117E-07;4785.51467562861;-1.09814684947944E-11;;0.5;;-2.44774707354672E-19;1.42935624296903E-20;1.19555687567302E-10;0.868479174973039;3.58443760113394E-08;1.19481253371131E-08;7.8358260301559E-06;7.62663377147817E-07;paraboloid;0.000000032;analytical;False;;False;1;3800.45549861688;0.00426865767744201;0.27366828456241;-5.54531213704099E-11;0.5;5,00E-07;5;152;3.96310150005363E-10;1.07427904642857E-18;1.0364743346695E-09;0.270332954950707;-9.2539813562929E-08;-2.31349533907322E-08;0.000100446789389331;9.779241044672E-05
C:/Users/rlolo/Documents/Thèse/MEB et AFM/AFM/Résultats AFM Dynamo/06062025/Plaque hydrophobique_ethanol_PEI 0.5_Incubation 1h/cell2/force mapp/map-data-2025.06.06-11.56.16.356.jpk-force-map;map-data-2025.06.06-11.56.16.356.jpk-force-map;734;0.142;7.801310208055;[2.5e-05, 2.5e-05];[32, 32];1.04174945747132E-05;paraboloid;0.000000032;False;;False;3.58454651436141E-07;30013.298834914;6.54090096437652E-11;;0.5;;-9.57813503263458E-19;1.94259179926235E-20;1.39376891888948E-10;0.714138865292772;1.6749826890122E-08;5.58327563004067E-09;6.20007860744815E-06;2.43463025714845E-07;paraboloid;0.000000032;analytical;False;;False;1;20466.5675905678;-0.000368354140353269;0.0169849305956861;-4.62290933584976E-11;0.5;5,00E-07;5;139;4.70005616673498E-10;7.33841904782653E-19;8.56645728865004E-10;0.275373293524295;-1.30114038423286E-07;-3.25285096058216E-08;0.00010053146838251;9.7810386992758E-05
C:/Users/rlolo/Documents/Thèse/MEB et AFM/AFM/Résultats AFM Dynamo/06062025/Plaque hydrophobique_ethanol_PEI 0.5_Incubation 1h/cell2/force mapp/map-data-2025.06.06-11.56.16.356.jpk-force-map;map-data-2025.06.06-11.56.16.356.jpk-force-map;735;0.142;7.801310208055;[2.5e-05, 2.5e-05];[32, 32];5.9794165048317E-06;paraboloid;0.000000032;False;;False;8.45675631658183E-08;11014819.767422;-1.77830067672988E-11;;0.5;;-1.51737351023226E-23;7.38736420333594E-22;2.71797060383955E-11;0.931665944901272;1.23289234210324E-08;4.10964114034413E-09;1.2582078348517E-06;5.23059152543177E-09;paraboloid;0.000000032;analytical;False;;False;1;495776.698873089;-0.00060765140002784;0.0100093341686091;5.8617078853242E-11;0.5;5,00E-07;5;156;1.10367064174483E-10;2.51370254509676E-19;5.01368382040268E-10;0.959611681274834;9.51418331868946E-07;2.37854582967237E-07;0.000100229651635872;9.7666574624454E-05
C:/Users/rlolo/Documents/Thèse/MEB et AFM/AFM/Résultats AFM Dynamo/06062025/Plaque hydrophobique_ethanol_PEI 0.5_Incubation 1h/cell2/force mapp/map-data-2025.06.06-11.56.16.356.jpk-force-map;map-data-2025.06.06-11.56.16.356.jpk-force-map;736;0.142;7.801310208055;[2.5e-05, 2.5e-05];[32, 32];5.984289094942E-06;paraboloid;0.000000032;False;;False;8.97966997444327E-08;771616.987229374;1.29896234552085E-10;;0.5;;-1.72972824269861E-19;8.13946540071417E-22;2.85297483352275E-11;0.445205921006828;7.32473817424655E-09;2.44157939141552E-09;1.28377710625575E-06;1.33656789982484E-08;paraboloid;0.000000032;analytical;False;;False;1;432776.792475639;-0.000503783905906875;0.0100000000074021;-6.99711739382211E-11;0.5;5,00E-07;5;155;1.56395789837022E-11;1.06943977949332E-19;3.2702290126126E-10;0.968300805228815;1.44715049847684E-07;3.61787624619211E-08;9.9352112349017E-05;9.741868751593E-05
C:/Users/rlolo/Documents/Thèse/MEB et AFM/AFM/Résultats AFM Dynamo/06062025/Plaque hydrophobique_ethanol_PEI 0.5_Incubation 1h/cell2/force mapp/map-data-2025.06.06-11.56.16.356.jpk-force-map;map-data-2025.06.06-11.56.16.356.jpk-force-map;737;0.142;7.801310208055;[2.5e-05, 2.5e-05];[32, 32];5.961581878894E-06;paraboloid;0.000000032;False;;False;8.81694622551086E-08;15843647.2437164;-2.07979235567709E-12;;0.5;;-5.55390001089362E-19;7.09126384383153E-22;2.66294270382063E-11;0.927692803215834;2.67349995873834E-09;8.91166652912779E-10;1.2619923708597E-06;4.03206567563757E-09;paraboloid;0.000000032;analytical;False;;False;1;524585.648288758;-0.000436754715896695;0.0149803832909567;6.39636037890006E-11;0.5;5,00E-07;5;156;1.4368403212506E-10;2.07220931201736E-19;4.55215258094164E-10;0.960184787794146;-3.01515076282219E-08;-7.53787690705548E-09;9.9707385666768E-05;9.7294743961668E-05
C:/Users/rlolo/Documents/Thèse/MEB et AFM/AFM/Résultats AFM Dynamo/06062025/Plaque hydrophobique_ethanol_PEI 0.5_Incubation 1h/cell2/force mapp/map-data-2025.06.06-11.56.16.356.jpk-force-map;map-data-2025.06.06-11.56.16.356.jpk-force-map;738;0.142;7.801310208055;[2.5e-05, 2.5e-05];[32, 32];9.07348757152215E-06;paraboloid;0.000000032;False;;False;-6.68830258489531E-09;56993.0725328924;8.93241452668553E-11;;0.5;;-9.51743161907271E-20;2.06135966010447E-21;4.54021988465809E-11;0.958804895100598;-5.72063792524699E-09;-1.90687930841566E-09;4.4342850661655E-06;1.60928009806263E-07;paraboloid;0.000000032;analytical;False;;False;1;35676.0790399543;-0.00084645568726883;0.0100000000072601;-9.39144784379516E-11;0.5;5,00E-07;5;148;3.04890136720824E-10;2.7052487197601E-19;5.20120055348772E-10;0.606209856446873;-4.63299160473646E-08;-1.15824790118412E-08;9.44481572355789E-05;9.7329750919742E-05
C:/Users/rlolo/Documents/Thèse/MEB et AFM/AFM/Résultats AFM Dynamo/06062025/Plaque hydrophobique_ethanol_PEI 0.5_Incubation 1h/cell2/force mapp/map-data-2025.06.06-11.56.16.356.jpk-force-map;map-data-2025.06.06-11.56.16.356.jpk-force-map;739;0.142;7.801310208055;[2.5e-05, 2.5e-05];[32, 32];1.21963684185735E-05;paraboloid;0.000000032;False;;False;-2.64861404943116E-07;12504.7899097324;5.70438731389294E-11;;0.5;;-4.11535244805297E-19;6.42624631633064E-21;8.01638716401013E-11;0.953006498618169;2.20037317643607E-07;7.33457725478688E-08;7.6052058671684E-06;4.78132307438739E-07;paraboloid;0.000000032;analytical;False;;False;1;8814.38064214309;0.000728914268394894;0.11509914286559;-3.69502475938619E-11;0.5;5,00E-07;5;146;1.54394737541035E-10;1.01421598952997E-19;3.18467579123837E-10;0.673912880758516;-4.5378989973075E-08;-1.13447474932688E-08;9.47093401776691E-05;9.7525600658156E-05
C:/Users/rlolo/Documents/Thèse/MEB et AFM/AFM/Résultats AFM Dynamo/06062025/Plaque hydrophobique_ethanol_PEI 0.5_Incubation 1h/cell2/force mapp/map-data-2025.06.06-11.56.16.356.jpk-force-map;map-data-2025.06.06-11.56.16.356.jpk-force-map;740;0.142;7.801310208055;[2.5e-05, 2.5e-05];[32, 32];1.44053074730429E-05;paraboloid;0.000000032;False;;False;-1.77863151352009E-07;21317.1512574286;8.8951595925926E-12;;0.5;;-1.25290588483375E-19;2.02839868560286E-21;4.50377473415674E-11;0.961831404515747;-4.95035615650861E-09;-1.6501187188362E-09;9.6812604010569E-06;2.70042795488891E-07;paraboloid;0.000000032;analytical;False;;False;1;231541.602911925;0.00151644060806572;0.0100000002370831;-9.84388221010145E-11;0.5;5,00E-07;5;147;-1.49365964142397E-15;1.21357954810201E-19;3.48364686514292E-10;0.910218095417705;1.75427741118317E-08;4.38569352795791E-09;9.67081317516368E-05;9.7720504262568E-05
C:/Users/rlolo/Documents/Thèse/MEB et AFM/AFM/Résultats AFM Dynamo/06062025/Plaque hydrophobique_ethanol_PEI 0.5_Incubation 1h/cell2/force mapp/map-data-2025.06.06-11.56.16.356.jpk-force-map;map-data-2025.06.06-11.56.16.356.jpk-force-map;741;0.142;7.801310208055;[2.5e-05, 2.5e-05];[32, 32];1.54260677944507E-05;paraboloid;0.000000032;False;;False;1.56912521452176E-08;128364.388380415;5.92973179273285E-12;;0.5;;-1.95182911961794E-19;3.33601047270614E-21;5.77582069727424E-11;0.843525868287104;-9.23000812349167E-09;-3.07666937449722E-09;1.06979759996061E-05;7.83667559699033E-08;paraboloid;0.000000032;analytical;False;;False;1;315181.368407435;1.95145068228667E-06;0.0100000000054511;3.46003817456788E-13;0.5;5,00E-07;5;162;8.55332995730953E-11;8.62907727086384E-20;2.93752910979004E-10;0.943405266943207;-7.49854466989714E-09;-1.87463616747429E-09;9.78468172110027E-05;9.7845867017833E-05
C:/Users/rlolo/Documents/Thèse/MEB et AFM/AFM/Résultats AFM Dynamo/06062025/Plaque hydrophobique_ethanol_PEI 0.5_Incubation 1h/cell2/force mapp/map-data-2025.06.06-11.56.16.356.jpk-force-map;map-data-2025.06.06-11.56.16.356.jpk-force-map;742;0.142;7.801310208055;[2.5e-05, 2.5e-05];[32, 32];1.60388787875461E-05;paraboloid;0.000000032;False;;False;7.29317145173502E-08;1604081.26771379;-3.02676396429351E-12;;0.5;;-1.49372086848171E-20;1.13249744731928E-21;3.36525994140018E-11;0.936727302502614;3.10025884418156E-09;1.03341961472719E-09;1.14210352572846E-05;1.955613132316E-08;paraboloid;0.000000032;analytical;False;;False;1;446849.130783886;-0.000396939823835091;0.0100000788319961;1.76854120544678E-11;0.5;5,00E-07;5;157;7.81387373881235E-11;8.0849438522381E-20;2.84340356830298E-10;0.97657616230351;5.32216734713218E-08;1.33054183678305E-08;9.80072359700608E-05;9.7701436172193E-05
C:/Users/rlolo/Documents/Thèse/MEB et AFM/AFM/Résultats AFM Dynamo/06062025/Plaque hydrophobique_ethanol_PEI 0.5_Incubation 1h/cell2/force mapp/map-data-2025.06.06-11.56.16.356.jpk-force-map;map-data-2025.06.06-11.56.16.356.jpk-force-map;743;0.142;7.801310208055;[2.5e-05, 2.5e-05];[32, 32];1.61286195976358E-05;paraboloid;0.000000032;False;;False;8.16695022782369E-08;1928483.09770525;-3.08644036596587E-12;;0.5;;-1.60233871998847E-19;1.60873109917614E-21;4.01089902537591E-11;0.880726427758272;4.21209394523182E-09;1.40403131507727E-09;1.19086017618652E-05;1.54800121614589E-08;paraboloid;0.000000032;analytical;False;;False;1;449599.247427495;-0.000472296826484487;0.0100000566688375;-1.88757682691603E-12;0.5;5,00E-07;5;156;9.00089498152132E-11;9.31037444561382E-20;3.05129061965815E-10;0.973949959017022;4.82312390417699E-09;1.20578097604425E-09;9.66677942656748E-05;9.72713864096097E-05
C:/Users/rlolo/Documents/Thèse/MEB et AFM/AFM/Résultats AFM Dynamo/06062025/Plaque hydrophobique_ethanol_PEI 0.5_Incubation 1h/cell2/force mapp/map-data-2025.06.06-11.56.16.356.jpk-force-map;map-data-2025.06.06-11.56.16.356.jpk-force-map;744;0.142;7.801310208055;[2.5e-05, 2.5e-05];[32, 32];1.61701312269735E-05;paraboloid;0.000000032;False;;False;7.71319145776985E-08;1559033.73009216;-2.29006215651795E-12;;0.5;;-1.54739578168054E-19;1.62700390460495E-21;4.03361364610562E-11;0.873232047641965;3.78942035806659E-09;1.26314011935553E-09;1.22923064063763E-05;1.72879303900458E-08;paraboloid;0.000000032;analytical;False;;False;1;488131.668424933;-0.00049565838740466;0.0100000416075181;1.08029791119744E-10;0.5;5,00E-07;5;156;1.31174487565764E-10;1.71439233958177E-19;4.14052211632999E-10;0.960015975733574;1.80233073854405E-07;4.50582684636011E-08;9.69329654641005E-05;9.691974363653E-05
C:/Users/rlolo/Documents/Thèse/MEB et AFM/AFM/Résultats AFM Dynamo/06062025/Plaque hydrophobique_ethanol_PEI 0.5_Incubation 1h/cell2/force mapp/map-data-2025.06.06-11.56.16.356.jpk-force-map;map-data-2025.06.06-11.56.16.356.jpk-force-map;745;0.142;7.801310208055;[2.5e-05, 2.5e-05];[32, 32];1.61958660718279E-05;paraboloid;0.000000032;False;;False;-7.06010289434462E-09;98906.8213119057;6.12856517596396E-13;;0.5;;-1.71939746306923E-19;2.07821771271127E-21;4.55874731994577E-11;0.931418237039583;1.5582814291253E-09;5.19427143041766E-10;1.25310160150809E-05;1.02414837210188E-07;paraboloid;0.000000032;analytical;False;;False;1;103712.068491944;0.000344549891472529;0.0616555235604738;7.12966356211516E-12;0.5;5,00E-07;5;147;8.17277061465864E-11;1.52398038772542E-20;1.23449600555264E-10;0.975934561155886;-2.34557290337205E-08;-5.86393225843013E-09;9.76733606641342E-05;9.66580624209342E-05
C:/Users/rlolo/Documents/Thèse/MEB et AFM/AFM/Résultats AFM Dynamo/06062025/Plaque hydrophobique_ethanol_PEI 0.5_Incubation 1h/cell2/force mapp/map-data-2025.06.06-11.56.16.356.jpk-force-map;map-data-2025.06.06-11.56.16.356.jpk-force-map;746;0.142;7.801310208055;[2.5e-05, 2.5e-05];[32, 32];1.62127072570635E-05;paraboloid;0.000000032;False;;False;-1.35156655271123E-08;79200.3166243516;-1.14264837223099E-12;;0.5;;-1.88692966575984E-19;1.87665796158792E-21;4.3320410450363E-11;0.925841221197765;3.25433058331339E-09;1.08477686110446E-09;1.25990903565248E-05;1.08703773113538E-07;paraboloid;0.000000032;analytical;False;;False;1;466648.184175257;0.00039576202170458;0.0100000000074021;-6.7289920444984E-11;0.5;5,00E-07;5;148;1.61433438752943E-11;1.02890718325191E-19;3.20765830981405E-10;0.971412985495039;2.34874267363761E-08;5.87185668409403E-09;9.74076914119175E-05;9.66237232776323E-05
C:/Users/rlolo/Documents/Thèse/MEB et AFM/AFM/Résultats AFM Dynamo/06062025/Plaque hydrophobique_ethanol_PEI 0.5_Incubation 1h/cell2/force mapp/map-data-2025.06.06-11.56.16.356.jpk-force-map;map-data-2025.06.06-11.56.16.356.jpk-force-map;747;0.142;7.801310208055;[2.5e-05, 2.5e-05];[32, 32];1.62252908392901E-05;paraboloid;0.000000032;False;;False;4.04917609887107E-08;150775.790435733;-1.86539965972617E-12;;0.5;;-1.42161380410558E-19;1.69231619279772E-21;4.11377708778407E-11;0.943236391285134;3.53118226113244E-09;1.17706075371081E-09;1.27124608633145E-05;8.18291590497643E-08;paraboloid;0.000000032;analytical;False;;False;1;374944.194504633;9.01441977512654E-05;0.0100000000060446;-6.64480685065395E-12;0.5;5,00E-07;5;165;4.30962979980914E-11;6.66156882573726E-20;2.58100151602769E-10;0.972932191844413;-4.13139847371457E-09;-1.03284961842864E-09;9.71939343113372E-05;9.65160192402293E-05
C:/Users/rlolo/Documents/Thèse/MEB et AFM/AFM/Résultats AFM Dynamo/06062025/Plaque hydrophobique_ethanol_PEI 0.5_Incubation 1h/cell2/force mapp/map-data-2025.06.06-11.56.16.356.jpk-force-map;map-data-2025.06.06-11.56.16.356.jpk-force-map;748;0.142;7.801310208055;[2.5e-05, 2.5e-05];[32, 32];1.62335222051075E-05;paraboloid;0.000000032;False;;False;7.1867581235992E-08;40268.4133913108;5.11679556719083E-13;;0.5;;-9.8242031369992E-20;1.18165838602228E-21;3.43752583411715E-11;0.981645807018072;7.33162124391882E-10;2.44387374797294E-10;1.28610275549785E-05;2.13062585685216E-07;paraboloid;0.000000032;analytical;False;;False;1;84783.3121786163;0.000601023887729649;0.0100000000073887;-4.47342317406783E-11;0.5;5,00E-07;5;161;-3.22936843091683E-17;6.82262054900336E-21;8.25991558613244E-11;0.986104927452391;3.1892457926241E-08;7.97311448156025E-09;9.71236518875492E-05;9.6526619889359E-05
C:/Users/rlolo/Documents/Thèse/MEB et AFM/AFM/Résultats AFM Dynamo/06062025/Plaque hydrophobique_ethanol_PEI 0.5_Incubation 1h/cell2/force mapp/map-data-2025.06.06-11.56.16.356.jpk-force-map;map-data-2025.06.06-11.56.16.356.jpk-force-map;749;0.142;7.801310208055;[2.5e-05, 2.5e-05];[32, 32];1.62427943183271E-05;paraboloid;0.000000032;False;;False;8.89726047496611E-08;549233.056759122;-9.05282002693463E-12;;0.5;;1.17091577050472E-21;4.85780657084501E-22;2.20404323252631E-11;0.983776836883089;1.01852914478923E-08;3.39509714929745E-09;1.2823418728399E-05;4.33638673165224E-08;paraboloid;0.000000032;analytical;False;;False;1;224881.659569088;-0.000263994555133394;0.0100000000008732;-6.52780736877868E-11;0.5;5,00E-07;5;159;1.53486461331518E-17;6.18377602478994E-21;7.8636988909736E-11;0.990815002414445;6.00332934849364E-09;1.50083233712341E-09;9.6998309520311E-05;9.63590627755751E-05
C:/Users/rlolo/Documents/Thèse/MEB et AFM/AFM/Résultats AFM Dynamo/06062025/Plaque hydrophobique_ethanol_PEI 0.5_Incubation 1h/cell2/force mapp/map-data-2025.06.06-11.56.16.356.jpk-force-map;map-data-2025.06.06-11.56.16.356.jpk-force-map;750;0.142;7.801310208055;[2.5e-05, 2.5e-05];[32, 32];1.62485893890894E-05;paraboloid;0.000000032;False;;False;9.11977555324827E-08;496208.58621477;-1.89861085412087E-12;;0.5;;-2.02940872660465E-21;4.95261092995238E-22;2.22544623164712E-11;0.982743267953867;-14.4418986532463;-4.81396621774878;1.28053002622607E-05;4.48234007754529E-08;paraboloid;0.000000032;analytical;False;;False;1;150864.809247985;-0.000492244547650018;0.0100000000397611;-4.80129140428682E-11;0.5;5,00E-07;5;161;-7.26193862599463E-19;1.74985372572667E-20;1.32282036789833E-10;0.975579391221022;8.77550365424685E-09;2.19387591356171E-09;9.69248922165325E-05;9.6413030083561E-05
C:/Users/rlolo/Documents/Thèse/MEB et AFM/AFM/Résultats AFM Dynamo/06062025/Plaque hydrophobique_ethanol_PEI 0.5_Incubation 1h/cell2/force mapp/map-data-2025.06.06-11.56.16.356.jpk-force-map;map-data-2025.06.06-11.56.16.356.jpk-force-map;751;0.142;7.801310208055;[2.5e-05, 2.5e-05];[32, 32];1.62385840220182E-05;paraboloid;0.000000032;False;;False;4.79720514040937E-08;309028.497042665;-1.61299091708528E-12;;0.5;;-2.15474467758511E-19;2.13116582620213E-21;4.61645516192038E-11;0.871992759902513;3.58317759428645E-09;1.19439253142882E-09;1.19729861807013E-05;4.60025089410742E-08;paraboloid;0.000000032;analytical;False;;False;1;486560.678493978;-0.000193617167229199;0.0100000030317129;1.75575259874115E-11;0.5;5,00E-07;5;160;6.75788545135958E-11;1.27747118132333E-19;3.57417288519082E-10;0.970079837300113;-3.49907588790822E-07;-8.74768971977055E-08;9.75793894532049E-05;9.72519381502415E-05
C:/Users/rlolo/Documents/Thèse/MEB et AFM/AFM/Résultats AFM Dynamo/06062025/Plaque hydrophobique_ethanol_PEI 0.5_Incubation 1h/cell2/force mapp/map-data-2025.06.06-11.56.16.356.jpk-force-map;map-data-2025.06.06-11.56.16.356.jpk-force-map;752;0.142;7.801310208055;[2.5e-05, 2.5e-05];[32, 32];1.62415643441245E-05;paraboloid;0.000000032;False;;False;1.25763175252299E-08;53059.7110347103;-4.1930200531018E-12;;0.5;;-2.2137640767087E-20;1.04842339791089E-21;3.23793668546946E-11;0.986134972062134;5.64193099504388E-09;1.88064366501463E-09;1.21101283042912E-05;1.90235931193854E-07;paraboloid;0.000000032;analytical;False;;False;1;350122.423926094;0.00105385612265263;0.0100000000074051;-1.54661035431442E-11;0.5;5,00E-07;5;158;-2.62720754984226E-17;6.51010432871681E-20;2.55149060917668E-10;0.975785872098418;3.81729407102368E-08;9.54323517755919E-09;9.78108859697891E-05;9.71728889167961E-05
C:/Users/rlolo/Documents/Thèse/MEB et AFM/AFM/Résultats AFM Dynamo/06062025/Plaque hydrophobique_ethanol_PEI 0.5_Incubation 1h/cell2/force mapp/map-data-2025.06.06-11.56.16.356.jpk-force-map;map-data-2025.06.06-11.56.16.356.jpk-force-map;753;0.142;7.801310208055;[2.5e-05, 2.5e-05];[32, 32];1.62483765089389E-05;paraboloid;0.000000032;False;;False;1.87225602992881E-08;185306.416688767;-1.46498906985458E-12;;0.5;;-6.7456116153284E-20;1.21605500277742E-21;3.48719801958165E-11;0.962223665849612;2.42202357938089E-09;8.07341193126964E-10;1.21903131609607E-05;7.52014305176888E-08;paraboloid;0.000000032;analytical;False;;False;1;356985.619913502;-2.2323793570405E-05;0.0100000000074024;-6.06281656771628E-12;0.5;5,00E-07;5;164;4.40782651695499E-11;7.96041842858116E-20;2.82142134899791E-10;0.969517023179957;3.55209552003241E-09;8.88023880008103E-10;9.76757031622744E-05;9.70004754164429E-05
C:/Users/rlolo/Documents/Thèse/MEB et AFM/AFM/Résultats AFM Dynamo/06062025/Plaque hydrophobique_ethanol_PEI 0.5_Incubation 1h/cell2/force mapp/map-data-2025.06.06-11.56.16.356.jpk-force-map;map-data-2025.06.06-11.56.16.356.jpk-force-map;754;0.142;7.801310208055;[2.5e-05, 2.5e-05];[32, 32];1.62508364573441E-05;paraboloid;0.000000032;False;;False;3.14736993026534E-08;177535.268088729;1.91200611402091E-11;;0.5;;-4.14608245050058E-19;5.12630002711375E-21;7.15981845238673E-11;0.800982439578289;1.11270891548407E-08;3.70902971828022E-09;1.2151639933629E-05;6.79139222463156E-08;paraboloid;0.000000032;analytical;False;;False;1;435182.5680745;3.32829443207439E-05;0.0100000154839161;5.97335156688666E-11;0.5;5,00E-07;5;164;1.01879280386868E-10;9.16318610512632E-20;3.02707550370425E-10;0.975766655141954;9.64077440296167E-08;2.41019360074042E-08;9.76163425709975E-05;9.70599276545919E-05
C:/Users/rlolo/Documents/Thèse/MEB et AFM/AFM/Résultats AFM Dynamo/06062025/Plaque hydrophobique_ethanol_PEI 0.5_Incubation 1h/cell2/force mapp/map-data-2025.06.06-11.56.16.356.jpk-force-map;map-data-2025.06.06-11.56.16.356.jpk-force-map;755;0.142;7.801310208055;[2.5e-05, 2.5e-05];[32, 32];1.62456327203331E-05;paraboloid;0.000000032;False;;False;6.57178045888224E-08;785453.790300336;1.31159923991997E-12;;0.5;;-1.40893973710994E-20;1.09986029289472E-21;3.31641416728176E-11;0.951275290537064;-9.03386695757673E-10;-3.01128898585891E-10;1.16959344915657E-05;3.18208502276015E-08;paraboloid;0.000000032;analytical;False;;False;1;112364.345980576;-0.000509995023728371;0.0100000269793433;-2.45339261396503E-11;0.5;5,00E-07;5;149;5.71824172024178E-11;1.88691428398769E-20;1.37364998598176E-10;0.799682036624893;-9.8095546124945E-09;-2.45238865312362E-09;9.79050645872428E-05;9.74266931148688E-05
C:/Users/rlolo/Documents/Thèse/MEB et AFM/AFM/Résultats AFM Dynamo/06062025/Plaque hydrophobique_ethanol_PEI 0.5_Incubation 1h/cell2/force mapp/map-data-2025.06.06-11.56.16.356.jpk-force-map;map-data-2025.06.06-11.56.16.356.jpk-force-map;756;0.142;7.801310208055;[2.5e-05, 2.5e-05];[32, 32];1.35739395254855E-05;paraboloid;0.000000032;False;;False;3.03526641809493E-07;13524.5000631565;2.16803711438257E-10;;0.5;;-7.59444353458102E-20;1.01520725309151E-20;1.00757493671265E-10;0.851687361110301;6.63461375098189E-08;2.21153791699396E-08;9.4525325060734E-06;3.95341626495202E-07;paraboloid;0.000000032;analytical;False;;False;1;16261.816692163;0.000788799078419566;0.0521127544959782;-2.32869409297721E-11;0.5;5,00E-07;5;142;5.02766756614145E-10;8.25057570742686E-19;9.08326797327198E-10;0.362879878157763;-1.48616872127706E-07;-3.71542180319265E-08;0.000100348391453123;0.0000977829491067
C:/Users/rlolo/Documents/Thèse/MEB et AFM/AFM/Résultats AFM Dynamo/06062025/Plaque hydrophobique_ethanol_PEI 0.5_Incubation 1h/cell2/force mapp/map-data-2025.06.06-11.56.16.356.jpk-force-map;map-data-2025.06.06-11.56.16.356.jpk-force-map;757;0.142;7.801310208055;[2.5e-05, 2.5e-05];[32, 32];1.23728933699967E-05;paraboloid;0.000000032;False;;False;4.04163820674797E-08;89339.3221593266;-1.56989251079381E-11;;0.5;;-4.67980752860337E-22;1.19941624791164E-21;3.46325893907984E-11;0.983582405196255;1.76310766714075E-08;5.87702555713584E-09;7.7365765733461E-06;1.42787273907729E-07;paraboloid;0.000000032;analytical;False;;False;1;32791.8172133997;-0.000341464893576461;0.0615998384676952;-4.93033984455126E-11;0.5;5,00E-07;5;149;1.53327255442654E-20;6.5402455612183E-21;8.08717847040505E-11;0.9687272405466;3.1409916036309E-09;7.85247900907724E-10;0.000100638381524736;9.7804237121745E-05
C:/Users/rlolo/Documents/Thèse/MEB et AFM/AFM/Résultats AFM Dynamo/06062025/Plaque hydrophobique_ethanol_PEI 0.5_Incubation 1h/cell2/force mapp/map-data-2025.06.06-11.56.16.356.jpk-force-map;map-data-2025.06.06-11.56.16.356.jpk-force-map;758;0.142;7.801310208055;[2.5e-05, 2.5e-05];[32, 32];1.09601970382604E-05;paraboloid;0.000000032;False;;False;-8.13602958212317E-08;21431.7836102541;-2.58670270607599E-11;;0.5;;-1.7043207590218E-22;2.26470123100718E-21;4.75888771774159E-11;0.982025480705371;2.20858423331142E-08;7.36194744437139E-09;6.4144489189513E-06;3.54776780672324E-07;paraboloid;0.000000032;analytical;False;;False;1;11563.3352827266;0.000620721788705411;0.151332781897484;-1.38561615200206E-10;0.5;5,00E-07;5;157;7.49034775463776E-11;2.29072140414441E-19;4.7861481424465E-10;0.60335249083312;-4.39908064927766E-08;-1.09977016231942E-08;0.000100619458844696;9.7775380034684E-05
C:/Users/rlolo/Documents/Thèse/MEB et AFM/AFM/Résultats AFM Dynamo/06062025/Plaque hydrophobique_ethanol_PEI 0.5_Incubation 1h/cell2/force mapp/map-data-2025.06.06-11.56.16.356.jpk-force-map;map-data-2025.06.06-11.56.16.356.jpk-force-map;759;0.142;7.801310208055;[2.5e-05, 2.5e-05];[32, 32];9.6682983652295E-06;paraboloid;0.000000032;False;;False;8.93092304343618E-08;5950699.84733164;-3.15438484849065E-11;;0.5;;-8.73148946261641E-20;8.99494411567342E-22;2.99915723423655E-11;0.921925310744049;-6.98674955931819E-09;-2.32891651977273E-09;4.94682950839895E-06;7.5406804202932E-09;paraboloid;0.000000032;analytical;False;;False;1;404773.065194652;-0.000543361012268265;0.0100000027578316;7.78338996421926E-11;0.5;5,00E-07;5;155;1.14621063797892E-10;1.3635198290982E-19;3.69258693749815E-10;0.964749079772697;8.73071356198215E-08;2.18267839049554E-08;0.000100685688224836;9.776402642666E-05
C:/Users/rlolo/Documents/Thèse/MEB et AFM/AFM/Résultats AFM Dynamo/06062025/Plaque hydrophobique_ethanol_PEI 0.5_Incubation 1h/cell2/force mapp/map-data-2025.06.06-11.56.16.356.jpk-force-map;map-data-2025.06.06-11.56.16.356.jpk-force-map;760;0.142;7.801310208055;[2.5e-05, 2.5e-05];[32, 32];7.5183507657848E-06;paraboloid;0.000000032;False;;False;6.87028637566717E-08;1724167.80832113;-1.03076461917086E-10;;0.5;;-8.3769526411441E-21;2.32469141361304E-20;1.5246938753773E-10;0.484065584651877;-6.01757276728162E-07;-2.00585758909387E-07;2.79271891934545E-06;2.06923765500924E-08;paraboloid;0.000000032;analytical;False;;False;1;226050.306754037;-0.000610948361403518;0.0100000000059532;1.77858702664312E-10;0.5;5,00E-07;5;152;5.02295131176393E-11;1.17658973636527E-19;3.43014538520639E-10;0.829525903468804;-3.0715672060533E-08;-7.67891801513326E-09;0.000100505922764456;9.7734223205597E-05
C:/Users/rlolo/Documents/Thèse/MEB et AFM/AFM/Résultats AFM Dynamo/06062025/Plaque hydrophobique_ethanol_PEI 0.5_Incubation 1h/cell2/force mapp/map-data-2025.06.06-11.56.16.356.jpk-force-map;map-data-2025.06.06-11.56.16.356.jpk-force-map;761;0.142;7.801310208055;[2.5e-05, 2.5e-05];[32, 32];5.7296371283037E-06;paraboloid;0.000000032;False;;False;8.61654859213234E-08;8321053.99168061;1.19791928656149E-10;;0.5;;-1.12391861290065E-18;7.99669061985428E-21;8.94242171889376E-11;0.532413107854529;-5.62746930576345E-09;-1.87582310192115E-09;1.0123076077319E-06;6.16155746308576E-09;paraboloid;0.000000032;analytical;False;;False;1;479104.969915246;-0.000572604861439396;0.0100000041016989;2.77773625459852E-10;0.5;5,00E-07;5;156;2.89695519125502E-10;2.78800944112472E-19;5.28016045317254E-10;0.96325212690758;-3.13785277574708E-09;-7.8446319393677E-10;0.000100572152144596;0.0000976410290064
C:/Users/rlolo/Documents/Thèse/MEB et AFM/AFM/Résultats AFM Dynamo/06062025/Plaque hydrophobique_ethanol_PEI 0.5_Incubation 1h/cell2/force mapp/map-data-2025.06.06-11.56.16.356.jpk-force-map;map-data-2025.06.06-11.56.16.356.jpk-force-map;762;0.142;7.801310208055;[2.5e-05, 2.5e-05];[32, 32];5.7217842160871E-06;paraboloid;0.000000032;False;;False;8.84344821760861E-08;14170901.7953032;-1.74655837933681E-11;;0.5;;-7.6258249664574E-19;7.19618044708091E-22;2.68256974691822E-11;0.917132533155079;-3.71980011666803E-09;-1.23993337222268E-09;1.01848113209495E-06;4.05032672326312E-09;paraboloid;0.000000032;analytical;False;;False;1;497094.451563938;-0.000640120497323798;0.0100001655060149;3.69761790185699E-12;0.5;5,00E-07;5;155;8.12783808718977E-11;2.6943326071318E-19;5.19069610662366E-10;0.957086399221246;-7.48371969097923E-08;-1.87092992274481E-08;9.9527147139387E-05;9.7381788289852E-05
C:/Users/rlolo/Documents/Thèse/MEB et AFM/AFM/Résultats AFM Dynamo/06062025/Plaque hydrophobique_ethanol_PEI 0.5_Incubation 1h/cell2/force mapp/map-data-2025.06.06-11.56.16.356.jpk-force-map;map-data-2025.06.06-11.56.16.356.jpk-force-map;763;0.142;7.801310208055;[2.5e-05, 2.5e-05];[32, 32];5.7140732239708E-06;paraboloid;0.000000032;False;;False;8.43181645263808E-08;2253558.82098426;-1.58501317426034E-11;;0.5;;-2.78070478239278E-20;5.53588354162462E-22;2.35284583889906E-11;0.964046103976993;3.54697072015919E-08;1.1823235733864E-08;1.0235666023557E-06;1.5778183903351E-08;paraboloid;0.000000032;analytical;False;;False;1;451465.964023418;-0.000428276067202377;0.0100000861068754;2.06516483787192E-11;0.5;5,00E-07;5;158;6.51222574651936E-11;1.05304544005723E-19;3.24506616274188E-10;0.977372805756248;3.3435317429811E-07;8.35882935745276E-08;9.9569250102476E-05;9.7299474631678E-05
C:/Users/rlolo/Documents/Thèse/MEB et AFM/AFM/Résultats AFM Dynamo/06062025/Plaque hydrophobique_ethanol_PEI 0.5_Incubation 1h/cell2/force mapp/map-data-2025.06.06-11.56.16.356.jpk-force-map;map-data-2025.06.06-11.56.16.356.jpk-force-map;764;0.142;7.801310208055;[2.5e-05, 2.5e-05];[32, 32];5.69446459677935E-06;paraboloid;0.000000032;False;;False;8.50845625941986E-08;6466610.80033647;-1.65981960587923E-11;;0.5;;-9.25211125584396E-20;6.11370763462709E-22;2.47259127933168E-11;0.940674792495958;1.34115004046519E-08;4.47050013488395E-09;9.97311383800201E-07;7.14991247345543E-09;paraboloid;0.000000032;analytical;False;;False;1;466720.428500631;-0.000561212082403543;0.0100003539413365;-9.16213982055751E-11;0.5;5,00E-07;5;157;3.74014778065932E-11;1.54379449775533E-19;3.92911503745479E-10;0.97080261610559;-2.32958221279486E-07;-5.82395553198714E-08;9.9711170202776E-05;9.7244125792561E-05
C:/Users/rlolo/Documents/Thèse/MEB et AFM/AFM/Résultats AFM Dynamo/06062025/Plaque hydrophobique_ethanol_PEI 0.5_Incubation 1h/cell2/force mapp/map-data-2025.06.06-11.56.16.356.jpk-force-map;map-data-2025.06.06-11.56.16.356.jpk-force-map;765;0.142;7.801310208055;[2.5e-05, 2.5e-05];[32, 32];5.6865880312127E-06;paraboloid;0.000000032;False;;False;8.79375480635142E-08;8650798.83809154;-2.40042999170221E-11;;0.5;;-5.31439422761766E-20;4.67755425963833E-22;2.16276541946609E-11;0.957838173907887;-7.6751759005802E-09;-2.55839196686007E-09;9.93006474091102E-07;6.4129645578978E-09;paraboloid;0.000000032;analytical;False;;False;1;428967.186992535;-0.000541471802635644;0.0100003883270065;-6.83439512554386E-11;0.5;5,00E-07;5;157;1.4828070565467E-11;1.00713152947683E-19;3.17353356603775E-10;0.974810393386708;2.37262155111389E-07;5.93155387778472E-08;9.9617029869577E-05;9.7202495896473E-05
C:/Users/rlolo/Documents/Thèse/MEB et AFM/AFM/Résultats AFM Dynamo/06062025/Plaque hydrophobique_ethanol_PEI 0.5_Incubation 1h/cell2/force mapp/map-data-2025.06.06-11.56.16.356.jpk-force-map;map-data-2025.06.06-11.56.16.356.jpk-force-map;766;0.142;7.801310208055;[2.5e-05, 2.5e-05];[32, 32];5.65917379850475E-06;paraboloid;0.000000032;False;;False;8.47703421678878E-08;10885261.3235633;-1.6803935890802E-11;;0.5;;-1.71843373636732E-19;5.74945086596664E-22;2.39780125656124E-11;0.951985210236486;5.99420097544303E-09;1.99806699181434E-09;9.62682879327003E-07;5.49171104309512E-09;paraboloid;0.000000032;analytical;False;;False;1;470735.38781183;-0.000547397681606342;0.0105559236593423;2.20440156746965E-11;0.5;5,00E-07;5;157;6.80972829021901E-11;1.51613967029814E-19;3.89376382218817E-10;0.970897884338954;-3.7853736217069E-07;-9.46343405426726E-08;9.9777872649917E-05;9.7199657494467E-05
C:/Users/rlolo/Documents/Thèse/MEB et AFM/AFM/Résultats AFM Dynamo/06062025/Plaque hydrophobique_ethanol_PEI 0.5_Incubation 1h/cell2/force mapp/map-data-2025.06.06-11.56.16.356.jpk-force-map;map-data-2025.06.06-11.56.16.356.jpk-force-map;767;0.142;7.801310208055;[2.5e-05, 2.5e-05];[32, 32];5.65671385009955E-06;paraboloid;0.000000032;False;;False;8.66370790812239E-08;20271770.8998498;-1.34726821585397E-11;;0.5;;-6.84442072459407E-19;6.55639362870353E-22;2.56054557247152E-11;0.942631146282717;1.01791916538067E-08;3.39306388460224E-09;9.60199277571752E-07;4.01809325985359E-09;paraboloid;0.000000032;analytical;False;;False;1;450142.635061005;-0.000679920474913215;0.0100046950278563;6.75797206250927E-11;0.5;5,00E-07;5;156;1.44497801567798E-10;2.3598098312212E-19;4.85778738853523E-10;0.958751983291832;-3.68796358966312E-06;-9.21990897415781E-07;9.9571615437481E-05;9.7184992417436E-05
C:/Users/rlolo/Documents/Thèse/MEB et AFM/AFM/Résultats AFM Dynamo/06062025/Plaque hydrophobique_ethanol_PEI 0.5_Incubation 1h/cell2/force mapp/map-data-2025.06.06-11.56.16.356.jpk-force-map;map-data-2025.06.06-11.56.16.356.jpk-force-map;768;0.142;7.801310208055;[2.5e-05, 2.5e-05];[32, 32];5.6692737789761E-06;paraboloid;0.000000032;False;;False;8.11733873529674E-08;5212700.72052453;-1.74966276286286E-11;;0.5;;1.85137958379921E-23;5.25486352927319E-22;2.29234891089319E-11;0.956264225959982;4.19394306025882E-09;1.39798102008627E-09;9.72451712897652E-07;8.50325024464899E-09;paraboloid;0.000000032;analytical;False;;False;1;420035.219546085;-0.000579089605519922;0.0100000000002386;-7.72142006699889E-11;0.5;5,00E-07;5;157;8.2080406852809E-18;1.19113724927004E-19;3.45128562896501E-10;0.973293392080661;9.79292061950751E-08;2.44823015487688E-08;9.9393742245105E-05;9.7216214839502E-05
C:/Users/rlolo/Documents/Thèse/MEB et AFM/AFM/Résultats AFM Dynamo/06062025/Plaque hydrophobique_ethanol_PEI 0.5_Incubation 1h/cell2/force mapp/map-data-2025.06.06-11.56.16.356.jpk-force-map;map-data-2025.06.06-11.56.16.356.jpk-force-map;769;0.142;7.801310208055;[2.5e-05, 2.5e-05];[32, 32];5.6644011888658E-06;paraboloid;0.000000032;False;;False;8.48698712409057E-08;12554660.525682;-1.9143282955328E-11;;0.5;;-1.52007398001854E-19;8.97628408948839E-22;2.99604474090231E-11;0.927207598183819;1.6086791404542E-08;5.362263801514E-09;9.68194109888651E-07;5.17355150570763E-09;paraboloid;0.000000032;analytical;False;;False;1;515492.910052577;-0.000465396901881833;0.0145915203510509;1.34025139744544E-10;0.5;5,00E-07;5;157;1.63466782117646E-10;2.14375893164287E-19;4.63007443962067E-10;0.964368299966817;7.68221362679258E-07;1.92055340669814E-07;9.9551273556438E-05;9.7171746541408E-05
C:/Users/rlolo/Documents/Thèse/MEB et AFM/AFM/Résultats AFM Dynamo/06062025/Plaque hydrophobique_ethanol_PEI 0.5_Incubation 1h/cell2/force mapp/map-data-2025.06.06-11.56.16.356.jpk-force-map;map-data-2025.06.06-11.56.16.356.jpk-force-map;770;0.142;7.801310208055;[2.5e-05, 2.5e-05];[32, 32];5.6822358148035E-06;paraboloid;0.000000032;False;;False;8.89021412582107E-08;16693592.7863595;-1.70225047852833E-11;;0.5;;4.79433508745865E-23;5.97467688086292E-22;2.4443152171647E-11;0.947750210895944;1.56557465919239E-08;5.21858219730796E-09;9.88701564382002E-07;4.06878395014199E-09;paraboloid;0.000000032;analytical;False;;False;1;487773.807601298;-0.000634717642627977;0.0100003648075279;9.2623429674844E-11;0.5;5,00E-07;5;156;1.18309954024996E-10;2.814270480231E-19;5.30496982105554E-10;0.953488652751771;-1.04313855201095E-06;-2.60784638002736E-07;9.9368196627051E-05;9.7192088422451E-05
C:/Users/rlolo/Documents/Thèse/MEB et AFM/AFM/Résultats AFM Dynamo/06062025/Plaque hydrophobique_ethanol_PEI 0.5_Incubation 1h/cell2/force mapp/map-data-2025.06.06-11.56.16.356.jpk-force-map;map-data-2025.06.06-11.56.16.356.jpk-force-map;771;0.142;7.801310208055;[2.5e-05, 2.5e-05];[32, 32];5.70189174869505E-06;paraboloid;0.000000032;False;;False;8.9497697593917E-08;18308094.2052013;-1.84611129500528E-11;;0.5;;-1.26175328414933E-18;8.30538231890591E-22;2.88190602187266E-11;0.929597794930798;2.36200390475417E-08;7.87334634918057E-09;1.00944555237585E-06;3.69451068055016E-09;paraboloid;0.000000032;analytical;False;;False;1;417151.573704137;-0.000658857486242314;0.0100164968863664;2.06707880911281E-11;0.5;5,00E-07;5;156;8.62477157611471E-11;1.74389209246652E-19;4.17599340572578E-10;0.963853188857158;1.02854692365123E-06;2.57136730912808E-07;9.927784082986E-05;9.7202968963474E-05
C:/Users/rlolo/Documents/Thèse/MEB et AFM/AFM/Résultats AFM Dynamo/06062025/Plaque hydrophobique_ethanol_PEI 0.5_Incubation 1h/cell2/force mapp/map-data-2025.06.06-11.56.16.356.jpk-force-map;map-data-2025.06.06-11.56.16.356.jpk-force-map;772;0.142;7.801310208055;[2.5e-05, 2.5e-05];[32, 32];5.7116605822657E-06;paraboloid;0.000000032;False;;False;8.95812943953135E-08;11905608.1497418;-1.83988580827605E-11;;0.5;;-6.82510496915329E-20;6.48305927744605E-22;2.54618524020662E-11;0.945388072953149;9.63982735953001E-09;3.21327578651E-09;1.02037340009895E-06;5.15785071702256E-09;paraboloid;0.000000032;analytical;False;;False;1;480124.803244628;-0.00061126175988388;0.0100388414058488;4.05788003591463E-11;0.5;5,00E-07;5;156;1.00165781647612E-10;2.40410435832983E-19;4.90316668932418E-10;0.957408496002629;4.40121509027189E-06;1.10030377256797E-06;9.9406041987131E-05;9.7198238293464E-05
C:/Users/rlolo/Documents/Thèse/MEB et AFM/AFM/Résultats AFM Dynamo/06062025/Plaque hydrophobique_ethanol_PEI 0.5_Incubation 1h/cell2/force mapp/map-data-2025.06.06-11.56.16.356.jpk-force-map;map-data-2025.06.06-11.56.16.356.jpk-force-map;773;0.142;7.801310208055;[2.5e-05, 2.5e-05];[32, 32];5.7247172314933E-06;paraboloid;0.000000032;False;;False;8.53757146134158E-08;12223305.3303727;-1.77686975977829E-11;;0.5;;-6.09621563679018E-19;5.6748820068208E-22;2.38220108446386E-11;0.94792501610615;-1.37228122562523E-08;-4.57427075208411E-09;1.02884129941685E-06;5.0234532560406E-09;paraboloid;0.000000032;analytical;False;;False;1;420081.561171161;-0.000644469699119981;0.0102569981996139;4.80833258417063E-12;0.5;5,00E-07;5;156;8.91431942672392E-11;1.70386529635235E-19;4.12779032455907E-10;0.963485975217003;-2.81551912293251E-07;-7.03879780733127E-08;9.9355896885025E-05;9.7204861231478E-05
C:/Users/rlolo/Documents/Thèse/MEB et AFM/AFM/Résultats AFM Dynamo/06062025/Plaque hydrophobique_ethanol_PEI 0.5_Incubation 1h/cell2/force mapp/map-data-2025.06.06-11.56.16.356.jpk-force-map;map-data-2025.06.06-11.56.16.356.jpk-force-map;774;0.142;7.801310208055;[2.5e-05, 2.5e-05];[32, 32];5.720790775385E-06;paraboloid;0.000000032;False;;False;8.60845586067013E-08;13890644.4531645;1.71490815308402E-10;;0.5;;-1.86434469079502E-19;1.13818403058807E-19;3.3736983128135E-10;0.056800155255211;9.09310181337488E-06;3.03103393779163E-06;1.0249858033587E-06;4.31714739109264E-09;paraboloid;0.000000032;analytical;False;;False;1;490967.127593323;-0.000446592209429809;0.0163181390780219;3.14094750547434E-12;0.5;5,00E-07;5;156;2.48969251683924E-09;2.34678112050781E-17;4.84435869905173E-09;0.284833374206307;-8.10695989777633E-07;-2.02673997444408E-07;9.952383567038E-05;9.7157554531378E-05
C:/Users/rlolo/Documents/Thèse/MEB et AFM/AFM/Résultats AFM Dynamo/06062025/Plaque hydrophobique_ethanol_PEI 0.5_Incubation 1h/cell2/force mapp/map-data-2025.06.06-11.56.16.356.jpk-force-map;map-data-2025.06.06-11.56.16.356.jpk-force-map;775;0.142;7.801310208055;[2.5e-05, 2.5e-05];[32, 32];6.8228476609146E-06;paraboloid;0.000000032;False;;False;4.40392346202663E-08;34408.7939736582;-5.82840390137129E-12;;0.5;;-4.38622795688949E-21;9.75199685702499E-22;3.12281873585788E-11;0.98780864121318;4.78308786687939E-09;1.59436262229313E-09;2.3163167959884E-06;2.46096072781353E-07;paraboloid;0.000000032;analytical;False;;False;1;22685.5607055574;-1.66416545708016E-05;0.0709477340952747;-1.54862372122135E-10;0.5;5,00E-07;5;143;9.75544992672147E-10;2.64412256093294E-18;1.62607581647749E-09;0.257807832174696;-4.57813518290597E-07;-1.14453379572649E-07;9.74703099356679E-05;9.7375638418839E-05
C:/Users/rlolo/Documents/Thèse/MEB et AFM/AFM/Résultats AFM Dynamo/06062025/Plaque hydrophobique_ethanol_PEI 0.5_Incubation 1h/cell2/force mapp/map-data-2025.06.06-11.56.16.356.jpk-force-map;map-data-2025.06.06-11.56.16.356.jpk-force-map;776;0.142;7.801310208055;[2.5e-05, 2.5e-05];[32, 32];7.2513990571205E-06;paraboloid;0.000000032;False;;False;5.87738931701632E-08;108765.26320329;-9.90836316844152E-12;;0.5;;-9.04794320796526E-21;6.80690532064391E-22;2.60900466090881E-11;0.987779500618648;1.50835590042228E-08;5.0278530014076E-09;2.6335082201589E-06;1.20089302997617E-07;paraboloid;0.000000032;analytical;False;;False;1;60003.807731089;-0.000541266803685055;0.0100000083803381;-4.75731709460809E-11;0.5;5,00E-07;5;146;2.20444867087852E-10;3.66556871446307E-19;6.05439403612208E-10;0.51715634995901;-5.52526341003622E-08;-1.38131585250906E-08;9.79279081813105E-05;9.7362865609812E-05
C:/Users/rlolo/Documents/Thèse/MEB et AFM/AFM/Résultats AFM Dynamo/06062025/Plaque hydrophobique_ethanol_PEI 0.5_Incubation 1h/cell2/force mapp/map-data-2025.06.06-11.56.16.356.jpk-force-map;map-data-2025.06.06-11.56.16.356.jpk-force-map;777;0.142;7.801310208055;[2.5e-05, 2.5e-05];[32, 32];7.52949149365835E-06;paraboloid;0.000000032;False;;False;3.23741810220535E-08;104890.847636572;3.18163009871235E-12;;0.5;;-5.9463762866596E-20;1.77337549985853E-21;4.21114651829942E-11;0.957295297436599;-1.39799316859216E-09;-4.65997722864053E-10;2.8765700452727E-06;1.10599477072843E-07;paraboloid;0.000000032;analytical;False;;False;1;87067.0940184697;-9.60989329308621E-05;0.0103312404489374;-8.00749081725285E-11;0.5;5,00E-07;5;146;1.22107288224284E-09;4.1209624871038E-18;2.03001539085392E-09;0.219462701715487;-3.60273579382161E-07;-9.00683948455402E-08;9.80129250484395E-05;9.7336373857756E-05
C:/Users/rlolo/Documents/Thèse/MEB et AFM/AFM/Résultats AFM Dynamo/06062025/Plaque hydrophobique_ethanol_PEI 0.5_Incubation 1h/cell2/force mapp/map-data-2025.06.06-11.56.16.356.jpk-force-map;map-data-2025.06.06-11.56.16.356.jpk-force-map;778;0.142;7.801310208055;[2.5e-05, 2.5e-05];[32, 32];1.03445003364589E-05;paraboloid;0.000000032;False;;False;2.17414696613164E-08;68022.962401215;1.40331142837443E-11;;0.5;;-6.21013328393161E-20;1.36138965439172E-21;3.68970141663484E-11;0.983703524961269;-4.56484126125781E-09;-1.5216137537526E-09;5.7355977725163E-06;1.71234546458866E-07;paraboloid;0.000000032;analytical;False;;False;1;45417.3240017649;-0.000349244187204674;0.0108176960248344;-1.0487637002285E-10;0.5;5,00E-07;5;152;3.83267705650451E-10;6.19972825319509E-19;7.87383531272726E-10;0.43254167323761;-9.7328292250235E-08;-2.43320730625587E-08;9.53823139695523E-05;9.7482078494064E-05
C:/Users/rlolo/Documents/Thèse/MEB et AFM/AFM/Résultats AFM Dynamo/06062025/Plaque hydrophobique_ethanol_PEI 0.5_Incubation 1h/cell2/force mapp/map-data-2025.06.06-11.56.16.356.jpk-force-map;map-data-2025.06.06-11.56.16.356.jpk-force-map;779;0.142;7.801310208055;[2.5e-05, 2.5e-05];[32, 32];1.34467554622667E-05;paraboloid;0.000000032;False;;False;-7.0841637698036E-08;20341.1535229205;1.10906806042928E-10;;0.5;;-3.33254913973658E-20;2.57857994305637E-21;5.07797198008848E-11;0.963895655436398;2.23372147684069E-08;7.44573825613565E-09;8.8772830328574E-06;3.0962685435916E-07;paraboloid;0.000000032;analytical;False;;False;1;19070.5863363127;0.000845907581568325;0.117607999296249;4.88296514723947E-11;0.5;5,00E-07;5;150;4.56169014237105E-10;6.76485090517087E-19;8.22487136991872E-10;0.41587677431059;-1.44643141339206E-07;-3.61607853348015E-08;9.48392302949577E-05;9.7604602847323E-05
C:/Users/rlolo/Documents/Thèse/MEB et AFM/AFM/Résultats AFM Dynamo/06062025/Plaque hydrophobique_ethanol_PEI 0.5_Incubation 1h/cell2/force mapp/map-data-2025.06.06-11.56.16.356.jpk-force-map;map-data-2025.06.06-11.56.16.356.jpk-force-map;780;0.142;7.801310208055;[2.5e-05, 2.5e-05];[32, 32];1.59609883058314E-05;paraboloid;0.000000032;False;;False;-6.19681998319244E-08;14057.9030433193;4.38690915836556E-11;;0.5;;-1.55329986538305E-19;1.99103848137003E-21;4.46210542386666E-11;0.981399257275516;3.6090971685855E-07;1.2030323895285E-07;1.16258023086674E-05;4.32984391666145E-07;paraboloid;0.000000032;analytical;False;;False;1;15713.6824919049;-5.14327550145237E-05;0.0100000000045259;-3.06090088087994E-12;0.5;5,00E-07;5;145;4.51974040214521E-11;1.0522487320514E-20;1.02579175861936E-10;0.957268192170405;-8.78703281263868E-09;-2.19675820315967E-09;9.61280529015506E-05;9.76704384886708E-05
C:/Users/rlolo/Documents/Thèse/MEB et AFM/AFM/Résultats AFM Dynamo/06062025/Plaque hydrophobique_ethanol_PEI 0.5_Incubation 1h/cell2/force mapp/map-data-2025.06.06-11.56.16.356.jpk-force-map;map-data-2025.06.06-11.56.16.356.jpk-force-map;781;0.142;7.801310208055;[2.5e-05, 2.5e-05];[32, 32];1.61017257386289E-05;paraboloid;0.000000032;False;;False;-1.21079612983999E-07;35655.1692146714;2.11275603064009E-11;;0.5;;-6.27302163221169E-20;3.35468511819789E-21;5.79196436297556E-11;0.947557025636352;-60803.6977420398;-20267.8992473466;1.28202491794923E-05;2.15669183395519E-07;paraboloid;0.000000032;analytical;False;;False;1;74421.7964373374;0.000546944427735403;0.0100000000001264;-3.58088523719338E-11;0.5;5,00E-07;5;161;-3.11836103873927E-16;5.63389483579621E-21;7.50592754814234E-11;0.985401304827516;-8.6406803835528E-09;-2.1601700958882E-09;9.57301809335586E-05;9.64087510350294E-05
C:/Users/rlolo/Documents/Thèse/MEB et AFM/AFM/Résultats AFM Dynamo/06062025/Plaque hydrophobique_ethanol_PEI 0.5_Incubation 1h/cell2/force mapp/map-data-2025.06.06-11.56.16.356.jpk-force-map;map-data-2025.06.06-11.56.16.356.jpk-force-map;782;0.142;7.801310208055;[2.5e-05, 2.5e-05];[32, 32];1.61567670841953E-05;paraboloid;0.000000032;False;;False;6.4250737830287E-08;510364.954606892;2.69775912133802E-12;;0.5;;-2.12541095138221E-20;7.02134587216261E-22;2.64978223108289E-11;0.973025921820934;-3.0762975813299E-09;-1.02543252710997E-09;1.26815459347991E-05;4.20897232112764E-08;paraboloid;0.000000032;analytical;False;;False;1;235164.896693038;-0.000421286844674183;0.0100000000438728;5.74987954440375E-12;0.5;5,00E-07;5;159;6.61535930191564E-11;4.17803480164177E-20;2.04402416855618E-10;0.968089876423132;1.36365615952241E-09;3.40914039880603E-10;9.64578131649104E-05;9.65527121586089E-05
C:/Users/rlolo/Documents/Thèse/MEB et AFM/AFM/Résultats AFM Dynamo/06062025/Plaque hydrophobique_ethanol_PEI 0.5_Incubation 1h/cell2/force mapp/map-data-2025.06.06-11.56.16.356.jpk-force-map;map-data-2025.06.06-11.56.16.356.jpk-force-map;783;0.142;7.801310208055;[2.5e-05, 2.5e-05];[32, 32];1.61785518195913E-05;paraboloid;0.000000032;False;;False;7.83112535228521E-08;2452348.17853388;-3.88963379763292E-12;;0.5;;-7.81859627863921E-20;6.98701840742777E-22;2.64329688219613E-11;0.952181581007499;2.54125865175539E-09;8.47086217251796E-10;1.22540825926955E-05;1.43850148604189E-08;paraboloid;0.000000032;analytical;False;;False;1;394205.721083767;-0.000591617191182486;0.0100000078547392;-6.35742023099439E-13;0.5;5,00E-07;5;155;6.49538846265518E-11;1.39837143298131E-19;3.73948048929435E-10;0.955024502522051;-3.87489680742793E-08;-9.68724201856983E-09;9.78860488233301E-05;9.69978195405885E-05
C:/Users/rlolo/Documents/Thèse/MEB et AFM/AFM/Résultats AFM Dynamo/06062025/Plaque hydrophobique_ethanol_PEI 0.5_Incubation 1h/cell2/force mapp/map-data-2025.06.06-11.56.16.356.jpk-force-map;map-data-2025.06.06-11.56.16.356.jpk-force-map;784;0.142;7.801310208055;[2.5e-05, 2.5e-05];[32, 32];1.62005967418379E-05;paraboloid;0.000000032;False;;False;-5.7101266905508E-07;4140.6467382933;9.95759835283702E-12;;0.5;;5.18537480279954E-21;2.13370986924862E-21;4.61920974761768E-11;0.982780582004435;-4.33741075534093E-09;-1.44580358511364E-09;1.26317792862939E-05;8.98017092071774E-07;paraboloid;0.000000032;analytical;False;;False;1;1116.41566147369;0.00210010918048995;0.299606181954411;-9.03325258605035E-11;0.5;5,00E-07;5;148;8.40304169165933E-11;4.10555494564605E-20;2.02621690488606E-10;0.827500918361077;-1.59864991216812E-08;-3.9966247804203E-09;9.77664057027357E-05;9.68372194354701E-05
C:/Users/rlolo/Documents/Thèse/MEB et AFM/AFM/Résultats AFM Dynamo/06062025/Plaque hydrophobique_ethanol_PEI 0.5_Incubation 1h/cell2/force mapp/map-data-2025.06.06-11.56.16.356.jpk-force-map;map-data-2025.06.06-11.56.16.356.jpk-force-map;785;0.142;7.801310208055;[2.5e-05, 2.5e-05];[32, 32];1.62112880560605E-05;paraboloid;0.000000032;False;;False;6.08877223888532E-08;461062.580606072;-2.95114143111278E-12;;0.5;;-5.66519937288745E-20;8.65924872380081E-22;2.94266014412144E-11;0.96902781859445;-34.8925268003503;-11.6308422667834;1.21764996045315E-05;4.53753697759901E-08;paraboloid;0.000000032;analytical;False;;False;1;208060.575816037;-0.00024545668975519;0.0100002557115963;2.11360090515207E-11;0.5;5,00E-07;5;159;9.0434081248845E-11;2.64151169236774E-20;1.6252728055215E-10;0.972966303623962;3.22256611049466E-08;8.05641527623664E-09;9.77649946349364E-05;9.70555990528232E-05
C:/Users/rlolo/Documents/Thèse/MEB et AFM/AFM/Résultats AFM Dynamo/06062025/Plaque hydrophobique_ethanol_PEI 0.5_Incubation 1h/cell2/force mapp/map-data-2025.06.06-11.56.16.356.jpk-force-map;map-data-2025.06.06-11.56.16.356.jpk-force-map;786;0.142;7.801310208055;[2.5e-05, 2.5e-05];[32, 32];1.62286496149972E-05;paraboloid;0.000000032;False;;False;7.0183881199766E-08;876039.23844057;-1.01628644940856E-11;;0.5;;3.74596869164334E-22;4.26827440343351E-22;2.06598025243067E-11;0.98016731445569;1.80900311400834E-08;6.03001038002779E-09;1.26186753303662E-05;2.99899684808917E-08;paraboloid;0.000000032;analytical;False;;False;1;202648.210041666;-0.000566915946573312;0.0100000000000128;-7.62989406496812E-11;0.5;5,00E-07;5;158;-6.52425709020522E-18;4.29029709796603E-20;2.07130323660396E-10;0.959273938683759;1.11546673181403E-07;2.78866682953508E-08;9.74722223643166E-05;9.66292557487397E-05
C:/Users/rlolo/Documents/Thèse/MEB et AFM/AFM/Résultats AFM Dynamo/06062025/Plaque hydrophobique_ethanol_PEI 0.5_Incubation 1h/cell2/force mapp/map-data-2025.06.06-11.56.16.356.jpk-force-map;map-data-2025.06.06-11.56.16.356.jpk-force-map;787;0.142;7.801310208055;[2.5e-05, 2.5e-05];[32, 32];1.62378744215167E-05;paraboloid;0.000000032;False;;False;8.53428626440649E-08;4398619.5587745;-2.26482321338385E-12;;0.5;;-1.82645187490385E-19;7.43281344610871E-22;2.72631866187882E-11;0.939261296041729;2.76364909273378E-09;9.21216364244593E-10;1.25865777343484E-05;9.86766806305708E-09;paraboloid;0.000000032;analytical;False;;False;1;415759.018759599;-0.000534431168999388;0.0100004025216018;5.30681110937252E-11;0.5;5,00E-07;5;155;8.89749753661264E-11;9.87479310071994E-20;3.14241835227583E-10;0.963886727848513;1.62415925478276E-07;4.06039813695689E-08;9.72747773876518E-05;9.66115662108078E-05
C:/Users/rlolo/Documents/Thèse/MEB et AFM/AFM/Résultats AFM Dynamo/06062025/Plaque hydrophobique_ethanol_PEI 0.5_Incubation 1h/cell2/force mapp/map-data-2025.06.06-11.56.16.356.jpk-force-map;map-data-2025.06.06-11.56.16.356.jpk-force-map;788;0.142;7.801310208055;[2.5e-05, 2.5e-05];[32, 32];1.62428416250272E-05;paraboloid;0.000000032;False;;False;-5.40875296537824E-08;58047.1030618806;1.21081800207432E-13;;0.5;;-1.81065739216911E-19;2.68430928208536E-21;5.18103202275894E-11;0.936257716754957;3.38767009347895E-09;1.12922336449298E-09;1.24261843676593E-05;1.48458998095582E-07;paraboloid;0.000000032;analytical;False;;False;1;227511.488339503;0.000654775127116515;0.0100000000074022;-5.83680448745378E-11;0.5;5,00E-07;5;153;2.41775961965642E-11;1.93313202811566E-20;1.39037118357497E-10;0.982411293600791;1.11043437011425E-09;2.77608592528561E-10;9.73380265981646E-05;9.6788381233044E-05
C:/Users/rlolo/Documents/Thèse/MEB et AFM/AFM/Résultats AFM Dynamo/06062025/Plaque hydrophobique_ethanol_PEI 0.5_Incubation 1h/cell2/force mapp/map-data-2025.06.06-11.56.16.356.jpk-force-map;map-data-2025.06.06-11.56.16.356.jpk-force-map;789;0.142;7.801310208055;[2.5e-05, 2.5e-05];[32, 32];1.62482818955387E-05;paraboloid;0.000000032;False;;False;-4.28626747091122E-08;32689.1958499033;-1.20869157863646E-11;;0.5;;-2.1067239773555E-19;2.00299481301879E-21;4.47548300523953E-11;0.95959319803841;1.40407712104159E-08;4.68025707013863E-09;1.24802086191735E-05;2.14861284596077E-07;paraboloid;0.000000032;analytical;False;;False;1;327292.404577177;0.00146499344794722;0.0100000000070743;-4.93825883605394E-11;0.5;5,00E-07;5;161;1.40337965827819E-18;3.3241551797978E-20;1.82322658487578E-10;0.977290040479083;6.37775427527175E-09;1.59443856881794E-09;9.73859205346809E-05;9.67948535363351E-05
C:/Users/rlolo/Documents/Thèse/MEB et AFM/AFM/Résultats AFM Dynamo/06062025/Plaque hydrophobique_ethanol_PEI 0.5_Incubation 1h/cell2/force mapp/map-data-2025.06.06-11.56.16.356.jpk-force-map;map-data-2025.06.06-11.56.16.356.jpk-force-map;790;0.142;7.801310208055;[2.5e-05, 2.5e-05];[32, 32];1.6247927095288E-05;paraboloid;0.000000032;False;;False;5.61836575464912E-08;58857.8867530375;-6.57222591050333E-12;;0.5;;-1.4862737285264E-19;1.49310197309287E-21;3.86406776997101E-11;0.958143347297959;5.36416769288388E-09;1.78805589762796E-09;1.22479800283826E-05;1.44961805864094E-07;paraboloid;0.000000032;analytical;False;;False;1;477216.906596916;0.00077825543854701;0.0100000000001101;-5.26429551702514E-11;0.5;5,00E-07;5;153;-1.00266293347692E-17;7.55156171836755E-20;2.74801050186631E-10;0.980262887280561;1.51408458407193E-08;3.78521146017982E-09;9.75860582124187E-05;9.709270134615E-05
C:/Users/rlolo/Documents/Thèse/MEB et AFM/AFM/Résultats AFM Dynamo/06062025/Plaque hydrophobique_ethanol_PEI 0.5_Incubation 1h/cell2/force mapp/map-data-2025.06.06-11.56.16.356.jpk-force-map;map-data-2025.06.06-11.56.16.356.jpk-force-map;791;0.142;7.801310208055;[2.5e-05, 2.5e-05];[32, 32];1.62450650399319E-05;paraboloid;0.000000032;False;;False;1.60769166510501E-08;132625.769909458;-5.73023976553289E-12;;0.5;;-3.04686458606906E-19;3.0745943483392E-21;5.5449024773563E-11;0.884802478824495;6.92473764554631E-09;2.30824588184877E-09;1.18233077815849E-05;8.3410432062254E-08;paraboloid;0.000000032;analytical;False;;False;1;439412.754114309;0.000173408812326787;0.0100000015615292;1.85759105171861E-11;0.5;5,00E-07;5;165;9.79200452220577E-11;9.46867318558868E-20;3.07712092475884E-10;0.972626576321731;-5.01727607310915E-08;-1.25431901827729E-08;9.78973070406281E-05;9.73719545951442E-05
C:/Users/rlolo/Documents/Thèse/MEB et AFM/AFM/Résultats AFM Dynamo/06062025/Plaque hydrophobique_ethanol_PEI 0.5_Incubation 1h/cell2/force mapp/map-data-2025.06.06-11.56.16.356.jpk-force-map;map-data-2025.06.06-11.56.16.356.jpk-force-map;792;0.142;7.801310208055;[2.5e-05, 2.5e-05];[32, 32];1.59646782284392E-05;paraboloid;0.000000032;False;;False;7.42323422861335E-08;1780129.08659068;-2.44349904262065E-11;;0.5;;-9.88199106684381E-20;1.30882587937796E-21;3.61776986467901E-11;0.897554994493156;4.74759872816137E-09;1.58253290938712E-09;1.12427126512576E-05;1.58695206994583E-08;paraboloid;0.000000032;analytical;False;;False;1;433160.447502498;-0.000367169405452344;0.0100001880106913;6.54655798960899E-11;0.5;5,00E-07;5;155;1.23730735479283E-10;7.57788913894542E-20;2.75279660326465E-10;0.974746720028199;1.28003063058499E-07;3.20007657646248E-08;0.000100710760775889;9.7615010321345E-05
C:/Users/rlolo/Documents/Thèse/MEB et AFM/AFM/Résultats AFM Dynamo/06062025/Plaque hydrophobique_ethanol_PEI 0.5_Incubation 1h/cell2/force mapp/map-data-2025.06.06-11.56.16.356.jpk-force-map;map-data-2025.06.06-11.56.16.356.jpk-force-map;793;0.142;7.801310208055;[2.5e-05, 2.5e-05];[32, 32];1.51370711635398E-05;paraboloid;0.000000032;False;;False;7.48100909900499E-08;383671.756126827;-2.21842458496552E-11;;0.5;;-1.20848197886212E-19;1.38782176576125E-21;3.72534799147845E-11;0.931525552272807;1.8060771868509E-08;6.020257289503E-09;1.04383331761073E-05;4.41487317465858E-08;paraboloid;0.000000032;analytical;False;;False;1;339391.65974052;-0.000183154889183848;0.0100000031324624;2.17175302856444E-11;0.5;5,00E-07;5;158;9.05276706212503E-11;5.0685791964073E-20;2.25135052721856E-10;0.976560367717653;-1.55494138509681E-07;-3.88735346274202E-08;0.000100703664770874;9.7792883513721E-05
C:/Users/rlolo/Documents/Thèse/MEB et AFM/AFM/Résultats AFM Dynamo/06062025/Plaque hydrophobique_ethanol_PEI 0.5_Incubation 1h/cell2/force mapp/map-data-2025.06.06-11.56.16.356.jpk-force-map;map-data-2025.06.06-11.56.16.356.jpk-force-map;794;0.142;7.801310208055;[2.5e-05, 2.5e-05];[32, 32];1.40390590008687E-05;paraboloid;0.000000032;False;;False;-1.47880960507985E-07;14384.3695837769;-2.98412122152964E-11;;0.5;;-1.05347472326731E-18;8.10799750240577E-21;9.00444196072459E-11;0.645685159291957;-2.8413624947684E-08;-9.47120831589467E-09;9.30831803081855E-06;2.36782858117041E-07;paraboloid;0.000000032;analytical;False;;False;1;257146.433829427;0.0019911691953484;0.0677570383732817;-1.26645728761826E-10;0.5;5,00E-07;5;156;6.30482636813329E-11;1.96000845935462E-19;4.42719827809262E-10;0.435798764265144;-2.53459898573941E-08;-6.33649746434852E-09;0.000100641219926742;9.7767810962668E-05
C:/Users/rlolo/Documents/Thèse/MEB et AFM/AFM/Résultats AFM Dynamo/06062025/Plaque hydrophobique_ethanol_PEI 0.5_Incubation 1h/cell2/force mapp/map-data-2025.06.06-11.56.16.356.jpk-force-map;map-data-2025.06.06-11.56.16.356.jpk-force-map;795;0.142;7.801310208055;[2.5e-05, 2.5e-05];[32, 32];1.20977576022151E-05;paraboloid;0.000000032;False;;False;-1.53006487942193E-07;8302.46942777637;1.35521492390105E-10;;0.5;;-3.73587293340132E-19;1.642916224036E-20;1.28176293597373E-10;0.806589604018143;-1.33717963224007E-06;-4.45726544080025E-07;7.6360025289335E-06;5.10937546435683E-07;paraboloid;0.000000032;analytical;False;;False;1;7071.441931614;0.00222816814533071;0.193147905458432;9.4299916305754E-11;0.5;5,00E-07;5;156;3.65357611223677E-10;6.79382337154046E-19;8.24246526928713E-10;0.338511870606431;-1.08993001031522E-07;-2.72482502578805E-08;0.000100466185136372;9.7789572044714E-05
C:/Users/rlolo/Documents/Thèse/MEB et AFM/AFM/Résultats AFM Dynamo/06062025/Plaque hydrophobique_ethanol_PEI 0.5_Incubation 1h/cell2/force mapp/map-data-2025.06.06-11.56.16.356.jpk-force-map;map-data-2025.06.06-11.56.16.356.jpk-force-map;796;0.142;7.801310208055;[2.5e-05, 2.5e-05];[32, 32];1.02769700220662E-05;paraboloid;0.000000032;False;;False;4.34486723062548E-08;55108.4804095712;3.14774111451228E-11;;0.5;;-1.57779682544657E-20;1.16934831547505E-21;3.41957353404638E-11;0.983722132006143;-8.9274510992183E-10;-2.97581703307277E-10;5.6856892039108E-06;1.84963667786807E-07;paraboloid;0.000000032;analytical;False;;False;1;38921.8724588505;-0.000372997860275146;0.0100841363491942;-5.66578834426791E-11;0.5;5,00E-07;5;152;8.90715823409347E-10;2.92312975974559E-18;1.70971628048211E-09;0.198556466763121;-2.76763307967601E-07;-6.91908269919003E-08;0.000100551337196552;9.7803764054744E-05
C:/Users/rlolo/Documents/Thèse/MEB et AFM/AFM/Résultats AFM Dynamo/06062025/Plaque hydrophobique_ethanol_PEI 0.5_Incubation 1h/cell2/force mapp/map-data-2025.06.06-11.56.16.356.jpk-force-map;map-data-2025.06.06-11.56.16.356.jpk-force-map;797;0.142;7.801310208055;[2.5e-05, 2.5e-05];[32, 32];5.9841471748417E-06;paraboloid;0.000000032;False;;False;8.40650197734178E-08;15097029.9212605;-2.14425863890703E-11;;0.5;;2.7610378254025E-23;5.17261364372648E-22;2.27433806715855E-11;0.955473459824289;6.2554654461293E-08;2.08515514870977E-08;1.26258370461095E-06;4.90765958147932E-09;paraboloid;0.000000032;analytical;False;;False;1;473637.013768845;-0.000520770143001066;0.0105938469566229;8.88368315148327E-13;0.5;5,00E-07;5;156;5.35287200921956E-11;1.30618353750131E-19;3.61411612638735E-10;0.969495286093977;-1.32913323424871E-07;-3.32283308562179E-08;0.000100238639908891;9.763156766638E-05
C:/Users/rlolo/Documents/Thèse/MEB et AFM/AFM/Résultats AFM Dynamo/06062025/Plaque hydrophobique_ethanol_PEI 0.5_Incubation 1h/cell2/force mapp/map-data-2025.06.06-11.56.16.356.jpk-force-map;map-data-2025.06.06-11.56.16.356.jpk-force-map;798;0.142;7.801310208055;[2.5e-05, 2.5e-05];[32, 32];5.9743073812209E-06;paraboloid;0.000000032;False;;False;8.8280446893637E-08;9288162.65217406;-1.3718517712498E-11;;0.5;;-2.20491855207831E-19;7.27336551165627E-22;2.69691777992142E-11;0.926920819093882;1.004804049442E-08;3.34934683147333E-09;1.2710752572789E-06;5.68641327275536E-09;paraboloid;0.000000032;analytical;False;;False;1;478475.38461342;-0.000637272764253837;0.0100000089096967;7.38872508076596E-11;0.5;5,00E-07;5;155;1.46177912488857E-10;2.60347822004562E-19;5.10242904903696E-10;0.957862685936637;-1.19174706853885E-09;-2.97936767134713E-10;9.9565465566468E-05;9.7431933391958E-05
C:/Users/rlolo/Documents/Thèse/MEB et AFM/AFM/Résultats AFM Dynamo/06062025/Plaque hydrophobique_ethanol_PEI 0.5_Incubation 1h/cell2/force mapp/map-data-2025.06.06-11.56.16.356.jpk-force-map;map-data-2025.06.06-11.56.16.356.jpk-force-map;799;0.142;7.801310208055;[2.5e-05, 2.5e-05];[32, 32];5.9830118140393E-06;paraboloid;0.000000032;False;;False;8.63562117023773E-08;11348280.6933894;-1.36434472500819E-11;;0.5;;-6.89008264334483E-20;5.0878843872304E-22;2.25563392136898E-11;0.949564374926216;-3.85673222444094E-09;-1.28557740814698E-09;1.2823342519027E-06;5.28129783558678E-09;paraboloid;0.000000032;analytical;False;;False;1;460133.445789441;-0.000603528114748824;0.0100406416805637;-7.41491679201349E-12;0.5;5,00E-07;5;156;6.26736570671077E-11;1.66264571153214E-19;4.07755528660513E-10;0.968494629447688;-4.72123651351356E-08;-1.18030912837839E-08;9.9393269178104E-05;9.7325966383734E-05
C:/Users/rlolo/Documents/Thèse/MEB et AFM/AFM/Résultats AFM Dynamo/06062025/Plaque hydrophobique_ethanol_PEI 0.5_Incubation 1h/cell2/force mapp/map-data-2025.06.06-11.56.16.356.jpk-force-map;map-data-2025.06.06-11.56.16.356.jpk-force-map;800;0.142;7.801310208055;[2.5e-05, 2.5e-05];[32, 32];5.97839941077955E-06;paraboloid;0.000000032;False;;False;8.88228196933392E-08;35673628.0656654;8.28141106486801E-12;;0.5;;-5.56641399346564E-19;5.56126756765733E-22;2.35823399340637E-11;0.943788559853147;-6.08654273043642E-09;-2.02884757681214E-09;1.2803000637984E-06;2.43297847998451E-09;paraboloid;0.000000032;analytical;False;;False;1;502954.686941596;-0.000535236438002847;0.0120101471824308;1.41868619391447E-10;0.5;5,00E-07;5;156;1.47676692073546E-10;2.38618030606892E-19;4.88485445644895E-10;0.959027517029252;1.97971821595999E-07;4.94929553989997E-08;9.9544177551423E-05;9.727203674562E-05
C:/Users/rlolo/Documents/Thèse/MEB et AFM/AFM/Résultats AFM Dynamo/06062025/Plaque hydrophobique_ethanol_PEI 0.5_Incubation 1h/cell2/force mapp/map-data-2025.06.06-11.56.16.356.jpk-force-map;map-data-2025.06.06-11.56.16.356.jpk-force-map;801;0.142;7.801310208055;[2.5e-05, 2.5e-05];[32, 32];5.967258682906E-06;paraboloid;0.000000032;False;;False;8.77118223698276E-08;24174586.7510632;-9.08547468043061E-13;;0.5;;-1.90313907828345E-21;5.82550137481989E-22;2.41360754366154E-11;0.947646209630294;1.07594429565657E-09;3.5864809855219E-10;1.2701291232769E-06;3.35809862713523E-09;paraboloid;0.000000032;analytical;False;;False;1;536259.159746948;-0.000480089717526925;0.0131954420687156;9.46202562740568E-11;0.5;5,00E-07;5;156;1.20659226043398E-10;2.36180441005912E-19;4.85983992540816E-10;0.955165939659447;1.3708993548742E-07;3.42724838718549E-08;0.0000996279104106;9.7216214839502E-05
C:/Users/rlolo/Documents/Thèse/MEB et AFM/AFM/Résultats AFM Dynamo/06062025/Plaque hydrophobique_ethanol_PEI 0.5_Incubation 1h/cell2/force mapp/map-data-2025.06.06-11.56.16.356.jpk-force-map;map-data-2025.06.06-11.56.16.356.jpk-force-map;802;0.142;7.801310208055;[2.5e-05, 2.5e-05];[32, 32];5.95654371533335E-06;paraboloid;0.000000032;False;;False;8.66250853970234E-08;12010514.8594589;-1.34753066383174E-11;;0.5;;-4.22465508036638E-20;5.78965138149966E-22;2.40616944156052E-11;0.945834246018934;-1.55920037337708E-08;-5.1973345779236E-09;1.26012375620575E-06;4.97377297205278E-09;paraboloid;0.000000032;analytical;False;;False;1;487509.15524174;-0.000581150279560985;0.0100020721774563;-2.7117804570549E-11;0.5;5,00E-07;5;157;6.87915459615152E-11;1.86805667518313E-19;4.32210212186515E-10;0.967832652901819;-2.82787109930389E-08;-7.06967774825972E-09;9.9654875229657E-05;9.720107669547E-05
C:/Users/rlolo/Documents/Thèse/MEB et AFM/AFM/Résultats AFM Dynamo/06062025/Plaque hydrophobique_ethanol_PEI 0.5_Incubation 1h/cell2/force mapp/map-data-2025.06.06-11.56.16.356.jpk-force-map;map-data-2025.06.06-11.56.16.356.jpk-force-map;803;0.142;7.801310208055;[2.5e-05, 2.5e-05];[32, 32];5.9517893919733E-06;paraboloid;0.000000032;False;;False;9.01973554599692E-08;14109964.5159827;-3.68196432100959E-12;;0.5;;-2.3976570703096E-19;8.69212661290821E-22;2.94824127454118E-11;0.909457956221062;3.0771707111238E-09;1.0257235703746E-09;1.2588701286531E-06;4.13570725319988E-09;paraboloid;0.000000032;analytical;False;;False;1;492446.311720671;-0.000547010346084774;0.0109603952229078;6.40235857452064E-11;0.5;5,00E-07;5;157;1.0118717404997E-10;1.75782906176533E-19;4.19264720882324E-10;0.969514458571715;1.43992131105722E-07;3.59980327764304E-08;9.957114237048E-05;9.7198238293464E-05
C:/Users/rlolo/Documents/Thèse/MEB et AFM/AFM/Résultats AFM Dynamo/06062025/Plaque hydrophobique_ethanol_PEI 0.5_Incubation 1h/cell2/force mapp/map-data-2025.06.06-11.56.16.356.jpk-force-map;map-data-2025.06.06-11.56.16.356.jpk-force-map;804;0.142;7.801310208055;[2.5e-05, 2.5e-05];[32, 32];0.00001026932999;paraboloid;0.000000032;False;;False;-2.13643224956697E-07;12864.5011170787;4.22457579818399E-11;;0.5;;-5.82065303806373E-19;9.32106759296646E-21;9.65456762002652E-11;0.89256163787985;6.76342457070959E-08;2.2544748569032E-08;5.65378083469335E-06;3.78800850918544E-07;paraboloid;0.000000032;analytical;False;;False;1;29658.595836794;0.000486702947122473;0.0100000000060613;6.71470193536076E-11;0.5;5,00E-07;5;109;4.3561429572574E-10;6.60701351422877E-19;8.12835377812062E-10;0.516137303719985;-1.28699790568794E-07;-3.21749476421986E-08;8.41818917950495E-05;9.7129170511318E-05
C:/Users/rlolo/Documents/Thèse/MEB et AFM/AFM/Résultats AFM Dynamo/06062025/Plaque hydrophobique_ethanol_PEI 0.5_Incubation 1h/cell2/force mapp/map-data-2025.06.06-11.56.16.356.jpk-force-map;map-data-2025.06.06-11.56.16.356.jpk-force-map;805;0.142;7.801310208055;[2.5e-05, 2.5e-05];[32, 32];1.20241483768595E-05;paraboloid;0.000000032;False;;False;3.9797653565867E-08;213987.438738674;2.51973913120193E-11;;0.5;;-2.1409899058558E-19;2.50667852601598E-21;5.00667407169269E-11;0.931048859932988;-1.03480385210723E-08;-3.44934617369076E-09;7.3228321742715E-06;7.24576426740121E-08;paraboloid;0.000000032;analytical;False;;False;1;100045.323028323;-0.000472765724660321;0.0100000105871863;5.08759403613164E-11;0.5;5,00E-07;5;164;1.35617341030772E-10;4.32555872305081E-20;2.07979776013217E-10;0.953331483444167;-7.66026864575488E-08;-1.91506716143872E-08;9.72029375751422E-05;9.7706312252538E-05
C:/Users/rlolo/Documents/Thèse/MEB et AFM/AFM/Résultats AFM Dynamo/06062025/Plaque hydrophobique_ethanol_PEI 0.5_Incubation 1h/cell2/force mapp/map-data-2025.06.06-11.56.16.356.jpk-force-map;map-data-2025.06.06-11.56.16.356.jpk-force-map;806;0.142;7.801310208055;[2.5e-05, 2.5e-05];[32, 32];1.37265509400081E-05;paraboloid;0.000000032;False;;False;5.97946910965543E-08;486170.391464723;-3.69292697475594E-12;;0.5;;-1.04920175782742E-19;1.45232196989417E-21;3.81093422915454E-11;0.934249306879704;4.34889503429527E-09;1.44963167809842E-09;9.0083225921344E-06;4.01070331172474E-08;paraboloid;0.000000032;analytical;False;;False;1;359774.669875294;-0.000222626231394671;0.0100000380095422;4.99116634236213E-11;0.5;5,00E-07;5;159;1.31093993467354E-10;6.32124230465345E-20;2.51420808698354E-10;0.973473488486017;1.06918163583244E-07;2.67295408958109E-08;9.72578697950545E-05;9.7784841374704E-05
C:/Users/rlolo/Documents/Thèse/MEB et AFM/AFM/Résultats AFM Dynamo/06062025/Plaque hydrophobique_ethanol_PEI 0.5_Incubation 1h/cell2/force mapp/map-data-2025.06.06-11.56.16.356.jpk-force-map;map-data-2025.06.06-11.56.16.356.jpk-force-map;807;0.142;7.801310208055;[2.5e-05, 2.5e-05];[32, 32];1.49309795245541E-05;paraboloid;0.000000032;False;;False;8.03015875021853E-08;433485.134454566;-7.67312193220614E-12;;0.5;;-1.09450810226861E-19;1.59729747174923E-21;3.99662041198464E-11;0.923228802974111;9.54243749742796E-09;3.18081249914265E-09;1.02312954031196E-05;4.13996727192129E-08;paraboloid;0.000000032;analytical;False;;False;1;372471.082560499;-0.000170282507480145;0.0100000143602061;-1.09785375199132E-11;0.5;5,00E-07;5;159;7.53843775040943E-11;4.36031539820751E-20;2.08813682458969E-10;0.978422883705785;-1.43213092076826E-08;-3.58032730192066E-09;9.76832901448085E-05;9.7845393950832E-05
C:/Users/rlolo/Documents/Thèse/MEB et AFM/AFM/Résultats AFM Dynamo/06062025/Plaque hydrophobique_ethanol_PEI 0.5_Incubation 1h/cell2/force mapp/map-data-2025.06.06-11.56.16.356.jpk-force-map;map-data-2025.06.06-11.56.16.356.jpk-force-map;808;0.142;7.801310208055;[2.5e-05, 2.5e-05];[32, 32];1.57350041994537E-05;paraboloid;0.000000032;False;;False;6.65136279700074E-08;764170.009348632;3.7171546026483E-13;;0.5;;-1.62403751945512E-19;2.20053913834247E-21;4.69099044802104E-11;0.884082855202018;8.27009276493227E-10;2.75669758831076E-10;1.10104604071167E-05;2.90999545600581E-08;paraboloid;0.000000032;analytical;False;;False;1;362002.3992952;-0.000275206854063303;0.0100000933794774;8.2790746107267E-11;0.5;5,00E-07;5;157;1.10386103580223E-10;5.43160532433704E-20;2.33058046939749E-10;0.971775894144047;1.64279660701848E-08;4.10699151754621E-09;9.7962635060021E-05;9.7777272302688E-05
C:/Users/rlolo/Documents/Thèse/MEB et AFM/AFM/Résultats AFM Dynamo/06062025/Plaque hydrophobique_ethanol_PEI 0.5_Incubation 1h/cell2/force mapp/map-data-2025.06.06-11.56.16.356.jpk-force-map;map-data-2025.06.06-11.56.16.356.jpk-force-map;809;0.142;7.801310208055;[2.5e-05, 2.5e-05];[32, 32];1.60671445408558E-05;paraboloid;0.000000032;False;;False;-2.95623983084308E-08;87318.9832873395;1.91291500426335E-12;;0.5;;-6.39938294575709E-20;1.90351811346817E-21;4.36293263008744E-11;0.958505236635932;-6.72312764476475E-11;-2.24104254825492E-11;1.1638385890894E-05;1.23921915297374E-07;paraboloid;0.000000032;analytical;False;;False;1;251294.200945823;0.000494221006794058;0.0100000000072034;2.09725900302422E-11;0.5;5,00E-07;5;150;6.895384534082E-11;2.12132177546674E-20;1.45647580668775E-10;0.986124148100577;-5.13626867090471E-08;-1.28406716772618E-08;9.80665136519431E-05;9.74672665061812E-05
C:/Users/rlolo/Documents/Thèse/MEB et AFM/AFM/Résultats AFM Dynamo/06062025/Plaque hydrophobique_ethanol_PEI 0.5_Incubation 1h/cell2/force mapp/map-data-2025.06.06-11.56.16.356.jpk-force-map;map-data-2025.06.06-11.56.16.356.jpk-force-map;810;0.142;7.801310208055;[2.5e-05, 2.5e-05];[32, 32];1.61360940562516E-05;paraboloid;0.000000032;False;;False;-1.02163471076277E-07;40649.3792561559;-5.14458452099267E-12;;0.5;;-1.80297793356897E-20;1.77055642081645E-21;4.20779802368941E-11;0.970768238177892;4.00941913135682E-09;1.33647304378561E-09;1.19181104085853E-05;2.00382327794484E-07;paraboloid;0.000000032;analytical;False;;False;1;121227.440359637;0.00073589536588365;0.0100000000074022;-4.97112434699748E-11;0.5;5,00E-07;5;159;4.24739995569137E-11;2.09632486778614E-20;1.44786907826161E-10;0.972022823400444;-7.49971686787191E-09;-1.87492921696798E-09;9.67857421795205E-05;9.72341494283781E-05
C:/Users/rlolo/Documents/Thèse/MEB et AFM/AFM/Résultats AFM Dynamo/06062025/Plaque hydrophobique_ethanol_PEI 0.5_Incubation 1h/cell2/force mapp/map-data-2025.06.06-11.56.16.356.jpk-force-map;map-data-2025.06.06-11.56.16.356.jpk-force-map;811;0.142;7.801310208055;[2.5e-05, 2.5e-05];[32, 32];1.61712665877759E-05;paraboloid;0.000000032;False;;False;7.47289261604336E-08;480933.856645419;-1.01014264370418E-11;;0.5;;-8.91812052984971E-21;5.69813426120446E-22;2.38707650929007E-11;0.974229358637856;1.22235027020666E-08;4.07450090068888E-09;1.2214581498112E-05;4.11637591036252E-08;paraboloid;0.000000032;analytical;False;;False;1;385921.703813832;-0.000307416030746927;0.0100000000229652;-6.22587298141835E-11;0.5;5,00E-07;5;159;1.89380683127873E-11;8.4281735936519E-20;2.90313168727357E-10;0.966536589850039;8.96221498398019E-08;2.24055374599505E-08;9.7219802540713E-05;9.69820588607447E-05
C:/Users/rlolo/Documents/Thèse/MEB et AFM/AFM/Résultats AFM Dynamo/06062025/Plaque hydrophobique_ethanol_PEI 0.5_Incubation 1h/cell2/force mapp/map-data-2025.06.06-11.56.16.356.jpk-force-map;map-data-2025.06.06-11.56.16.356.jpk-force-map;812;0.142;7.801310208055;[2.5e-05, 2.5e-05];[32, 32];1.61932168966223E-05;paraboloid;0.000000032;False;;False;8.54503983738602E-08;2518374.98886635;1.8698165467917E-11;;0.5;;-1.23050196469471E-19;4.75910595070921E-22;2.18153751989491E-11;0.969845373760194;-1.24193230174081E-08;-4.13977433913605E-09;1.23605226679205E-05;1.51642847399603E-08;paraboloid;0.000000032;analytical;False;;False;1;231640.914512178;-0.000681867365413235;0.010000000002869;-9.2153375492566E-11;0.5;5,00E-07;5;156;-9.80451527982636E-17;6.31165106573349E-20;2.5122999553663E-10;0.952069215575393;5.38101687573241E-07;1.3452542189331E-07;9.77656451470382E-05;9.6829936003137E-05
C:/Users/rlolo/Documents/Thèse/MEB et AFM/AFM/Résultats AFM Dynamo/06062025/Plaque hydrophobique_ethanol_PEI 0.5_Incubation 1h/cell2/force mapp/map-data-2025.06.06-11.56.16.356.jpk-force-map;map-data-2025.06.06-11.56.16.356.jpk-force-map;813;0.142;7.801310208055;[2.5e-05, 2.5e-05];[32, 32];1.61953930048269E-05;paraboloid;0.000000032;False;;False;6.72117614639866E-09;127831.686471056;-1.66754667773384E-10;;0.5;;-1.02702811237879E-19;2.39975175439021E-21;4.89872611439975E-11;0.939406451688016;-2.89850634353751E-08;-9.66168781179168E-09;1.17681245159183E-05;9.53221773535414E-08;paraboloid;0.000000032;analytical;False;;False;1;341821.283945064;0.000245166365628267;0.0100000001869641;4.40926261785529E-11;0.5;5,00E-07;5;146;1.00549362222401E-10;6.20842951010823E-20;2.49167203100814E-10;0.975794035762165;-3.79159864914077E-08;-9.47899662285193E-09;9.79833640468441E-05;9.73772971575783E-05
C:/Users/rlolo/Documents/Thèse/MEB et AFM/AFM/Résultats AFM Dynamo/06062025/Plaque hydrophobique_ethanol_PEI 0.5_Incubation 1h/cell2/force mapp/map-data-2025.06.06-11.56.16.356.jpk-force-map;map-data-2025.06.06-11.56.16.356.jpk-force-map;814;0.142;7.801310208055;[2.5e-05, 2.5e-05];[32, 32];1.62172487002731E-05;paraboloid;0.000000032;False;;False;-1.07509972247737E-07;8343.5304924655;1.06896400250091E-11;;0.5;;-1.75666927334374E-21;5.09635304683862E-21;7.13887459396691E-11;0.936354215671451;-15565.2984560631;-5188.43281868769;1.29463215352588E-05;5.26650041949733E-07;paraboloid;0.000000032;analytical;False;;False;1;4962.51112996693;0.00190363423677959;0.229574280810252;-1.06312295914135E-10;0.5;5,00E-07;5;154;-6.82939285756178E-19;5.79563443518745E-20;2.40741239408362E-10;0.68218383242759;1.68132518666707E-08;4.20331296666767E-09;9.75985190539563E-05;9.65751939811254E-05
C:/Users/rlolo/Documents/Thèse/MEB et AFM/AFM/Résultats AFM Dynamo/06062025/Plaque hydrophobique_ethanol_PEI 0.5_Incubation 1h/cell2/force mapp/map-data-2025.06.06-11.56.16.356.jpk-force-map;map-data-2025.06.06-11.56.16.356.jpk-force-map;815;0.142;7.801310208055;[2.5e-05, 2.5e-05];[32, 32];1.62431018118778E-05;paraboloid;0.000000032;False;;False;9.58040770880172E-08;494476.023496801;2.52939373754424E-11;;0.5;;-4.60609810071207E-20;5.61586291786216E-22;2.3697811961998E-11;0.979891060464257;-9.55129865627836E-10;-3.18376621875945E-10;1.36529417146525E-05;4.48346583688398E-08;paraboloid;0.000000032;analytical;False;;False;1;168443.596440607;-0.000498440875385814;0.0100000000210419;-6.55367091531713E-11;0.5;5,00E-07;5;157;1.01847638687216E-11;3.01645843423906E-20;1.73679544974043E-10;0.93915661714592;2.16860648341669E-08;5.42151620854172E-09;9.61799978948264E-05;9.51585045961216E-05
C:/Users/rlolo/Documents/Thèse/MEB et AFM/AFM/Résultats AFM Dynamo/06062025/Plaque hydrophobique_ethanol_PEI 0.5_Incubation 1h/cell2/force mapp/map-data-2025.06.06-11.56.16.356.jpk-force-map;map-data-2025.06.06-11.56.16.356.jpk-force-map;816;0.142;7.801310208055;[2.5e-05, 2.5e-05];[32, 32];1.62333093249571E-05;paraboloid;0.000000032;False;;False;8.98072197494399E-08;6714185.21956056;-3.98861099151457E-12;;0.5;;-2.54057896287257E-19;7.79284893974504E-22;2.79156747003275E-11;0.933884568015279;6.82648088198101E-09;2.275493627327E-09;1.23245222691444E-05;6.97182727583509E-09;paraboloid;0.000000032;analytical;False;;False;1;458428.156578006;-0.000577153277840305;0.0100001805652439;2.34431967231221E-11;0.5;5,00E-07;5;155;8.36503746096356E-11;1.22858650628504E-19;3.50511983573321E-10;0.968045017153737;8.61450860912623E-08;2.15362715228156E-08;9.70751193843082E-05;9.69281097233234E-05
C:/Users/rlolo/Documents/Thèse/MEB et AFM/AFM/Résultats AFM Dynamo/06062025/Plaque hydrophobique_ethanol_PEI 0.5_Incubation 1h/cell2/force mapp/map-data-2025.06.06-11.56.16.356.jpk-force-map;map-data-2025.06.06-11.56.16.356.jpk-force-map;817;0.142;7.801310208055;[2.5e-05, 2.5e-05];[32, 32];1.62465788543351E-05;paraboloid;0.000000032;False;;False;-2.26426092201115E-07;21258.7030107622;5.90969849806833E-12;;0.5;;-1.21131304343401E-20;1.43834620698351E-21;3.79255350256724E-11;0.984743986511878;-3.57353585620559E-09;-1.1911786187352E-09;1.29118349508859E-05;3.19680598277743E-07;paraboloid;0.000000032;analytical;False;;False;1;37316.5109329809;0.00136996643402099;0.0833071155343903;-5.3440911714193E-11;0.5;5,00E-07;5;155;1.05012349941477E-12;9.3521038103447E-21;9.67062759615151E-11;0.974567655702344;7.8254445949879E-09;1.95636114874698E-09;9.70291032346971E-05;9.62423757525764E-05
C:/Users/rlolo/Documents/Thèse/MEB et AFM/AFM/Résultats AFM Dynamo/06062025/Plaque hydrophobique_ethanol_PEI 0.5_Incubation 1h/cell2/force mapp/map-data-2025.06.06-11.56.16.356.jpk-force-map;map-data-2025.06.06-11.56.16.356.jpk-force-map;818;0.142;7.801310208055;[2.5e-05, 2.5e-05];[32, 32];1.62530125655487E-05;paraboloid;0.000000032;False;;False;9.35569114208952E-08;17077.2634775758;-3.79524311227277E-12;;0.5;;-3.06297111852045E-20;7.77974092973578E-22;2.78921869521481E-11;0.99305909974021;3.08408925038412E-09;1.02802975012804E-09;1.32643644800311E-05;4.03264812558069E-07;paraboloid;0.000000032;analytical;False;;False;1;17221.7020875414;-0.00024192325558561;0.0100000029605113;-1.43288851206372E-10;0.5;5,00E-07;5;143;4.23745788085155E-11;1.87454675768747E-20;1.36914088306773E-10;0.932407778024164;-1.91286852757407E-08;-4.78217131893519E-09;9.68066641460044E-05;9.63129039749282E-05
C:/Users/rlolo/Documents/Thèse/MEB et AFM/AFM/Résultats AFM Dynamo/06062025/Plaque hydrophobique_ethanol_PEI 0.5_Incubation 1h/cell2/force mapp/map-data-2025.06.06-11.56.16.356.jpk-force-map;map-data-2025.06.06-11.56.16.356.jpk-force-map;819;0.142;7.801310208055;[2.5e-05, 2.5e-05];[32, 32];1.51058250881237E-05;paraboloid;0.000000032;False;;False;-1.14185495227992E-06;2679.33997755175;5.98220963486958E-12;;0.5;;-2.4821188222904E-18;3.27140256710453E-21;5.71961761580661E-11;0.97137841232551;5.28023768927812E-09;1.76007922975937E-09;1.03852787119451E-05;1.23812607822598E-06;paraboloid;0.000000032;analytical;False;;False;1;2.67934892750495;-0.0181150769318931;0.13238899060903;-1.16102679691048E-10;0.5;5,00E-07;5;151;3.09586401279326E-09;3.20850040715745E-17;5.66436263595248E-09;0.0156731221859734;-9.53500854488705E-07;-2.38375213622176E-07;0.000100618039643693;9.7728073334584E-05
C:/Users/rlolo/Documents/Thèse/MEB et AFM/AFM/Résultats AFM Dynamo/06062025/Plaque hydrophobique_ethanol_PEI 0.5_Incubation 1h/cell2/force mapp/map-data-2025.06.06-11.56.16.356.jpk-force-map;map-data-2025.06.06-11.56.16.356.jpk-force-map;820;0.142;7.801310208055;[2.5e-05, 2.5e-05];[32, 32];1.22291046550427E-05;paraboloid;0.000000032;False;;False;-6.20593798067776E-08;30996.3850025168;2.21002362768005E-10;;0.5;;-1.11615630767952E-18;4.39356182589142E-20;2.09608249501097E-10;0.611868990900731;5.14439146949578E-07;1.71479715649859E-07;7.59458551299595E-06;2.47521470936344E-07;paraboloid;0.000000032;analytical;False;;False;1;12901.3288536048;0.000362947320122368;0.154756735865225;9.02688651458338E-11;0.5;5,00E-07;5;144;2.22960962022711E-09;1.44070694792906E-17;3.7956645635897E-09;0.0859643808959307;-6.88134896784898E-07;-1.72033724196224E-07;0.000100324738103073;9.7813225394764E-05
C:/Users/rlolo/Documents/Thèse/MEB et AFM/AFM/Résultats AFM Dynamo/06062025/Plaque hydrophobique_ethanol_PEI 0.5_Incubation 1h/cell2/force mapp/map-data-2025.06.06-11.56.16.356.jpk-force-map;map-data-2025.06.06-11.56.16.356.jpk-force-map;821;0.142;7.801310208055;[2.5e-05, 2.5e-05];[32, 32];5.7571696277619E-06;paraboloid;0.000000032;False;;False;8.6584783669088E-08;19724435.7927104;-2.77106969219623E-11;;0.5;;-1.48965547910008E-19;7.17315386383796E-22;2.67827441906873E-11;0.936243377071466;-6.52807816463559E-08;-2.17602605487853E-08;1.03797149253615E-06;3.77488979624997E-09;paraboloid;0.000000032;analytical;False;;False;1;465950.685885897;-0.000548437686152528;0.0103022163765923;4.47532987051431E-11;0.5;5,00E-07;5;156;1.05750194015329E-10;1.39852630492762E-19;3.73968756038204E-10;0.972754558894209;2.79748914617769E-07;6.99372286544423E-08;9.9903235405182E-05;9.766941302646E-05
C:/Users/rlolo/Documents/Thèse/MEB et AFM/AFM/Résultats AFM Dynamo/06062025/Plaque hydrophobique_ethanol_PEI 0.5_Incubation 1h/cell2/force mapp/map-data-2025.06.06-11.56.16.356.jpk-force-map;map-data-2025.06.06-11.56.16.356.jpk-force-map;822;0.142;7.801310208055;[2.5e-05, 2.5e-05];[32, 32];5.7313401695073E-06;paraboloid;0.000000032;False;;False;8.85735118890886E-08;66184508.1378512;-1.56479835248572E-11;;0.5;;-1.73130818911622E-18;7.77592428417705E-22;2.78853443302697E-11;0.934117370739603;1.05602273808323E-08;3.52007579361078E-09;1.02642865771175E-06;1.77814565470665E-09;paraboloid;0.000000032;analytical;False;;False;1;658178.030688588;-0.000299079479949158;0.0226084414828309;1.88027443700724E-10;0.5;5,00E-07;5;155;1.79494155362403E-10;4.88404637206899E-19;6.98859526090114E-10;0.92069648359248;-4.55085813786696E-07;-1.13771453446674E-07;9.9681366981713E-05;9.7377057619842E-05
C:/Users/rlolo/Documents/Thèse/MEB et AFM/AFM/Résultats AFM Dynamo/06062025/Plaque hydrophobique_ethanol_PEI 0.5_Incubation 1h/cell2/force mapp/map-data-2025.06.06-11.56.16.356.jpk-force-map;map-data-2025.06.06-11.56.16.356.jpk-force-map;823;0.142;7.801310208055;[2.5e-05, 2.5e-05];[32, 32];5.73845982787235E-06;paraboloid;0.000000032;False;;False;8.87180047716747E-08;16240369.9251298;-1.61832769865168E-11;;0.5;;1.32926545177403E-21;5.16273974627389E-22;2.2721663113148E-11;0.953646352540676;-8.45119174349184E-09;-2.81706391449728E-09;1.0405024009915E-06;4.42216637578855E-09;paraboloid;0.000000032;analytical;False;;False;1;473882.687902763;-0.000583894780268364;0.0100519953480899;-3.29916417719448E-12;0.5;5,00E-07;5;156;7.78627753927282E-11;1.60895014200766E-19;4.01117207560042E-10;0.971004840775747;4.90525918208078E-07;1.2263147955202E-07;9.9441048945205E-05;9.7310355172701E-05
C:/Users/rlolo/Documents/Thèse/MEB et AFM/AFM/Résultats AFM Dynamo/06062025/Plaque hydrophobique_ethanol_PEI 0.5_Incubation 1h/cell2/force mapp/map-data-2025.06.06-11.56.16.356.jpk-force-map;map-data-2025.06.06-11.56.16.356.jpk-force-map;824;0.142;7.801310208055;[2.5e-05, 2.5e-05];[32, 32];5.7308197958062E-06;paraboloid;0.000000032;False;;False;8.68099436330944E-08;5827573.74850876;-9.87612357785308E-12;;0.5;;6.76591895460918E-21;5.58371551385384E-22;2.36298868254883E-11;0.94905882784054;9.53223636678108E-09;3.17741212226036E-09;1.03631575803265E-06;7.80683979635241E-09;paraboloid;0.000000032;analytical;False;;False;1;420713.755727463;-0.000554471997468511;0.01000002171383;-6.51403713435601E-11;0.5;5,00E-07;5;157;4.47493513893277E-12;1.06153722350727E-19;3.25812403617062E-10;0.973214956258033;5.88635021058947E-07;1.47158755264737E-07;9.9564992499467E-05;9.7244598859562E-05
C:/Users/rlolo/Documents/Thèse/MEB et AFM/AFM/Résultats AFM Dynamo/06062025/Plaque hydrophobique_ethanol_PEI 0.5_Incubation 1h/cell2/force mapp/map-data-2025.06.06-11.56.16.356.jpk-force-map;map-data-2025.06.06-11.56.16.356.jpk-force-map;825;0.142;7.801310208055;[2.5e-05, 2.5e-05];[32, 32];5.70823084650845E-06;paraboloid;0.000000032;False;;False;8.44148479395446E-08;10432867.9940347;-1.54960332611792E-11;;0.5;;-2.36035413047984E-19;6.9489929480336E-22;2.6360942600813E-11;0.939486000534918;6.09551125076209E-09;2.03183708358736E-09;1.01058091317825E-06;5.54196719990938E-09;paraboloid;0.000000032;analytical;False;;False;1;489942.650772595;-0.000611122079498268;0.010103744091092;5.74596054374752E-11;0.5;5,00E-07;5;156;1.06626434203366E-10;2.41821423143762E-19;4.91753417012797E-10;0.957440922593527;4.09275016681303E-08;1.02318754170326E-08;9.974144649084E-05;9.7216687906503E-05
C:/Users/rlolo/Documents/Thèse/MEB et AFM/AFM/Résultats AFM Dynamo/06062025/Plaque hydrophobique_ethanol_PEI 0.5_Incubation 1h/cell2/force mapp/map-data-2025.06.06-11.56.16.356.jpk-force-map;map-data-2025.06.06-11.56.16.356.jpk-force-map;826;0.142;7.801310208055;[2.5e-05, 2.5e-05];[32, 32];5.7104306080631E-06;paraboloid;0.000000032;False;;False;9.17304635387752E-08;5012610.84605827;-1.799093351966E-11;;0.5;;-2.54057014570703E-19;5.90903093366107E-22;2.43084983774421E-11;0.956963519768391;2.6523495323037E-08;8.84116510767899E-09;1.02392140260645E-06;9.31961237061953E-09;paraboloid;0.000000032;analytical;False;;False;1;416951.684182892;-0.000603897948228963;0.0100001649350502;9.76508679330122E-12;0.5;5,00E-07;5;157;5.47969642955628E-11;1.5242794702092E-19;3.90420218509391E-10;0.967075062603135;1.88312189147397E-07;4.70780472868493E-08;9.9517212732366E-05;9.7228514581528E-05
C:/Users/rlolo/Documents/Thèse/MEB et AFM/AFM/Résultats AFM Dynamo/06062025/Plaque hydrophobique_ethanol_PEI 0.5_Incubation 1h/cell2/force mapp/map-data-2025.06.06-11.56.16.356.jpk-force-map;map-data-2025.06.06-11.56.16.356.jpk-force-map;827;0.142;7.801310208055;[2.5e-05, 2.5e-05];[32, 32];5.71177884901595E-06;paraboloid;0.000000032;False;;False;9.23602735437862E-08;11314597.311741;-1.73626396398141E-11;;0.5;;-2.31803837980026E-19;5.54774450739016E-22;2.35536504758608E-11;0.953465625042571;1.26794599352714E-08;4.22648664509045E-09;1.02325910880505E-06;5.88623082243177E-09;paraboloid;0.000000032;analytical;False;;False;1;454940.18433805;-0.000632201869523097;0.0100298179649895;-1.52077098882262E-11;0.5;5,00E-07;5;156;5.11895245344703E-11;1.88363363321844E-19;4.34008483006777E-10;0.962779087800663;1.36221354128786E-07;3.40553385321964E-08;9.9508697526348E-05;9.7211957236493E-05
C:/Users/rlolo/Documents/Thèse/MEB et AFM/AFM/Résultats AFM Dynamo/06062025/Plaque hydrophobique_ethanol_PEI 0.5_Incubation 1h/cell2/force mapp/map-data-2025.06.06-11.56.16.356.jpk-force-map;map-data-2025.06.06-11.56.16.356.jpk-force-map;828;0.142;7.801310208055;[2.5e-05, 2.5e-05];[32, 32];5.6931163558265E-06;paraboloid;0.000000032;False;;False;8.46957285853415E-08;9745976.9012557;-1.85403003372986E-11;;0.5;;-2.49443773714589E-19;6.14530106757099E-22;2.4789717762756E-11;0.943570257120181;-8.72447512196493E-09;-2.90815837398831E-09;9.96601783298701E-07;5.7311419352078E-09;paraboloid;0.000000032;analytical;False;;False;1;448585.8820058;-0.000632228182570836;0.0100208552203217;-3.1333860194869E-12;0.5;5,00E-07;5;156;7.43946030061025E-11;2.00034877258683E-19;4.47252587760745E-10;0.957982493050977;3.9291941857515E-08;9.82298546437875E-09;9.9691301388734E-05;9.7190669221448E-05
C:/Users/rlolo/Documents/Thèse/MEB et AFM/AFM/Résultats AFM Dynamo/06062025/Plaque hydrophobique_ethanol_PEI 0.5_Incubation 1h/cell2/force mapp/map-data-2025.06.06-11.56.16.356.jpk-force-map;map-data-2025.06.06-11.56.16.356.jpk-force-map;829;0.142;7.801310208055;[2.5e-05, 2.5e-05];[32, 32];5.68311098875535E-06;paraboloid;0.000000032;False;;False;8.95283051423793E-08;19175702.6384104;-1.81341230443586E-11;;0.5;;-1.15734625070039E-19;5.29321795729767E-22;2.30069944957999E-11;0.946616395058504;-1.52469246916144E-08;-5.08230823053814E-09;9.90097112034952E-07;3.89670578235816E-09;paraboloid;0.000000032;analytical;False;;False;1;479823.953676972;-0.000593444127485705;0.0101632317308394;2.02308541241496E-11;0.5;5,00E-07;5;156;5.1710426843362E-11;2.02308720701045E-19;4.49787417232902E-10;0.95810382687296;3.82189662617447E-07;9.55474156543618E-08;9.9623652807591E-05;9.7159446799382E-05
C:/Users/rlolo/Documents/Thèse/MEB et AFM/AFM/Résultats AFM Dynamo/06062025/Plaque hydrophobique_ethanol_PEI 0.5_Incubation 1h/cell2/force mapp/map-data-2025.06.06-11.56.16.356.jpk-force-map;map-data-2025.06.06-11.56.16.356.jpk-force-map;830;0.142;7.801310208055;[2.5e-05, 2.5e-05];[32, 32];5.6629819878628E-06;paraboloid;0.000000032;False;;False;8.56632433807471E-08;14023533.0952628;-1.33873643499896E-11;;0.5;;-1.03057413540958E-19;7.14649476858831E-22;2.67329286996175E-11;0.937430457484014;-1.98590764996473E-08;-6.61969216654911E-09;9.67389895986951E-07;4.45615790822389E-09;paraboloid;0.000000032;analytical;False;;False;1;457461.823538436;-0.000567747332514301;0.0105245745100475;-7.85266793674508E-12;0.5;5,00E-07;5;157;6.45066974376456E-11;1.42981453779566E-19;3.78128885143103E-10;0.971601202534467;-1.07668677309029E-07;-2.69171693272572E-08;9.9714008604782E-05;9.7176477211418E-05
C:/Users/rlolo/Documents/Thèse/MEB et AFM/AFM/Résultats AFM Dynamo/06062025/Plaque hydrophobique_ethanol_PEI 0.5_Incubation 1h/cell2/force mapp/map-data-2025.06.06-11.56.16.356.jpk-force-map;map-data-2025.06.06-11.56.16.356.jpk-force-map;831;0.142;7.801310208055;[2.5e-05, 2.5e-05];[32, 32];5.6605220394576E-06;paraboloid;0.000000032;False;;False;8.39264129712027E-08;10166269.2253486;-1.49677792086531E-11;;0.5;;-4.19113929700843E-19;9.72634048901704E-22;3.11870814425092E-11;0.916204024072158;5.13067526507096E-09;1.71022508835699E-09;9.63699973379151E-07;5.22663974191334E-09;paraboloid;0.000000032;analytical;False;;False;1;467562.46223486;-0.000609386056590014;0.0100001359428109;-1.32410260083804E-11;0.5;5,00E-07;5;157;6.48676655443013E-11;1.88676830210903E-19;4.34369462797401E-10;0.966243477468719;-2.32379668457898E-07;-5.80949171144745E-08;9.9549854355435E-05;9.7167015871398E-05
C:/Users/rlolo/Documents/Thèse/MEB et AFM/AFM/Résultats AFM Dynamo/06062025/Plaque hydrophobique_ethanol_PEI 0.5_Incubation 1h/cell2/force mapp/map-data-2025.06.06-11.56.16.356.jpk-force-map;map-data-2025.06.06-11.56.16.356.jpk-force-map;832;0.142;7.801310208055;[2.5e-05, 2.5e-05];[32, 32];5.6688480186752E-06;paraboloid;0.000000032;False;;False;8.56333322698777E-08;15406334.4931012;-1.68562353674835E-11;;0.5;;-7.86250424077263E-21;5.31686239674538E-22;2.30583225685334E-11;0.949577447514095;-9.69838019383555E-09;-3.23279339794518E-09;9.72948433248701E-07;4.70339329034284E-09;paraboloid;0.000000032;analytical;False;;False;1;476349.494402412;-0.000583979762007558;0.0100001137341842;-1.05824343965703E-10;0.5;5,00E-07;5;157;2.2998169697118E-12;1.59308354695652E-19;3.99134507021946E-10;0.971600363273406;-5.38027332805246E-07;-1.34506833201311E-07;9.9455714022236E-05;9.7193507623454E-05
C:/Users/rlolo/Documents/Thèse/MEB et AFM/AFM/Résultats AFM Dynamo/06062025/Plaque hydrophobique_ethanol_PEI 0.5_Incubation 1h/cell2/force mapp/map-data-2025.06.06-11.56.16.356.jpk-force-map;map-data-2025.06.06-11.56.16.356.jpk-force-map;833;0.142;7.801310208055;[2.5e-05, 2.5e-05];[32, 32];5.66707401742145E-06;paraboloid;0.000000032;False;;False;8.80243505252977E-08;18265682.2979374;-1.64164375063001E-11;;0.5;;-1.79106138815683E-19;6.21076114337738E-22;2.49213987235415E-11;0.937553539329883;1.83742774949908E-08;6.12475916499694E-09;9.72759206448302E-07;3.73216665760797E-09;paraboloid;0.000000032;analytical;False;;False;1;515785.876176355;-0.000469904328481634;0.0145869280846198;5.37958354433698E-11;0.5;5,00E-07;5;157;1.05813991434236E-10;2.07048381682385E-19;4.55025693431025E-10;0.963099702159544;-1.17990832051228E-08;-2.9497708012807E-09;9.9510589794352E-05;9.7165123603394E-05
C:/Users/rlolo/Documents/Thèse/MEB et AFM/AFM/Résultats AFM Dynamo/06062025/Plaque hydrophobique_ethanol_PEI 0.5_Incubation 1h/cell2/force mapp/map-data-2025.06.06-11.56.16.356.jpk-force-map;map-data-2025.06.06-11.56.16.356.jpk-force-map;834;0.142;7.801310208055;[2.5e-05, 2.5e-05];[32, 32];5.6769847710924E-06;paraboloid;0.000000032;False;;False;8.41721863731145E-08;8548957.43432768;-2.29756682352093E-11;;0.5;;-4.6247325831886E-19;6.86589492884891E-22;2.62028527623404E-11;0.933108920698406;-1.07439771640214E-08;-3.58132572134047E-09;9.81156145716052E-07;5.825456390698E-09;paraboloid;0.000000032;analytical;False;;False;1;472210.599316751;-0.000578529753079291;0.0100000116332509;1.29651084295681E-11;0.5;5,00E-07;5;157;7.33632629942291E-11;1.69011708162401E-19;4.1111033575234E-10;0.970278477491235;6.55532862530747E-07;1.63883215632687E-07;9.9421653198164E-05;9.7181207881428E-05
C:/Users/rlolo/Documents/Thèse/MEB et AFM/AFM/Résultats AFM Dynamo/06062025/Plaque hydrophobique_ethanol_PEI 0.5_Incubation 1h/cell2/force mapp/map-data-2025.06.06-11.56.16.356.jpk-force-map;map-data-2025.06.06-11.56.16.356.jpk-force-map;835;0.142;7.801310208055;[2.5e-05, 2.5e-05];[32, 32];5.6889533662177E-06;paraboloid;0.000000032;False;;False;8.48829366420399E-08;10294650.0164193;-1.65428708842861E-11;;0.5;;-1.7363323771403E-19;7.15118564761553E-22;2.67417008576783E-11;0.929951492467234;1.98366868400305E-08;6.61222894667682E-09;9.93006474091102E-07;5.52732254642614E-09;paraboloid;0.000000032;analytical;False;;False;1;490838.169082286;-0.000535138433230015;0.0118899478934583;1.01255575578532E-10;0.5;5,00E-07;5;157;1.25944460178664E-10;2.01237335010818E-19;4.48594845056002E-10;0.966425123993199;6.3531101118974E-08;1.58827752797435E-08;9.937718490007E-05;9.7194453757456E-05
C:/Users/rlolo/Documents/Thèse/MEB et AFM/AFM/Résultats AFM Dynamo/06062025/Plaque hydrophobique_ethanol_PEI 0.5_Incubation 1h/cell2/force mapp/map-data-2025.06.06-11.56.16.356.jpk-force-map;map-data-2025.06.06-11.56.16.356.jpk-force-map;836;0.142;7.801310208055;[2.5e-05, 2.5e-05];[32, 32];5.7157289584743E-06;paraboloid;0.000000032;False;;False;8.494427998618E-08;10977630.179213;-1.45094067589323E-11;;0.5;;-3.34908034317885E-19;6.57838325090816E-22;2.5648359111078E-11;0.944277740400415;2.10165779437487E-09;7.00552598124956E-10;1.0206335869495E-06;5.24472210776894E-09;paraboloid;0.000000032;analytical;False;;False;1;465994.218391104;-0.000592471667917626;0.0100030659638886;-1.18485795135151E-11;0.5;5,00E-07;5;157;5.03013094430579E-11;1.7449112704298E-19;4.17721350954174E-10;0.968839520893762;4.24392607833199E-07;1.060981519583E-07;9.9195527171686E-05;9.7176950278419E-05
C:/Users/rlolo/Documents/Thèse/MEB et AFM/AFM/Résultats AFM Dynamo/06062025/Plaque hydrophobique_ethanol_PEI 0.5_Incubation 1h/cell2/force mapp/map-data-2025.06.06-11.56.16.356.jpk-force-map;map-data-2025.06.06-11.56.16.356.jpk-force-map;837;0.142;7.801310208055;[2.5e-05, 2.5e-05];[32, 32];5.7129851698685E-06;paraboloid;0.000000032;False;;False;8.51834047430421E-08;13841143.0758941;-1.51001418770278E-11;;0.5;;-3.79738061495489E-19;5.38480018010516E-22;2.32051722254009E-11;0.949933592183757;1.09959592033481E-08;3.66531973444937E-09;1.01692001099165E-06;4.9349871925953E-09;paraboloid;0.000000032;analytical;False;;False;1;470689.143424993;-0.000566901718667636;0.010510316450118;-3.65355358389436E-11;0.5;5,00E-07;5;157;5.28665628136588E-11;1.58576790617241E-19;3.98217014474823E-10;0.968682427854953;2.29096490606914E-08;5.72741226517285E-09;9.9555531159447E-05;9.714903932536E-05
C:/Users/rlolo/Documents/Thèse/MEB et AFM/AFM/Résultats AFM Dynamo/06062025/Plaque hydrophobique_ethanol_PEI 0.5_Incubation 1h/cell2/force mapp/map-data-2025.06.06-11.56.16.356.jpk-force-map;map-data-2025.06.06-11.56.16.356.jpk-force-map;838;0.142;7.801310208055;[2.5e-05, 2.5e-05];[32, 32];5.70846738000895E-06;paraboloid;0.000000032;False;;False;8.80446051700027E-08;24010221.7960293;-2.20234847841844E-11;;0.5;;-7.52054642003191E-19;7.43815303515531E-22;2.72729775330001E-11;0.924855445157327;-4.69733616686879E-09;-1.5657787222896E-09;1.013301048434E-06;3.40879739812939E-09;paraboloid;0.000000032;analytical;False;;False;1;506773.157263984;-0.000519735054475615;0.0125906928143099;1.45814586566763E-10;0.5;5,00E-07;5;157;1.49433783985632E-10;2.1538153584035E-19;4.64092163088702E-10;0.964476954543157;2.0190146180501E-07;5.04753654512525E-08;9.9576819174492E-05;9.7162285201388E-05
C:/Users/rlolo/Documents/Thèse/MEB et AFM/AFM/Résultats AFM Dynamo/06062025/Plaque hydrophobique_ethanol_PEI 0.5_Incubation 1h/cell2/force mapp/map-data-2025.06.06-11.56.16.356.jpk-force-map;map-data-2025.06.06-11.56.16.356.jpk-force-map;839;0.142;7.801310208055;[2.5e-05, 2.5e-05];[32, 32];5.726940646398E-06;paraboloid;0.000000032;False;;False;8.63136865448103E-08;15409354.1563342;-1.40834458551726E-11;;0.5;;-9.62666868480519E-19;6.22642905567778E-22;2.49528135801913E-11;0.948324717248224;-1.56147096042004E-09;-5.20490320140013E-10;1.0325548753747E-06;4.34314659363682E-09;paraboloid;0.000000032;analytical;False;;False;1;469040.09984796;-0.000611622863084596;0.0100028481133067;8.53761817239815E-11;0.5;5,00E-07;5;156;1.22433645257925E-10;2.35797800296964E-19;4.8559015671342E-10;0.955669296475419;5.85455786243084E-07;1.46363946560771E-07;9.9328932065968E-05;9.7181207881428E-05
C:/Users/rlolo/Documents/Thèse/MEB et AFM/AFM/Résultats AFM Dynamo/06062025/Plaque hydrophobique_ethanol_PEI 0.5_Incubation 1h/cell2/force mapp/map-data-2025.06.06-11.56.16.356.jpk-force-map;map-data-2025.06.06-11.56.16.356.jpk-force-map;840;0.142;7.801310208055;[2.5e-05, 2.5e-05];[32, 32];5.73822329437185E-06;paraboloid;0.000000032;False;;False;8.75143904119404E-08;42212577.3858821;-1.85274230307339E-11;;0.5;;-2.63416045816907E-18;6.49074431014293E-22;2.54769392002708E-11;0.94265180359963;9.87574250182236E-09;3.29191416727412E-09;1.04270216254615E-06;2.34946199617969E-09;paraboloid;0.000000032;analytical;False;;False;1;532829.815259694;-0.00041782850478606;0.0166695607278215;4.60860078658178E-11;0.5;5,00E-07;5;156;7.69336120303377E-11;2.08450591459586E-19;4.56563896360176E-10;0.95682664085732;-6.1749520489858E-07;-1.54373801224645E-07;0.0000993913769101;9.7187830819442E-05
C:/Users/rlolo/Documents/Thèse/MEB et AFM/AFM/Résultats AFM Dynamo/06062025/Plaque hydrophobique_ethanol_PEI 0.5_Incubation 1h/cell2/force mapp/map-data-2025.06.06-11.56.16.356.jpk-force-map;map-data-2025.06.06-11.56.16.356.jpk-force-map;841;0.142;7.801310208055;[2.5e-05, 2.5e-05];[32, 32];5.7320970767089E-06;paraboloid;0.000000032;False;;False;8.36070642005303E-08;8355254.28857425;-1.59144825510729E-11;;0.5;;-3.54720819013019E-19;6.03252761204577E-22;2.45612043923863E-11;0.947871122401267;2.73620052987323E-08;9.12066843291076E-09;1.0360555711821E-06;6.45206451789832E-09;paraboloid;0.000000032;analytical;False;;False;1;459008.259503212;-0.00057748794785813;0.0100127739853295;2.2631369093151E-11;0.5;5,00E-07;5;157;7.72502417946595E-11;1.57423577590665E-19;3.96766401791614E-10;0.968729812693679;-6.28494320189147E-07;-1.57123580047287E-07;9.9559788762456E-05;9.7147620124357E-05
C:/Users/rlolo/Documents/Thèse/MEB et AFM/AFM/Résultats AFM Dynamo/06062025/Plaque hydrophobique_ethanol_PEI 0.5_Incubation 1h/cell2/force mapp/map-data-2025.06.06-11.56.16.356.jpk-force-map;map-data-2025.06.06-11.56.16.356.jpk-force-map;842;0.142;7.801310208055;[2.5e-05, 2.5e-05];[32, 32];5.7380577209215E-06;paraboloid;0.000000032;False;;False;8.43976808754728E-08;11489840.7177938;-1.11241372132714E-11;;0.5;;-9.55867357758549E-20;6.71568163436659E-22;2.59146322265368E-11;0.94220715782815;1.24125457161544E-08;4.13751523871813E-09;1.0418742952944E-06;5.14805603915209E-09;paraboloid;0.000000032;analytical;False;;False;1;485981.565493695;-0.000592127746673757;0.0101979605824953;8.81526431406974E-11;0.5;5,00E-07;5;156;1.25592742055182E-10;2.45116280864157E-19;4.95092194307442E-10;0.956711585750652;-1.51060890084871E-07;-3.77652225212178E-08;9.947652897028E-05;9.7181207881428E-05
C:/Users/rlolo/Documents/Thèse/MEB et AFM/AFM/Résultats AFM Dynamo/06062025/Plaque hydrophobique_ethanol_PEI 0.5_Incubation 1h/cell2/force mapp/map-data-2025.06.06-11.56.16.356.jpk-force-map;map-data-2025.06.06-11.56.16.356.jpk-force-map;843;0.142;7.801310208055;[2.5e-05, 2.5e-05];[32, 32];5.9074157072795E-06;paraboloid;0.000000032;False;;False;1.11082381061645E-06;991.622376848143;3.68320894080234E-11;;0.5;;-4.48358719056954E-17;7.79012161746718E-21;8.82616656168871E-11;0.917957545702684;3.50774822348212E-07;1.16924940782737E-07;4.3951624251828E-06;2.16334187448987E-06;paraboloid;0.000000032;analytical;False;;False;1;237.483487534284;0.00210674017571194;0.323853472587469;-3.33524140944675E-10;0.5;5,00E-07;5;150;6.06783051719783E-10;1.37006150601005E-18;1.17049626484242E-09;0.292192415721868;-1.73974608803501E-07;-4.34936522008754E-08;0.0000979194988944;9.7179315613424E-05
C:/Users/rlolo/Documents/Thèse/MEB et AFM/AFM/Résultats AFM Dynamo/06062025/Plaque hydrophobique_ethanol_PEI 0.5_Incubation 1h/cell2/force mapp/map-data-2025.06.06-11.56.16.356.jpk-force-map;map-data-2025.06.06-11.56.16.356.jpk-force-map;844;0.142;7.801310208055;[2.5e-05, 2.5e-05];[32, 32];1.06993952006091E-05;paraboloid;0.000000032;False;;False;-5.90847550226882E-06;5737.66978198636;-2.62325613759838E-08;;0.5;;-3.07168358508287E-15;5.50115210167268E-21;7.41697519321231E-11;0.967968054609347;-6.38077591638421E-09;-2.12692530546141E-09;6.1130579326142E-06;6.10440592454418E-06;paraboloid;0.000000032;analytical;False;;False;1;12363.2925908367;-0.00349140835357282;0.0281331944690867;-8.52649892701423E-11;0.5;5,00E-07;5;19;7.47189323205989E-09;8.90466444965728E-17;9.43645296160442E-09;0.0422227014505782;-2.27696746954915E-06;-5.69241867387287E-07;6.13499914620215E-05;9.7056318193164E-05
C:/Users/rlolo/Documents/Thèse/MEB et AFM/AFM/Résultats AFM Dynamo/06062025/Plaque hydrophobique_ethanol_PEI 0.5_Incubation 1h/cell2/force mapp/map-data-2025.06.06-11.56.16.356.jpk-force-map;map-data-2025.06.06-11.56.16.356.jpk-force-map;845;0.142;7.801310208055;[2.5e-05, 2.5e-05];[32, 32];1.55805951303273E-05;paraboloid;0.000000032;False;;False;-1.07736701806225E-05;6704.71295436593;-7.54651434130476E-08;;0.5;;-8.76992585762496E-16;1.76399071858992E-21;4.19998895068775E-11;0.990023571420376;-1.37479856181575E-09;-4.58266187271916E-10;1.09114001771073E-05;1.0901981923528E-05;paraboloid;0.000000032;analytical;False;;False;1;36524.947105045;-0.00222094817588314;0.0104138559573244;-9.12882322869379E-11;0.5;5,00E-07;5;19;2.37061091052306E-09;1.03415707833114E-17;3.21583127407385E-09;0.128199378328409;-6.87183439464617E-07;-1.71795859866154E-07;5.41792088940558E-05;9.72512217975759E-05
C:/Users/rlolo/Documents/Thèse/MEB et AFM/AFM/Résultats AFM Dynamo/06062025/Plaque hydrophobique_ethanol_PEI 0.5_Incubation 1h/cell2/force mapp/map-data-2025.06.06-11.56.16.356.jpk-force-map;map-data-2025.06.06-11.56.16.356.jpk-force-map;846;0.142;7.801310208055;[2.5e-05, 2.5e-05];[32, 32];1.6033178330184E-05;paraboloid;0.000000032;False;;False;8.10471754409216E-08;272477.058703206;-6.19736261990214E-11;;0.5;;-2.20383837229996E-20;3.16918014591191E-21;5.62954718064598E-11;0.910965764916704;-8.46941172072879E-08;-2.82313724024293E-08;1.17533884788371E-05;6.31208865012428E-08;paraboloid;0.000000032;analytical;False;;False;1;112809.155963045;-0.000669418392876839;0.0100000000074023;-9.1567276686038E-11;0.5;5,00E-07;5;153;1.05044835993756E-10;8.06710236293018E-20;2.84026448820003E-10;0.733714693969185;3.3115970688133E-09;8.27899267203325E-10;9.80078167261626E-05;9.7493072374056E-05
C:/Users/rlolo/Documents/Thèse/MEB et AFM/AFM/Résultats AFM Dynamo/06062025/Plaque hydrophobique_ethanol_PEI 0.5_Incubation 1h/cell2/force mapp/map-data-2025.06.06-11.56.16.356.jpk-force-map;map-data-2025.06.06-11.56.16.356.jpk-force-map;847;0.142;7.801310208055;[2.5e-05, 2.5e-05];[32, 32];1.61122278260511E-05;paraboloid;0.000000032;False;;False;-1.08502321171664E-07;6559.56002067956;-7.2189858188076E-12;;0.5;;-3.16612940181035E-18;1.63419623091357E-20;1.27835684803328E-10;0.616350867289071;6.68050244258723E-08;2.22683414752908E-08;1.17616434980046E-05;4.43519156026325E-07;paraboloid;0.000000032;analytical;False;;False;1;388963.962705044;0.00378254351129916;0.0100000000076825;-7.71146059232051E-11;0.5;5,00E-07;5;151;1.36810242649471E-18;6.8962917632852E-20;2.62607916165625E-10;0.958672474894748;5.13294939132839E-08;1.2832373478321E-08;9.70138306227571E-05;9.75532083631374E-05
C:/Users/rlolo/Documents/Thèse/MEB et AFM/AFM/Résultats AFM Dynamo/06062025/Plaque hydrophobique_ethanol_PEI 0.5_Incubation 1h/cell2/force mapp/map-data-2025.06.06-11.56.16.356.jpk-force-map;map-data-2025.06.06-11.56.16.356.jpk-force-map;848;0.142;7.801310208055;[2.5e-05, 2.5e-05];[32, 32];1.61607645003537E-05;paraboloid;0.000000032;False;;False;-2.80668829048139E-08;16998.4017056361;3.98136142792957E-12;;0.5;;-3.62771237684332E-20;1.00910739294139E-21;3.17664507451083E-11;0.9920579183142;-3.76883310176962E-09;-1.25627770058987E-09;1.25372841528442E-05;4.12079985605333E-07;paraboloid;0.000000032;analytical;False;;False;1;16904.1488672394;2.86389513572821E-06;0.0116519926936432;-5.89617949372545E-11;0.5;5,00E-07;5;142;8.78232634124819E-11;5.68060310985354E-20;2.38340158384053E-10;0.802210375828293;-1.90577195076078E-08;-4.76442987690194E-09;9.67785011232337E-05;9.6974234091765E-05
C:/Users/rlolo/Documents/Thèse/MEB et AFM/AFM/Résultats AFM Dynamo/06062025/Plaque hydrophobique_ethanol_PEI 0.5_Incubation 1h/cell2/force mapp/map-data-2025.06.06-11.56.16.356.jpk-force-map;map-data-2025.06.06-11.56.16.356.jpk-force-map;849;0.142;7.801310208055;[2.5e-05, 2.5e-05];[32, 32];1.61815321416976E-05;paraboloid;0.000000032;False;;False;-1.66117695144441E-07;7340.06362931295;-1.38001309113047E-11;;0.5;;-1.92610125933246E-20;7.59553576460358E-21;8.71523709637528E-11;0.966089095822039;1469464.79841011;489821.599470037;1.25177228323528E-05;7.78964730540889E-07;paraboloid;0.000000032;analytical;False;;False;1;3114.4973751321;0.000325547792659288;0.146790609703433;-1.02451641687667E-10;0.5;5,00E-07;5;149;7.16685432432665E-21;3.75257851762858E-21;6.12582934599764E-11;0.979990341617678;4.79672664699561E-08;1.1991816617489E-08;9.79967005845103E-05;9.71643449941248E-05
C:/Users/rlolo/Documents/Thèse/MEB et AFM/AFM/Résultats AFM Dynamo/06062025/Plaque hydrophobique_ethanol_PEI 0.5_Incubation 1h/cell2/force mapp/map-data-2025.06.06-11.56.16.356.jpk-force-map;map-data-2025.06.06-11.56.16.356.jpk-force-map;850;0.142;7.801310208055;[2.5e-05, 2.5e-05];[32, 32];1.61901892678159E-05;paraboloid;0.000000032;False;;False;8.43497336448031E-08;7112178.81019665;-1.11149404517257E-11;;0.5;;-2.74089377160675E-19;7.49822016649644E-22;2.73828781659205E-11;0.931214747638342;1.12377198816405E-08;3.74590662721348E-09;1.16233896669623E-05;7.03721376498964E-09;paraboloid;0.000000032;analytical;False;;False;1;529931.974131773;-0.000507831865125069;0.010150490531351;4.32691693059337E-11;0.5;5,00E-07;5;155;1.11236120170783E-10;1.33179752917099E-19;3.64938012431014E-10;0.972085989055395;1.30686572525117E-06;3.26716431312793E-07;9.81885090657031E-05;9.74580434527665E-05
C:/Users/rlolo/Documents/Thèse/MEB et AFM/AFM/Résultats AFM Dynamo/06062025/Plaque hydrophobique_ethanol_PEI 0.5_Incubation 1h/cell2/force mapp/map-data-2025.06.06-11.56.16.356.jpk-force-map;map-data-2025.06.06-11.56.16.356.jpk-force-map;851;0.142;7.801310208055;[2.5e-05, 2.5e-05];[32, 32];1.6193524390173E-05;paraboloid;0.000000032;False;;False;4.09202400489641E-08;46035.3937447826;-1.87334376833649E-11;;0.5;;-5.01232613383433E-20;2.23976253240303E-21;4.73261294889306E-11;0.957610299818633;9.42774680746164E-09;3.14258226915388E-09;1.161284027284E-05;1.84861513062558E-07;paraboloid;0.000000032;analytical;False;;False;1;74494.2115399831;0.00110570509713587;0.126909387587252;-4.33221931057108E-11;0.5;5,00E-07;5;157;-1.91324445202209E-19;1.78899126366609E-20;1.33753178043219E-10;0.964880334888545;-8.31239144249492E-09;-2.07809786062373E-09;9.82376274744746E-05;9.7530331328166E-05
C:/Users/rlolo/Documents/Thèse/MEB et AFM/AFM/Résultats AFM Dynamo/06062025/Plaque hydrophobique_ethanol_PEI 0.5_Incubation 1h/cell2/force mapp/map-data-2025.06.06-11.56.16.356.jpk-force-map;map-data-2025.06.06-11.56.16.356.jpk-force-map;852;0.142;7.801310208055;[2.5e-05, 2.5e-05];[32, 32];1.62107203756593E-05;paraboloid;0.000000032;False;;False;8.27781258589842E-08;459806.698248519;-1.31260801647819E-11;;0.5;;-1.82355394184424E-19;1.62784401546434E-21;4.03465489907668E-11;0.908583464163803;1.06522115911992E-08;3.55073719706641E-09;1.18244667957374E-05;3.85861783811508E-08;paraboloid;0.000000032;analytical;False;;False;1;391142.357214948;-0.000269937710741649;0.0100000023864519;2.59214376669046E-11;0.5;5,00E-07;5;159;9.27911406824575E-11;8.52609060352509E-20;2.91994702067094E-10;0.969798444936673;-3.94242545734044E-08;-9.8560636433511E-09;9.79673536237743E-05;9.73202326467169E-05
C:/Users/rlolo/Documents/Thèse/MEB et AFM/AFM/Résultats AFM Dynamo/06062025/Plaque hydrophobique_ethanol_PEI 0.5_Incubation 1h/cell2/force mapp/map-data-2025.06.06-11.56.16.356.jpk-force-map;map-data-2025.06.06-11.56.16.356.jpk-force-map;853;0.142;7.801310208055;[2.5e-05, 2.5e-05];[32, 32];1.60146814104449E-05;paraboloid;0.000000032;False;;False;7.53553547347077E-08;2281409.54974962;-2.11951170219258E-11;;0.5;;-1.21748865832653E-19;1.07823282153358E-21;3.28364556786139E-11;0.918625335325523;1.92344258542979E-09;6.41147528476598E-10;1.12955069285692E-05;1.38563543809953E-08;paraboloid;0.000000032;analytical;False;;False;1;439424.977317157;-0.000436643509711156;0.0100000286330195;-5.18266750134442E-11;0.5;5,00E-07;5;155;2.38564942397196E-11;8.06370306084571E-20;2.83966601220033E-10;0.972395000822153;1.1009185670003E-07;2.75229641750074E-08;0.000100408944029251;9.7576691894264E-05
C:/Users/rlolo/Documents/Thèse/MEB et AFM/AFM/Résultats AFM Dynamo/06062025/Plaque hydrophobique_ethanol_PEI 0.5_Incubation 1h/cell2/force mapp/map-data-2025.06.06-11.56.16.356.jpk-force-map;map-data-2025.06.06-11.56.16.356.jpk-force-map;854;0.142;7.801310208055;[2.5e-05, 2.5e-05];[32, 32];1.53294911661965E-05;paraboloid;0.000000032;False;;False;-6.22017346921061E-08;50870.8139616702;-1.60541883676072E-11;;0.5;;-1.75144260650464E-19;3.74762098562337E-21;6.12178159168013E-11;0.91535903818191;3.51360882088423E-09;1.17120294029474E-09;1.06119724188243E-05;1.60269455544623E-07;paraboloid;0.000000032;analytical;False;;False;1;140055.076165808;0.000909455176876624;0.0554809730237418;-5.28523921095516E-11;0.5;5,00E-07;5;153;6.28373984844683E-11;2.58889397268038E-20;1.60900403128158E-10;0.968451778507958;-1.11325400804365E-08;-2.78313502010912E-09;0.000100738671728948;9.7756457354644E-05
C:/Users/rlolo/Documents/Thèse/MEB et AFM/AFM/Résultats AFM Dynamo/06062025/Plaque hydrophobique_ethanol_PEI 0.5_Incubation 1h/cell2/force mapp/map-data-2025.06.06-11.56.16.356.jpk-force-map;map-data-2025.06.06-11.56.16.356.jpk-force-map;855;0.142;7.801310208055;[2.5e-05, 2.5e-05];[32, 32];1.45796090095614E-05;paraboloid;0.000000032;False;;False;8.06706772049711E-08;883286.231271104;-9.24767244472414E-12;;0.5;;-2.31417262905018E-19;1.91435407334077E-21;4.37533321398584E-11;0.896352415445143;5.73050816895003E-09;1.91016938965001E-09;9.8692572272543E-06;2.68888051608258E-08;paraboloid;0.000000032;analytical;False;;False;1;358901.459802368;-0.000264528091581867;0.0100002801990668;1.18829376620255E-10;0.5;5,00E-07;5;155;1.58053943496608E-10;8.23574358576899E-20;2.86979852703443E-10;0.962957767065127;1.45809040999631E-09;3.64522602499077E-10;0.000100754282939981;0.0000977829491067
C:/Users/rlolo/Documents/Thèse/MEB et AFM/AFM/Résultats AFM Dynamo/06062025/Plaque hydrophobique_ethanol_PEI 0.5_Incubation 1h/cell2/force mapp/map-data-2025.06.06-11.56.16.356.jpk-force-map;map-data-2025.06.06-11.56.16.356.jpk-force-map;856;0.142;7.801310208055;[2.5e-05, 2.5e-05];[32, 32];1.33207067598502E-05;paraboloid;0.000000032;False;;False;-3.54691669717544E-08;59935.6878640772;-2.78560526372571E-11;;0.5;;-1.84016318195287E-19;3.60554135548981E-21;6.00461602060432E-11;0.86136983849791;8.7452171761931E-09;2.91507239206437E-09;8.5892325359485E-06;1.23928512937654E-07;paraboloid;0.000000032;analytical;False;;False;1;342448.093927864;0.000668557767263918;0.010000000000328;-9.68993295185826E-11;0.5;5,00E-07;5;149;1.28333410152001E-18;4.44936344691807E-20;2.10935142802665E-10;0.972277866351827;3.62101597698457E-08;9.05253994246143E-09;0.000100596751628648;9.7789098977713E-05
C:/Users/rlolo/Documents/Thèse/MEB et AFM/AFM/Résultats AFM Dynamo/06062025/Plaque hydrophobique_ethanol_PEI 0.5_Incubation 1h/cell2/force mapp/map-data-2025.06.06-11.56.16.356.jpk-force-map;map-data-2025.06.06-11.56.16.356.jpk-force-map;857;0.142;7.801310208055;[2.5e-05, 2.5e-05];[32, 32];1.12375089142466E-05;paraboloid;0.000000032;False;;False;-1.36834539415636E-07;23757.621556867;4.10333873738231E-11;;0.5;;-3.52797744826795E-19;7.11267103798993E-21;8.43366529925745E-11;0.92033228436874;-8.51768029705714E-08;-2.83922676568571E-08;6.576095913193E-06;2.95096605141505E-07;paraboloid;0.000000032;analytical;False;;False;1;30460.8281089955;0.000888532380531715;0.050854132835836;4.23300621336865E-11;0.5;5,00E-07;5;148;4.98234401066668E-10;6.25957959173964E-19;7.911750496407E-10;0.458770519568761;-6.79506121409816E-08;-1.69876530352454E-08;0.000100470442739381;9.7782002972698E-05
C:/Users/rlolo/Documents/Thèse/MEB et AFM/AFM/Résultats AFM Dynamo/06062025/Plaque hydrophobique_ethanol_PEI 0.5_Incubation 1h/cell2/force mapp/map-data-2025.06.06-11.56.16.356.jpk-force-map;map-data-2025.06.06-11.56.16.356.jpk-force-map;858;0.142;7.801310208055;[2.5e-05, 2.5e-05];[32, 32];1.10008808003464E-05;paraboloid;0.000000032;False;;False;-2.75051305450766E-08;10500.8420476797;3.30319161106429E-11;;0.5;;-5.81058162308291E-20;2.43846847711852E-21;4.93808513203096E-11;0.973932679098643;3.23639232625457E-08;1.07879744208486E-08;6.6566592234633E-06;4.95479306743495E-07;paraboloid;0.000000032;analytical;False;;False;1;15723.9329941532;0.00129766708586764;0.0356350907137733;-4.19229195564628E-12;0.5;5,00E-07;5;153;9.05378422955281E-11;2.84222013584366E-20;1.68588853007655E-10;0.911308318215411;-3.95314318627635E-08;-9.88285796569086E-09;0.000100770840285016;9.7667520758456E-05
C:/Users/rlolo/Documents/Thèse/MEB et AFM/AFM/Résultats AFM Dynamo/06062025/Plaque hydrophobique_ethanol_PEI 0.5_Incubation 1h/cell2/force mapp/map-data-2025.06.06-11.56.16.356.jpk-force-map;map-data-2025.06.06-11.56.16.356.jpk-force-map;859;0.142;7.801310208055;[2.5e-05, 2.5e-05];[32, 32];9.29545060839135E-06;paraboloid;0.000000032;False;;False;-3.02865792663672E-07;4117.93592855599;7.61826104407174E-11;;0.5;;-1.44331522391164E-18;2.01622975130277E-20;1.41994005201021E-10;0.664626019428449;-1.6153454760532E-07;-5.38448492017733E-08;4.8213484863837E-06;6.47239207339381E-07;paraboloid;0.000000032;analytical;False;;False;1;17630.4116884121;0.00431577343683216;0.122909460942986;4.12379285321386E-11;0.5;5,00E-07;5;155;2.01400876181291E-10;1.4421325288442E-19;3.79754200614582E-10;0.722357693231441;-3.51741589210471E-08;-8.79353973026178E-09;0.000100585398020624;9.7799979518736E-05
C:/Users/rlolo/Documents/Thèse/MEB et AFM/AFM/Résultats AFM Dynamo/06062025/Plaque hydrophobique_ethanol_PEI 0.5_Incubation 1h/cell2/force mapp/map-data-2025.06.06-11.56.16.356.jpk-force-map;map-data-2025.06.06-11.56.16.356.jpk-force-map;860;0.142;7.801310208055;[2.5e-05, 2.5e-05];[32, 32];1.38648047710504E-05;paraboloid;0.000000032;False;;False;-9.0728960992558E-06;2649.86888598352;-2.30456404571179E-08;;0.5;;-2.39952558071425E-15;1.19788167725641E-20;1.09447781030791E-10;0.94606170194963;-4.8651945450061E-09;-1.62173151500203E-09;9.4645957145989E-06;9.4552894285125E-06;paraboloid;0.000000032;analytical;False;;False;1;2831.10511002139;0.0151798944571851;0.0100036687161883;7.76364539199616E-11;0.5;5,00E-07;5;243;-1.22498623868041E-10;5.10221675870996E-19;7.14298030146378E-10;0.581045986654948;1.28979502587476E-07;3.2244875646869E-08;7.52367211187332E-05;9.7105990228269E-05
C:/Users/rlolo/Documents/Thèse/MEB et AFM/AFM/Résultats AFM Dynamo/06062025/Plaque hydrophobique_ethanol_PEI 0.5_Incubation 1h/cell2/force mapp/map-data-2025.06.06-11.56.16.356.jpk-force-map;map-data-2025.06.06-11.56.16.356.jpk-force-map;861;0.142;7.801310208055;[2.5e-05, 2.5e-05];[32, 32];5.9650352680013E-06;paraboloid;0.000000032;False;;False;8.31977004009454E-08;13571116.5280236;-2.35592057743428E-11;;0.5;;-5.45905408209535E-19;7.33956762565411E-22;2.70916363951204E-11;0.940044473747261;-6.69412517477243E-09;-2.23137505825748E-09;1.2428804640193E-06;4.93800298976556E-09;paraboloid;0.000000032;analytical;False;;False;1;531375.769952859;-0.000569417075162565;0.0104262281792919;9.46260085157642E-11;0.5;5,00E-07;5;155;1.325331705362E-10;2.95875762498111E-19;5.43944631831321E-10;0.947751608259248;6.31507626847819E-07;1.57876906711955E-07;0.000100024340557438;9.7675089830472E-05
C:/Users/rlolo/Documents/Thèse/MEB et AFM/AFM/Résultats AFM Dynamo/06062025/Plaque hydrophobique_ethanol_PEI 0.5_Incubation 1h/cell2/force mapp/map-data-2025.06.06-11.56.16.356.jpk-force-map;map-data-2025.06.06-11.56.16.356.jpk-force-map;862;0.142;7.801310208055;[2.5e-05, 2.5e-05];[32, 32];5.9747804482219E-06;paraboloid;0.000000032;False;;False;9.15965034957153E-08;42527079.0206312;-1.20113565358803E-11;;0.5;;-1.208930862348E-18;7.64031417179082E-22;2.76411182331519E-11;0.920360680447584;1.11466341185783E-08;3.71554470619277E-09;1.27223427143135E-06;2.13747299239114E-09;paraboloid;0.000000032;analytical;False;;False;1;394909.769843528;-0.00079015007887936;0.0105486380653466;-3.18056768521358E-11;0.5;5,00E-07;5;155;7.25504028443738E-11;2.03523761814908E-19;4.51136079043683E-10;0.963228568116361;-8.74747996570863E-07;-2.18686999142716E-07;9.9288721370883E-05;9.7426729654947E-05
C:/Users/rlolo/Documents/Thèse/MEB et AFM/AFM/Résultats AFM Dynamo/06062025/Plaque hydrophobique_ethanol_PEI 0.5_Incubation 1h/cell2/force mapp/map-data-2025.06.06-11.56.16.356.jpk-force-map;map-data-2025.06.06-11.56.16.356.jpk-force-map;863;0.142;7.801310208055;[2.5e-05, 2.5e-05];[32, 32];5.9743073812209E-06;paraboloid;0.000000032;False;;False;8.68464675652152E-08;16355751.0371276;-1.61456962368395E-11;;0.5;;-2.89123391242229E-19;6.48946700835243E-22;2.54744322966233E-11;0.939439682170724;-7.87591134740078E-09;-2.62530378246693E-09;1.2733459788837E-06;4.2103912871988E-09;paraboloid;0.000000032;analytical;False;;False;1;474147.577472182;-0.000637534856126998;0.0101333191441675;2.29170102464854E-11;0.5;5,00E-07;5;156;8.12699177855119E-11;2.17007986428585E-19;4.65841160084192E-10;0.96531689497742;3.36410342125012E-07;8.41025855312529E-08;9.949545165032E-05;9.7334481589752E-05
C:/Users/rlolo/Documents/Thèse/MEB et AFM/AFM/Résultats AFM Dynamo/06062025/Plaque hydrophobique_ethanol_PEI 0.5_Incubation 1h/cell2/force mapp/map-data-2025.06.06-11.56.16.356.jpk-force-map;map-data-2025.06.06-11.56.16.356.jpk-force-map;864;0.142;7.801310208055;[2.5e-05, 2.5e-05];[32, 32];5.97466218147165E-06;paraboloid;0.000000032;False;;False;8.66500391388762E-08;23470742.5985952;2.44946189641719E-11;;0.5;;-5.56394466980622E-20;2.85272835710369E-21;5.3410938552919E-11;0.78708955779187;-2.0602604770006E-08;-6.86753492333534E-09;1.27625534093985E-06;3.44339796600214E-09;paraboloid;0.000000032;analytical;False;;False;1;558774.550703768;-0.000380372881361642;0.0184472235755959;1.37239266820455E-10;0.5;5,00E-07;5;156;1.3654833919539E-10;2.94969769718479E-19;5.43111194617161E-10;0.945559513475527;-2.43253125078743E-07;-6.08132812696858E-08;9.9486936444302E-05;9.7265886874607E-05
C:/Users/rlolo/Documents/Thèse/MEB et AFM/AFM/Résultats AFM Dynamo/06062025/Plaque hydrophobique_ethanol_PEI 0.5_Incubation 1h/cell2/force mapp/map-data-2025.06.06-11.56.16.356.jpk-force-map;map-data-2025.06.06-11.56.16.356.jpk-force-map;865;0.142;7.801310208055;[2.5e-05, 2.5e-05];[32, 32];5.9765781028257E-06;paraboloid;0.000000032;False;;False;8.7110469989611E-08;27675308.7702903;5.33512609085682E-12;;0.5;;4.16675344677233E-23;6.37711461160507E-22;2.5252949553676E-11;0.939177413512932;-4.76700730890263E-09;-1.58900243630088E-09;1.2785970225948E-06;2.95327302978869E-09;paraboloid;0.000000032;analytical;False;;False;1;412413.133844776;-0.000666440104373674;0.010275334154137;-3.53708029017248E-11;0.5;5,00E-07;5;156;4.37297689383344E-11;1.51181549327257E-19;3.88820716175536E-10;0.967331495195944;3.84000830159967E-07;9.60002075399917E-08;9.9501128454332E-05;9.7247437261568E-05
C:/Users/rlolo/Documents/Thèse/MEB et AFM/AFM/Résultats AFM Dynamo/06062025/Plaque hydrophobique_ethanol_PEI 0.5_Incubation 1h/cell2/force mapp/map-data-2025.06.06-11.56.16.356.jpk-force-map;map-data-2025.06.06-11.56.16.356.jpk-force-map;866;0.142;7.801310208055;[2.5e-05, 2.5e-05];[32, 32];5.9646568144005E-06;paraboloid;0.000000032;False;;False;8.42889627149193E-08;6304758.21477949;-6.34479423424747E-12;;0.5;;-4.12556209880317E-19;5.48912037015919E-22;2.34288718681869E-11;0.956873949914151;8.60101974779102E-09;2.86700658259701E-09;1.26915933592485E-06;8.35270503841809E-09;paraboloid;0.000000032;analytical;False;;False;1;404521.439406182;-0.000571882945911088;0.0100000027209146;-7.77621010112393E-11;0.5;5,00E-07;5;157;3.26982825448901E-12;1.11339729811201E-19;3.33676085165241E-10;0.97066432688917;1.89038687252763E-07;4.72596718131907E-08;9.9641156286628E-05;9.7211484169492E-05
C:/Users/rlolo/Documents/Thèse/MEB et AFM/AFM/Résultats AFM Dynamo/06062025/Plaque hydrophobique_ethanol_PEI 0.5_Incubation 1h/cell2/force mapp/map-data-2025.06.06-11.56.16.356.jpk-force-map;map-data-2025.06.06-11.56.16.356.jpk-force-map;867;0.142;7.801310208055;[2.5e-05, 2.5e-05];[32, 32];5.95370531332735E-06;paraboloid;0.000000032;False;;False;9.03543876588629E-08;17681717.5945559;-1.29068720165175E-11;;0.5;;-8.16100675023825E-19;6.81357040014697E-22;2.61028167065299E-11;0.937074493402092;45384.0547368624;15128.0182456208;1.2603839430563E-06;4.18386926988728E-09;paraboloid;0.000000032;analytical;False;;False;1;458762.404363612;-0.000557680129633861;0.0100885595487506;5.83958046070443E-11;0.5;5,00E-07;5;157;1.21573071338365E-10;1.41981967995529E-19;3.76804946883038E-10;0.973222303979453;8.4564494959183E-07;2.11411237397958E-07;9.9633587214612E-05;9.7201549762471E-05
C:/Users/rlolo/Documents/Thèse/MEB et AFM/AFM/Résultats AFM Dynamo/06062025/Plaque hydrophobique_ethanol_PEI 0.5_Incubation 1h/cell2/force mapp/map-data-2025.06.06-11.56.16.356.jpk-force-map;map-data-2025.06.06-11.56.16.356.jpk-force-map;868;0.142;7.801310208055;[2.5e-05, 2.5e-05];[32, 32];5.9406250107497E-06;paraboloid;0.000000032;False;;False;8.29382026469381E-08;4086858.28266475;-7.9271704336433E-12;;0.5;;-9.59161148265834E-20;5.33232750753494E-22;2.30918329881691E-11;0.955404627665826;5.89040948081907E-09;1.96346982693969E-09;1.2460027062259E-06;1.02611361473052E-08;paraboloid;0.000000032;analytical;False;;False;1;473157.54806693;-0.00049283797713119;0.0100000646406557;-7.37083026592339E-11;0.5;5,00E-07;5;158;2.41081725980504E-11;1.3308537110006E-19;3.64808677391397E-10;0.97334315673267;3.97854119298203E-07;9.94635298245508E-08;9.966102510067E-05;9.7198238293464E-05
C:/Users/rlolo/Documents/Thèse/MEB et AFM/AFM/Résultats AFM Dynamo/06062025/Plaque hydrophobique_ethanol_PEI 0.5_Incubation 1h/cell2/force mapp/map-data-2025.06.06-11.56.16.356.jpk-force-map;map-data-2025.06.06-11.56.16.356.jpk-force-map;869;0.142;7.801310208055;[2.5e-05, 2.5e-05];[32, 32];8.1879297990002E-06;paraboloid;0.000000032;False;;False;-8.09125898523649E-07;2288.65657528191;1.72112217664944E-10;;0.5;;-2.47583736416877E-19;9.01803600339794E-21;9.49633403129752E-11;0.898598365970216;2.02227245790181E-08;6.74090819300603E-09;3.7379777473936E-06;1.15645949198316E-06;paraboloid;0.000000032;analytical;False;;False;1;1544.23830468063;0.00216753412067467;0.179453550624089;2.90559817635333E-11;0.5;5,00E-07;5;144;2.22699816709635E-10;1.94309662538267E-19;4.40805697034722E-10;0.61065189353514;-6.27912212393286E-08;-1.56978053098321E-08;9.63317707524129E-05;9.7399291768889E-05
C:/Users/rlolo/Documents/Thèse/MEB et AFM/AFM/Résultats AFM Dynamo/06062025/Plaque hydrophobique_ethanol_PEI 0.5_Incubation 1h/cell2/force mapp/map-data-2025.06.06-11.56.16.356.jpk-force-map;map-data-2025.06.06-11.56.16.356.jpk-force-map;870;0.142;7.801310208055;[2.5e-05, 2.5e-05];[32, 32];8.6647813360082E-06;paraboloid;0.000000032;False;;False;-5.87487982989468E-07;4928.24734164377;4.31005922052946E-11;;0.5;;-6.60877702620363E-21;2.07062266056086E-21;4.55040949867247E-11;0.985132755195663;1.09709193285353E-08;3.65697310951178E-09;4.1075376885748E-06;8.33418088075159E-07;paraboloid;0.000000032;analytical;False;;False;1;2640.44669132022;0.00105159360215909;0.158242376875595;-6.60990064135814E-11;0.5;5,00E-07;5;142;1.71874759175044E-10;1.22653428393494E-19;3.50219114831693E-10;0.705377760599945;-4.07366666278016E-08;-1.01841666569504E-08;9.79882108625525E-05;9.7467886484034E-05
C:/Users/rlolo/Documents/Thèse/MEB et AFM/AFM/Résultats AFM Dynamo/06062025/Plaque hydrophobique_ethanol_PEI 0.5_Incubation 1h/cell2/force mapp/map-data-2025.06.06-11.56.16.356.jpk-force-map;map-data-2025.06.06-11.56.16.356.jpk-force-map;871;0.142;7.801310208055;[2.5e-05, 2.5e-05];[32, 32];1.06925357290946E-05;paraboloid;0.000000032;False;;False;-1.38297561691322E-07;30290.1953611412;6.06424094902205E-11;;0.5;;-1.7819321890267E-19;4.51907460767297E-21;6.72240627132351E-11;0.925891407059623;-1.43478315957277E-08;-4.78261053190922E-09;5.976720022926E-06;2.31147906607335E-07;paraboloid;0.000000032;analytical;False;;False;1;4203.53147735896;0.000613930643657484;0.318564414662787;2.35543537879386E-11;0.5;5,00E-07;5;139;1.28120220350322E-09;5.49617690030647E-18;2.34439265062542E-09;0.0760907578407828;-3.79691910056876E-07;-9.4922977514219E-08;9.6776825725508E-05;9.7584734033281E-05
C:/Users/rlolo/Documents/Thèse/MEB et AFM/AFM/Résultats AFM Dynamo/06062025/Plaque hydrophobique_ethanol_PEI 0.5_Incubation 1h/cell2/force mapp/map-data-2025.06.06-11.56.16.356.jpk-force-map;map-data-2025.06.06-11.56.16.356.jpk-force-map;872;0.142;7.801310208055;[2.5e-05, 2.5e-05];[32, 32];1.2114764360901E-05;paraboloid;0.000000032;False;;False;5.77275447633901E-07;334612.440505226;4.5421320031234E-11;;0.5;;-6.43494940742717E-18;5.20567873245416E-20;2.28159565489904E-10;0.305340733293378;-4.86620976078928E-08;-1.62206992026309E-08;7.9340820462636E-06;5.70342150730038E-08;paraboloid;0.000000032;analytical;False;;False;1;198943.603836044;-0.000113573313788216;0.0105476908254617;5.73963235898368E-11;0.5;5,00E-07;5;156;1.42141944776367E-09;4.99975502673223E-18;2.23601319914088E-09;0.178642468284606;-4.44863643869636E-07;-1.11215910967409E-07;9.74547572687439E-05;9.7710096788546E-05
C:/Users/rlolo/Documents/Thèse/MEB et AFM/AFM/Résultats AFM Dynamo/06062025/Plaque hydrophobique_ethanol_PEI 0.5_Incubation 1h/cell2/force mapp/map-data-2025.06.06-11.56.16.356.jpk-force-map;map-data-2025.06.06-11.56.16.356.jpk-force-map;873;0.142;7.801310208055;[2.5e-05, 2.5e-05];[32, 32];1.40633746447201E-05;paraboloid;0.000000032;False;;False;8.2763980967656E-08;3690171.24376081;6.54460017845355E-12;;0.5;;-1.18754440780892E-19;9.68490305873512E-22;3.11205768885076E-11;0.926688389756337;-6.60782915980438E-09;-2.20260971993479E-09;9.3394694928344E-06;1.13867963817353E-08;paraboloid;0.000000032;analytical;False;;False;1;408566.273102854;-0.000529331476755454;0.0100004427986314;1.93039554195668E-11;0.5;5,00E-07;5;155;1.06289215368816E-10;9.2814034725515E-20;3.04653958985461E-10;0.966018841341969;3.07456279825601E-08;7.68640699564002E-09;9.69982462170971E-05;9.775456508664E-05
C:/Users/rlolo/Documents/Thèse/MEB et AFM/AFM/Résultats AFM Dynamo/06062025/Plaque hydrophobique_ethanol_PEI 0.5_Incubation 1h/cell2/force mapp/map-data-2025.06.06-11.56.16.356.jpk-force-map;map-data-2025.06.06-11.56.16.356.jpk-force-map;874;0.142;7.801310208055;[2.5e-05, 2.5e-05];[32, 32];1.51741123097181E-05;paraboloid;0.000000032;False;;False;7.59554347647586E-08;702363.353191587;-1.01378618608738E-11;;0.5;;1.88955375109427E-22;1.04601012196065E-21;3.2342079740806E-11;0.963027962027946;1.74844885054037E-08;5.82816283513457E-09;1.04655345286648E-05;3.65270863478474E-08;paraboloid;0.000000032;analytical;False;;False;1;238825.13794461;-0.000181805754438189;0.030829203733833;-1.63621645394229E-10;0.5;5,00E-07;5;159;2.52368348388683E-12;4.63479431420436E-20;2.15285724426966E-10;0.953863479867733;-3.85524622316412E-08;-9.6381155579103E-09;9.77717308302648E-05;9.7822213667783E-05
C:/Users/rlolo/Documents/Thèse/MEB et AFM/AFM/Résultats AFM Dynamo/06062025/Plaque hydrophobique_ethanol_PEI 0.5_Incubation 1h/cell2/force mapp/map-data-2025.06.06-11.56.16.356.jpk-force-map;map-data-2025.06.06-11.56.16.356.jpk-force-map;875;0.142;7.801310208055;[2.5e-05, 2.5e-05];[32, 32];1.60076800188301E-05;paraboloid;0.000000032;False;;False;7.18201176331418E-08;1305808.04819462;-1.13002875781297E-11;;0.5;;1.79977518169153E-19;4.81058218896991E-22;2.19330394359056E-11;0.974865805692118;1.64393644829578E-08;5.47978816098595E-09;1.13062455494919E-05;2.29067140016312E-08;paraboloid;0.000000032;analytical;False;;False;1;214057.878382652;-0.000619042443841878;0.0100000000030807;-6.68030716715168E-11;0.5;5,00E-07;5;156;1.14050617081087E-16;4.11340354368364E-20;2.02815274170454E-10;0.960632479544232;1.16020762708691E-07;2.90051906771728E-08;9.79333647391541E-05;9.78077432935691E-05
C:/Users/rlolo/Documents/Thèse/MEB et AFM/AFM/Résultats AFM Dynamo/06062025/Plaque hydrophobique_ethanol_PEI 0.5_Incubation 1h/cell2/force mapp/map-data-2025.06.06-11.56.16.356.jpk-force-map;map-data-2025.06.06-11.56.16.356.jpk-force-map;876;0.142;7.801310208055;[2.5e-05, 2.5e-05];[32, 32];1.58022270202958E-05;paraboloid;0.000000032;False;;False;7.7520607522591E-08;380349.921684553;-2.13291159695254E-11;;0.5;;-1.56765581168435E-19;1.19863400370098E-21;3.46212940789477E-11;0.946175114348089;1.07331121486913E-08;3.57770404956378E-09;1.11138492001852E-05;4.60254012508244E-08;paraboloid;0.000000032;analytical;False;;False;1;216044.115476531;-0.000558523022776361;0.0100000000074023;2.831353453557E-11;0.5;5,00E-07;5;156;7.6328020507828E-11;1.13112580280086E-19;3.36322137659843E-10;0.898734923825243;-2.29320682143915E-08;-5.73301705359786E-09;0.000100677646085819;9.7622579393361E-05
C:/Users/rlolo/Documents/Thèse/MEB et AFM/AFM/Résultats AFM Dynamo/06062025/Plaque hydrophobique_ethanol_PEI 0.5_Incubation 1h/cell2/force mapp/map-data-2025.06.06-11.56.16.356.jpk-force-map;map-data-2025.06.06-11.56.16.356.jpk-force-map;877;0.142;7.801310208055;[2.5e-05, 2.5e-05];[32, 32];1.48341663627995E-05;paraboloid;0.000000032;False;;False;5.56383059038639E-07;2480692.67551355;-4.79271553944155E-11;;0.5;;-2.05656133412655E-18;6.74437818789744E-21;8.2124163240166E-11;0.619820673793661;3.99738193072516E-07;1.33246064357505E-07;1.05893125094764E-05;1.56432292794975E-08;paraboloid;0.000000032;analytical;False;;False;1;433894.21786695;-0.000172364957201354;0.0137709203047584;-1.72821099808643E-11;0.5;5,00E-07;5;155;2.86669890736634E-10;3.34767335278646E-19;5.78590818522595E-10;0.870499733323994;-8.58547064704164E-08;-2.14636766176041E-08;0.000100618512710694;9.7737061607603E-05
C:/Users/rlolo/Documents/Thèse/MEB et AFM/AFM/Résultats AFM Dynamo/06062025/Plaque hydrophobique_ethanol_PEI 0.5_Incubation 1h/cell2/force mapp/map-data-2025.06.06-11.56.16.356.jpk-force-map;map-data-2025.06.06-11.56.16.356.jpk-force-map;878;0.142;7.801310208055;[2.5e-05, 2.5e-05];[32, 32];1.60073488719294E-05;paraboloid;0.000000032;False;;False;4.61643951848575E-08;131651.120178243;-8.41678705392812E-12;;0.5;;-7.90521297585092E-20;1.65538341641705E-21;4.06864033359678E-11;0.968909530695268;8.89436397406385E-09;2.96478799135462E-09;1.13503590473352E-05;1.05867106700347E-07;paraboloid;0.000000032;analytical;False;;False;1;109689.702553624;5.08026131504479E-05;0.0385419794507639;-8.67817271839984E-11;0.5;5,00E-07;5;147;4.35901868690879E-11;1.49106137755828E-20;1.22109024136559E-10;0.976147433585158;3.42349076178279E-08;8.55872690445698E-09;9.76782305403236E-05;9.759845297631E-05
C:/Users/rlolo/Documents/Thèse/MEB et AFM/AFM/Résultats AFM Dynamo/06062025/Plaque hydrophobique_ethanol_PEI 0.5_Incubation 1h/cell2/force mapp/map-data-2025.06.06-11.56.16.356.jpk-force-map;map-data-2025.06.06-11.56.16.356.jpk-force-map;879;0.142;7.801310208055;[2.5e-05, 2.5e-05];[32, 32];1.61502624129315E-05;paraboloid;0.000000032;False;;False;1.70208336718628E-08;40834.7087087621;1.07350411509296E-12;;0.5;;-2.72572462952239E-20;9.94874702635697E-22;3.15416344319012E-11;0.988784693302552;-156.977973590435;-52.3259911968117;1.23918633567368E-05;2.29698329449387E-07;paraboloid;0.000000032;analytical;False;;False;1;27553.92755962;-0.000578640893336351;0.0100000000073928;-2.28711189280481E-11;0.5;5,00E-07;5;159;2.19796339134428E-11;6.23590017610663E-21;7.89677160370403E-11;0.971936733800682;-9.60294290127568E-10;-2.40073572531892E-10;9.78709480226311E-05;9.69652254381936E-05
C:/Users/rlolo/Documents/Thèse/MEB et AFM/AFM/Résultats AFM Dynamo/06062025/Plaque hydrophobique_ethanol_PEI 0.5_Incubation 1h/cell2/force mapp/map-data-2025.06.06-11.56.16.356.jpk-force-map;map-data-2025.06.06-11.56.16.356.jpk-force-map;880;0.142;7.801310208055;[2.5e-05, 2.5e-05];[32, 32];1.61528169747369E-05;paraboloid;0.000000032;False;;False;6.11544376019704E-08;176657.151585088;-1.13180442534707E-11;;0.5;;-4.11696737554983E-20;1.34555092691576E-21;3.66817519608287E-11;0.959185350915406;-1.11900056634145E-08;-3.73000188780484E-09;1.14844025820685E-05;7.88891140142466E-08;paraboloid;0.000000032;analytical;False;;False;1;95491.142519632;-0.000355877297846089;0.010000000099687;-3.43047563364761E-11;0.5;5,00E-07;5;161;1.1517524602467E-10;5.3185348719577E-20;2.30619489028089E-10;0.875393401851129;-3.18127154817061E-08;-7.95317887042652E-09;9.84319970320721E-05;0.0000975464156062
C:/Users/rlolo/Documents/Thèse/MEB et AFM/AFM/Résultats AFM Dynamo/06062025/Plaque hydrophobique_ethanol_PEI 0.5_Incubation 1h/cell2/force mapp/map-data-2025.06.06-11.56.16.356.jpk-force-map;map-data-2025.06.06-11.56.16.356.jpk-force-map;881;0.142;7.801310208055;[2.5e-05, 2.5e-05];[32, 32];1.37427771381424E-05;paraboloid;0.000000032;False;;False;9.89535847382261E-09;31087.4441579353;2.94425632162336E-11;;0.5;;-1.53850592526217E-20;1.41861773646554E-21;3.7664542164555E-11;0.986286472453181;6.28598010796436E-09;2.09532670265479E-09;9.2119306293648E-06;2.78578977412274E-07;paraboloid;0.000000032;analytical;False;;False;1;5571.93798749561;7.73559324742726E-05;0.226812658525499;-7.00785252855408E-11;0.5;5,00E-07;5;147;1.10477967866906E-09;3.30834018417867E-18;1.81888432402357E-09;0.201480444265298;-3.29708847011108E-07;-8.2427211752777E-08;0.00010035170292213;9.778767977671E-05
C:/Users/rlolo/Documents/Thèse/MEB et AFM/AFM/Résultats AFM Dynamo/06062025/Plaque hydrophobique_ethanol_PEI 0.5_Incubation 1h/cell2/force mapp/map-data-2025.06.06-11.56.16.356.jpk-force-map;map-data-2025.06.06-11.56.16.356.jpk-force-map;882;0.142;7.801310208055;[2.5e-05, 2.5e-05];[32, 32];1.42280019610681E-05;paraboloid;0.000000032;False;;False;-9.40848996302211E-06;778.007958672176;-5.83726357975031E-09;;0.5;;-3.97411741461766E-16;3.50451157023116E-20;1.87203407293541E-10;0.793113957192136;1.44939547051391E-07;4.83131823504638E-08;9.5586414343977E-06;9.54841665777576E-06;paraboloid;0.000000032;analytical;False;;False;1;258.570761987594;0.0260210040378737;0.330060161839015;-9.31153039770095E-11;0.5;5,00E-07;5;149;5.54966686687683E-09;8.05876743174482E-17;8.97706379154388E-09;0.0462670403823425;-1.67020680213529E-06;-4.17551700533822E-07;9.80411532575397E-05;9.7588045502288E-05
C:/Users/rlolo/Documents/Thèse/MEB et AFM/AFM/Résultats AFM Dynamo/06062025/Plaque hydrophobique_ethanol_PEI 0.5_Incubation 1h/cell2/force mapp/map-data-2025.06.06-11.56.16.356.jpk-force-map;map-data-2025.06.06-11.56.16.356.jpk-force-map;883;0.142;7.801310208055;[2.5e-05, 2.5e-05];[32, 32];1.61315289596919E-05;paraboloid;0.000000032;False;;False;1.55317204481189E-07;927074.622461175;-7.26021160868829E-13;;0.5;;-3.51864956276166E-19;3.35694452070751E-22;1.83219663811162E-11;0.996243471001046;3.26359497801091E-09;1.0878649926703E-09;1.44061589936447E-05;3.10385076755997E-08;paraboloid;0.000000032;analytical;False;;False;1;7092.58174659949;0.00297706214918498;0.032482046636319;6.89573765962231E-11;0.5;5,00E-07;5;323;-1.99890495250147E-10;1.92537665554193E-18;1.38757942314735E-09;0.0412265884086229;1.57363697573794E-07;3.93409243934486E-08;6.20845516173063E-05;9.29500141205345E-05
C:/Users/rlolo/Documents/Thèse/MEB et AFM/AFM/Résultats AFM Dynamo/06062025/Plaque hydrophobique_ethanol_PEI 0.5_Incubation 1h/cell2/force mapp/map-data-2025.06.06-11.56.16.356.jpk-force-map;map-data-2025.06.06-11.56.16.356.jpk-force-map;884;0.142;7.801310208055;[2.5e-05, 2.5e-05];[32, 32];1.62310622567023E-05;paraboloid;0.000000032;False;;False;-1.51731887903707E-05;753.714104783222;-1.41299399160146E-08;;0.5;;-1.90896886116888E-15;1.98224411513944E-20;1.40792191372229E-10;0.922107725885792;-1.07388103320332E-08;-3.57960344401107E-09;1.62617169983671E-05;1.62522486695825E-05;paraboloid;0.000000032;analytical;False;;False;1;3044.57405270532;-0.00553388709414366;0.0100000000038762;-7.64671860151105E-11;0.5;5,00E-07;5;157;7.79064288451446E-12;3.6981311216349E-20;1.92305255300912E-10;0.873053872551269;1.09119306389185E-07;2.72798265972963E-08;8.66198098251074E-05;8.68109142098838E-05
C:/Users/rlolo/Documents/Thèse/MEB et AFM/AFM/Résultats AFM Dynamo/06062025/Plaque hydrophobique_ethanol_PEI 0.5_Incubation 1h/cell2/force mapp/map-data-2025.06.06-11.56.16.356.jpk-force-map;map-data-2025.06.06-11.56.16.356.jpk-force-map;885;0.142;7.801310208055;[2.5e-05, 2.5e-05];[32, 32];1.62703741244854E-05;paraboloid;0.000000032;False;;False;-1.56007240582748E-05;1179.10890267256;-2.30934129249944E-08;;0.5;;-5.27767779613214E-15;9.79127135699441E-21;9.89508532403557E-11;0.96065667330559;-1.63215659941178E-08;-5.44052199803926E-09;1.62945478482365E-05;1.62846955707783E-05;paraboloid;0.000000032;analytical;False;;False;1;5423.85093029749;-0.0041045767985849;0.0100000000005274;-1.04597917910473E-10;0.5;5,00E-07;5;175;3.43515448036496E-12;3.61163359938695E-20;1.90042984595248E-10;0.857174668840771;5.68751040029994E-08;1.42187760007499E-08;7.99123940296838E-05;7.97765332984079E-05
C:/Users/rlolo/Documents/Thèse/MEB et AFM/AFM/Résultats AFM Dynamo/06062025/Plaque hydrophobique_ethanol_PEI 0.5_Incubation 1h/cell2/force mapp/map-data-2025.06.06-11.56.16.356.jpk-force-map;map-data-2025.06.06-11.56.16.356.jpk-force-map;886;0.142;7.801310208055;[2.5e-05, 2.5e-05];[32, 32];1.62917567529306E-05;paraboloid;0.000000032;False;;False;-1.57413589022433E-05;1406.21841891655;-2.78909972974709E-08;;0.5;;-3.34030497690623E-15;6.73658847365897E-21;8.20767230928414E-11;0.972266813741166;4.82815973705233E-09;1.60938657901744E-09;1.6314629542429E-05;1.63045018330806E-05;paraboloid;0.000000032;analytical;False;;False;1;7678.99421955058;-0.00315329120208463;0.010000000000052;-6.50978441691228E-11;0.5;5,00E-07;5;156;4.46259568288907E-12;4.90613712136395E-20;2.21498016274728E-10;0.813545871662226;-1.24227047474074E-08;-3.10567618685185E-09;7.36290225112261E-05;7.63799958650684E-05
C:/Users/rlolo/Documents/Thèse/MEB et AFM/AFM/Résultats AFM Dynamo/06062025/Plaque hydrophobique_ethanol_PEI 0.5_Incubation 1h/cell2/force mapp/map-data-2025.06.06-11.56.16.356.jpk-force-map;map-data-2025.06.06-11.56.16.356.jpk-force-map;887;0.142;7.801310208055;[2.5e-05, 2.5e-05];[32, 32];1.63055230026597E-05;paraboloid;0.000000032;False;;False;-1.57849219435072E-05;1492.41219337053;-2.97685581199305E-08;;0.5;;-2.28378120709507E-15;1.04452570703534E-20;1.02202040441243E-10;0.958266969868398;-1.51679962321783E-08;-5.05599874405943E-09;1.63281592586576E-05;1.63183710301377E-05;paraboloid;0.000000032;analytical;False;;False;1;7943.70725692535;-0.0039467474888094;0.010000000004306;-5.14911485580281E-11;0.5;5,00E-07;5;152;3.55482376907811E-12;5.27421870034138E-20;2.29656672020244E-10;0.800777672964464;4.97180206522284E-08;1.24295051630571E-08;7.1557608467053E-05;7.5251225655845E-05
C:/Users/rlolo/Documents/Thèse/MEB et AFM/AFM/Résultats AFM Dynamo/06062025/Plaque hydrophobique_ethanol_PEI 0.5_Incubation 1h/cell2/force mapp/map-data-2025.06.06-11.56.16.356.jpk-force-map;map-data-2025.06.06-11.56.16.356.jpk-force-map;888;0.142;7.801310208055;[2.5e-05, 2.5e-05];[32, 32];1.63179173580859E-05;paraboloid;0.000000032;False;;False;-1.58860899498624E-05;1988.20066540219;-4.00266831704332E-08;;0.5;;-1.78713173212803E-15;3.8650542229015E-21;6.2169560259837E-11;0.98697748876232;-5.36058997131071E-09;-1.78686332377024E-09;1.63388269195301E-05;1.63278185974126E-05;paraboloid;0.000000032;analytical;False;;False;1;13506.9680191053;-0.00227891501872441;0.0100000000825777;-8.96493801625335E-11;0.5;5,00E-07;5;177;3.32687559912543E-12;4.22137253554068E-20;2.05459790118181E-10;0.875088045827397;5.09200553430284E-08;1.27300138357571E-08;6.70551479819826E-05;7.19473204129568E-05
C:/Users/rlolo/Documents/Thèse/MEB et AFM/AFM/Résultats AFM Dynamo/06062025/Plaque hydrophobique_ethanol_PEI 0.5_Incubation 1h/cell2/force mapp/map-data-2025.06.06-11.56.16.356.jpk-force-map;map-data-2025.06.06-11.56.16.356.jpk-force-map;889;0.142;7.801310208055;[2.5e-05, 2.5e-05];[32, 32];5.7584469086646E-06;paraboloid;0.000000032;False;;False;8.551650071684E-08;15891711.1890339;-2.72381125297206E-11;;0.5;;-2.38700839203367E-19;7.2728818736326E-22;2.69682811347564E-11;0.940099530795292;-4.76359516175864E-08;-1.58786505391955E-08;1.0385155195873E-06;4.36479106584568E-09;paraboloid;0.000000032;analytical;False;;False;1;538972.982063459;-0.000440873386848815;0.013900529701414;9.06311596480303E-11;0.5;5,00E-07;5;156;1.16114902300058E-10;2.02668839145939E-19;4.50187559963554E-10;0.961421472508123;2.2207468543845E-07;5.55186713596126E-08;9.9896612467168E-05;9.7657113284434E-05
C:/Users/rlolo/Documents/Thèse/MEB et AFM/AFM/Résultats AFM Dynamo/06062025/Plaque hydrophobique_ethanol_PEI 0.5_Incubation 1h/cell2/force mapp/map-data-2025.06.06-11.56.16.356.jpk-force-map;map-data-2025.06.06-11.56.16.356.jpk-force-map;890;0.142;7.801310208055;[2.5e-05, 2.5e-05];[32, 32];5.7383415611221E-06;paraboloid;0.000000032;False;;False;8.66406284218353E-08;13994300.1709814;-1.89028559252257E-11;;0.5;;-1.87371181872305E-19;9.05824233673725E-22;3.0096914022433E-11;0.923416269792738;4.61681723916783E-08;1.53893907972261E-08;1.0333117825763E-06;4.30879596551447E-09;paraboloid;0.000000032;analytical;False;;False;1;515393.571017482;-0.000532309845952086;0.0112036313936404;4.79521226065898E-11;0.5;5,00E-07;5;155;1.05010828585628E-10;2.16352379350269E-19;4.65136946877228E-10;0.962331405548677;2.78337289391866E-06;6.95843223479666E-07;9.9636425616618E-05;9.7426256587946E-05
C:/Users/rlolo/Documents/Thèse/MEB et AFM/AFM/Résultats AFM Dynamo/06062025/Plaque hydrophobique_ethanol_PEI 0.5_Incubation 1h/cell2/force mapp/map-data-2025.06.06-11.56.16.356.jpk-force-map;map-data-2025.06.06-11.56.16.356.jpk-force-map;891;0.142;7.801310208055;[2.5e-05, 2.5e-05];[32, 32];5.7342258782134E-06;paraboloid;0.000000032;False;;False;9.05769520160217E-08;9691097.97179074;-1.74319549067739E-11;;0.5;;-2.79612109492614E-19;6.08436077549845E-22;2.46664970668688E-11;0.94424813135875;1.81152522608496E-08;6.03841742028319E-09;1.0394143468892E-06;5.78317174673372E-09;paraboloid;0.000000032;analytical;False;;False;1;462129.443997398;-0.000601016919411956;0.0101222575727811;3.95084121715234E-12;0.5;5,00E-07;5;156;8.11000033978616E-11;1.78670821290697E-19;4.22694714055779E-10;0.967947310289054;2.67439282716257E-06;6.68598206790642E-07;9.9525727938384E-05;9.7315558909712E-05
C:/Users/rlolo/Documents/Thèse/MEB et AFM/AFM/Résultats AFM Dynamo/06062025/Plaque hydrophobique_ethanol_PEI 0.5_Incubation 1h/cell2/force mapp/map-data-2025.06.06-11.56.16.356.jpk-force-map;map-data-2025.06.06-11.56.16.356.jpk-force-map;892;0.142;7.801310208055;[2.5e-05, 2.5e-05];[32, 32];5.7131743966689E-06;paraboloid;0.000000032;False;;False;8.59950883912524E-08;15841441.7184981;-1.77330195124858E-11;;0.5;;-2.35315682849526E-19;6.37681095185296E-22;2.52523483103116E-11;0.939138376349252;-8.93709267176453E-09;-2.97903089058818E-09;1.01498043628755E-06;4.110803990219E-09;paraboloid;0.000000032;analytical;False;;False;1;462502.34731374;-0.00059010965870626;0.010087926627603;1.27539342216774E-10;0.5;5,00E-07;5;156;1.565398771477E-10;2.05361301930253E-19;4.53168072496566E-10;0.961893120892891;1.52309878181821E-08;3.80774695454551E-09;9.9690828321733E-05;9.724365272556E-05
C:/Users/rlolo/Documents/Thèse/MEB et AFM/AFM/Résultats AFM Dynamo/06062025/Plaque hydrophobique_ethanol_PEI 0.5_Incubation 1h/cell2/force mapp/map-data-2025.06.06-11.56.16.356.jpk-force-map;map-data-2025.06.06-11.56.16.356.jpk-force-map;893;0.142;7.801310208055;[2.5e-05, 2.5e-05];[32, 32];5.7026723092467E-06;paraboloid;0.000000032;False;;False;8.53839898986568E-08;9041359.99699253;-1.65064629648905E-11;;0.5;;-2.57710871229766E-19;6.50841741340929E-22;2.55116001328989E-11;0.942660032796983;2.05991519665952E-08;6.86638398886506E-09;1.0048331491161E-06;5.99983853977584E-09;paraboloid;0.000000032;analytical;False;;False;1;446310.53455885;-0.000612540896114826;0.0100222692883565;2.56878416477559E-11;0.5;5,00E-07;5;156;9.29075732268685E-11;1.89709685846704E-19;4.35556753875662E-10;0.959954362499949;1.17091798787615E-07;2.92729496969039E-08;9.9677109378704E-05;9.7230406849532E-05
C:/Users/rlolo/Documents/Thèse/MEB et AFM/AFM/Résultats AFM Dynamo/06062025/Plaque hydrophobique_ethanol_PEI 0.5_Incubation 1h/cell2/force mapp/map-data-2025.06.06-11.56.16.356.jpk-force-map;map-data-2025.06.06-11.56.16.356.jpk-force-map;894;0.142;7.801310208055;[2.5e-05, 2.5e-05];[32, 32];5.6931163558265E-06;paraboloid;0.000000032;False;;False;8.89614011240041E-08;37371053.9135612;-1.99984141368047E-11;;0.5;;-7.8400701091279E-19;9.48970173911976E-22;3.08053594998009E-11;0.904655333062241;-1.2628040608792E-08;-4.20934686959732E-09;9.96554476598601E-07;2.25600556459482E-09;paraboloid;0.000000032;analytical;False;;False;1;411803.202556926;-0.000732145371028893;0.0109568405717802;1.56753043279799E-10;0.5;5,00E-07;5;157;2.21679189856416E-10;2.31700568237266E-19;4.81352852112944E-10;0.968518897009116;1.68130593397853E-06;4.20326483494632E-07;9.9626964276598E-05;9.7213376437496E-05
C:/Users/rlolo/Documents/Thèse/MEB et AFM/AFM/Résultats AFM Dynamo/06062025/Plaque hydrophobique_ethanol_PEI 0.5_Incubation 1h/cell2/force mapp/map-data-2025.06.06-11.56.16.356.jpk-force-map;map-data-2025.06.06-11.56.16.356.jpk-force-map;895;0.142;7.801310208055;[2.5e-05, 2.5e-05];[32, 32];5.6775997581937E-06;paraboloid;0.000000032;False;;False;8.83514184928968E-08;16834792.6168447;-1.40366632288021E-11;;0.5;;-9.95032739321419E-20;8.99703633308312E-22;2.99950601484363E-11;0.919103090283171;1.27261850810044E-08;4.24206169366815E-09;9.83284947220552E-07;4.02663511622238E-09;paraboloid;0.000000032;analytical;False;;False;1;535103.300605019;-0.000444202730209231;0.0158185118797059;9.34072326535543E-11;0.5;5,00E-07;5;157;1.56924753930907E-10;2.32163115419287E-19;4.8183307837807E-10;0.962346034009678;-2.85933158602519E-07;-7.14832896506297E-08;9.9668594172686E-05;9.7190669221448E-05
C:/Users/rlolo/Documents/Thèse/MEB et AFM/AFM/Résultats AFM Dynamo/06062025/Plaque hydrophobique_ethanol_PEI 0.5_Incubation 1h/cell2/force mapp/map-data-2025.06.06-11.56.16.356.jpk-force-map;map-data-2025.06.06-11.56.16.356.jpk-force-map;896;0.142;7.801310208055;[2.5e-05, 2.5e-05];[32, 32];5.6833238689058E-06;paraboloid;0.000000032;False;;False;8.43452374917254E-08;7339139.58240993;-8.16996499715687E-12;;0.5;;-1.67094753568606E-20;6.29147279561324E-22;2.50828084464504E-11;0.950985779598188;2.78353518279656E-09;9.27845060932186E-10;9.88512337581602E-07;7.41378913987232E-09;paraboloid;0.000000032;analytical;False;;False;1;452201.659050888;-0.000616089347954846;0.0100023193769262;-1.79868642524032E-11;0.5;5,00E-07;5;157;9.55384050957643E-11;1.98644613708343E-19;4.45695651435308E-10;0.966140633032933;2.89696417220586E-08;7.24241043051465E-09;9.9470852166268E-05;9.7221891643514E-05
C:/Users/rlolo/Documents/Thèse/MEB et AFM/AFM/Résultats AFM Dynamo/06062025/Plaque hydrophobique_ethanol_PEI 0.5_Incubation 1h/cell2/force mapp/map-data-2025.06.06-11.56.16.356.jpk-force-map;map-data-2025.06.06-11.56.16.356.jpk-force-map;897;0.142;7.801310208055;[2.5e-05, 2.5e-05];[32, 32];5.7021992422457E-06;paraboloid;0.000000032;False;;False;8.32099070374801E-08;7693588.42108792;-1.71839242133606E-11;;0.5;;-1.92909518210253E-20;5.02269766730691E-22;2.24113758330606E-11;0.958881966090269;5.00887179426261E-09;1.66962393142087E-09;1.005731976418E-06;6.8726139928132E-09;paraboloid;0.000000032;analytical;False;;False;1;467306.893550626;-0.00058513101338198;0.0100000776979705;-3.48611337696492E-11;0.5;5,00E-07;5;157;4.80453467021733E-11;1.7235944249462E-19;4.15161947310468E-10;0.969106741643658;1.07697542440173E-05;2.69243856100434E-06;9.9291559772889E-05;9.7209591901488E-05
C:/Users/rlolo/Documents/Thèse/MEB et AFM/AFM/Résultats AFM Dynamo/06062025/Plaque hydrophobique_ethanol_PEI 0.5_Incubation 1h/cell2/force mapp/map-data-2025.06.06-11.56.16.356.jpk-force-map;map-data-2025.06.06-11.56.16.356.jpk-force-map;898;0.142;7.801310208055;[2.5e-05, 2.5e-05];[32, 32];5.7165804790761E-06;paraboloid;0.000000032;False;;False;6.96535816699618E-08;908810.390557939;-1.56564492202483E-11;;0.5;;6.17065665312424E-22;7.46572617018274E-22;2.73234810560125E-11;0.959170203974482;4.78699132777796E-08;1.59566377592599E-08;1.027493058464E-06;2.66534982671635E-08;paraboloid;0.000000032;analytical;False;;False;1;428049.324997107;-0.000425588010100035;0.0100000000078338;-8.69238854367158E-11;0.5;5,00E-07;5;159;3.33907316382414E-16;1.27740280938902E-19;3.57407723669903E-10;0.970768257971144;1.10489857820058E-07;2.76224644550145E-08;9.933460886998E-05;9.7198238293464E-05
C:/Users/rlolo/Documents/Thèse/MEB et AFM/AFM/Résultats AFM Dynamo/06062025/Plaque hydrophobique_ethanol_PEI 0.5_Incubation 1h/cell2/force mapp/map-data-2025.06.06-11.56.16.356.jpk-force-map;map-data-2025.06.06-11.56.16.356.jpk-force-map;899;0.142;7.801310208055;[2.5e-05, 2.5e-05];[32, 32];5.7289748345023E-06;paraboloid;0.000000032;False;;False;8.81523895048482E-08;13344279.1438275;-1.27427878234269E-11;;0.5;;-2.42129434407107E-19;5.92101362700037E-22;2.43331330226923E-11;0.947868179011314;7.08871836056514E-10;2.36290612018838E-10;1.0356298108812E-06;4.75023808509955E-09;paraboloid;0.000000032;analytical;False;;False;1;457922.962678614;-0.000565953900258395;0.0106506974317873;2.91042381742624E-11;0.5;5,00E-07;5;157;6.98105210497601E-11;1.58361155529282E-19;3.97946171647978E-10;0.970790728164781;2.42322196359563E-07;6.05805490898907E-08;9.9378604101073E-05;9.7202968963474E-05
C:/Users/rlolo/Documents/Thèse/MEB et AFM/AFM/Résultats AFM Dynamo/06062025/Plaque hydrophobique_ethanol_PEI 0.5_Incubation 1h/cell2/force mapp/map-data-2025.06.06-11.56.16.356.jpk-force-map;map-data-2025.06.06-11.56.16.356.jpk-force-map;900;0.142;7.801310208055;[2.5e-05, 2.5e-05];[32, 32];5.7314347829075E-06;paraboloid;0.000000032;False;;False;9.0391359520458E-08;12647332.4534132;-1.86793051730119E-11;;0.5;;-7.34302202620665E-19;7.19595666195101E-22;2.68252803563188E-11;0.93262573347539;1.62247866173689E-08;5.40826220578964E-09;1.0405970143917E-06;4.94174391557185E-09;paraboloid;0.000000032;analytical;False;;False;1;490255.722227864;-0.000495317045412017;0.0136746644741993;8.77470123355559E-11;0.5;5,00E-07;5;157;1.50386766692587E-10;1.78329292674617E-19;4.2229053112119E-10;0.970952004336808;1.01347493248231E-07;2.53368733120578E-08;9.9477475104282E-05;9.719634602546E-05
C:/Users/rlolo/Documents/Thèse/MEB et AFM/AFM/Résultats AFM Dynamo/06062025/Plaque hydrophobique_ethanol_PEI 0.5_Incubation 1h/cell2/force mapp/map-data-2025.06.06-11.56.16.356.jpk-force-map;map-data-2025.06.06-11.56.16.356.jpk-force-map;901;0.142;7.801310208055;[2.5e-05, 2.5e-05];[32, 32];5.7508305299485E-06;paraboloid;0.000000032;False;;False;8.70962156408225E-08;10557721.7381173;-1.46458713525761E-11;;0.5;;2.12775063941341E-20;4.85316032984162E-22;2.20298895363586E-11;0.959830545423967;-5.62493775935245E-09;-1.87497925311748E-09;1.0570597460265E-06;5.6862196530896E-09;paraboloid;0.000000032;analytical;False;;False;1;455134.935851337;-0.000624232098924826;0.0100087834318167;2.84487729174509E-11;0.5;5,00E-07;5;156;7.5770884743925E-11;1.94489754954183E-19;4.41009926140199E-10;0.961078868518663;4.82656588131348E-07;1.20664147032837E-07;0.0000992967635099;9.7202022829472E-05
C:/Users/rlolo/Documents/Thèse/MEB et AFM/AFM/Résultats AFM Dynamo/06062025/Plaque hydrophobique_ethanol_PEI 0.5_Incubation 1h/cell2/force mapp/map-data-2025.06.06-11.56.16.356.jpk-force-map;map-data-2025.06.06-11.56.16.356.jpk-force-map;902;0.142;7.801310208055;[2.5e-05, 2.5e-05];[32, 32];5.7540946922554E-06;paraboloid;0.000000032;False;;False;8.88270560662608E-08;9806067.33473712;-1.68207257221428E-11;;0.5;;-2.14605780853368E-19;7.87109862508444E-22;2.80554782976239E-11;0.936143894675914;-1.00893530581139E-08;-3.36311768603797E-09;1.06313865698935E-06;5.65754039223802E-09;paraboloid;0.000000032;analytical;False;;False;1;464256.958105597;-0.000543207350612964;0.0109518446446309;2.97556288777857E-11;0.5;5,00E-07;5;157;1.22446644662149E-10;1.58463298170263E-19;3.98074488218302E-10;0.971639911750445;1.52822201490978E-06;3.82055503727446E-07;9.9468486831263E-05;9.7190669221448E-05
C:/Users/rlolo/Documents/Thèse/MEB et AFM/AFM/Résultats AFM Dynamo/06062025/Plaque hydrophobique_ethanol_PEI 0.5_Incubation 1h/cell2/force mapp/map-data-2025.06.06-11.56.16.356.jpk-force-map;map-data-2025.06.06-11.56.16.356.jpk-force-map;903;0.142;7.801310208055;[2.5e-05, 2.5e-05];[32, 32];5.7542839190558E-06;paraboloid;0.000000032;False;;False;9.12961331987088E-08;4439948.76887263;-1.70921591787288E-11;;0.5;;-6.36565854204097E-20;5.30809058770147E-22;2.30392937992931E-11;0.950235492356641;1.07794246175056E-09;3.59314153916853E-10;1.06805855379975E-06;9.31558287128185E-09;paraboloid;0.000000032;analytical;False;;False;1;466268.572868837;-0.000574037418815841;0.010000225369339;-4.76717813671075E-11;0.5;5,00E-07;5;157;5.46434037010357E-11;1.64446866333104E-19;4.05520488179209E-10;0.968368147212605;1.38885203442511E-06;3.47213008606278E-07;9.9517685799367E-05;9.718688468544E-05
C:/Users/rlolo/Documents/Thèse/MEB et AFM/AFM/Résultats AFM Dynamo/06062025/Plaque hydrophobique_ethanol_PEI 0.5_Incubation 1h/cell2/force mapp/map-data-2025.06.06-11.56.16.356.jpk-force-map;map-data-2025.06.06-11.56.16.356.jpk-force-map;904;0.142;7.801310208055;[2.5e-05, 2.5e-05];[32, 32];5.7689963027869E-06;paraboloid;0.000000032;False;;False;8.50087148085441E-08;12578792.1987574;-1.56266848262682E-11;;0.5;;-1.59459221562457E-19;5.58646110432175E-22;2.36356956832706E-11;0.949416305669398;9.30764810398487E-09;3.10254936799496E-09;1.0729547972601E-06;4.82746463031219E-09;paraboloid;0.000000032;analytical;False;;False;1;473710.398404661;-0.000636759526836497;0.0100498060862802;3.64860524375777E-11;0.5;5,00E-07;5;156;1.03593100653497E-10;2.22182247084227E-19;4.71362118847311E-10;0.961150253545969;2.78838688300313E-06;6.97096720750781E-07;9.937245423006E-05;9.7190669221448E-05
C:/Users/rlolo/Documents/Thèse/MEB et AFM/AFM/Résultats AFM Dynamo/06062025/Plaque hydrophobique_ethanol_PEI 0.5_Incubation 1h/cell2/force mapp/map-data-2025.06.06-11.56.16.356.jpk-force-map;map-data-2025.06.06-11.56.16.356.jpk-force-map;905;0.142;7.801310208055;[2.5e-05, 2.5e-05];[32, 32];5.7829990860165E-06;paraboloid;0.000000032;False;;False;8.69573358510317E-08;14809786.4054923;-1.10968264477125E-11;;0.5;;-2.72456791409256E-19;8.2216064777625E-22;2.86733438541139E-11;0.921891252343545;4.2411509688758E-09;1.41371698962527E-09;1.0880929412921E-06;4.43636551142113E-09;paraboloid;0.000000032;analytical;False;;False;1;357096.084706489;-0.00104604419393016;0.0100002127346326;5.40770037827647E-11;0.5;5,00E-07;5;152;1.26623432829636E-10;6.9331544858178E-19;8.32655660271267E-10;0.846762377535569;-1.49541941360813E-06;-3.73854853402034E-07;9.9360154488034E-05;9.718688468544E-05
C:/Users/rlolo/Documents/Thèse/MEB et AFM/AFM/Résultats AFM Dynamo/06062025/Plaque hydrophobique_ethanol_PEI 0.5_Incubation 1h/cell2/force mapp/map-data-2025.06.06-11.56.16.356.jpk-force-map;map-data-2025.06.06-11.56.16.356.jpk-force-map;906;0.142;7.801310208055;[2.5e-05, 2.5e-05];[32, 32];5.7817218051138E-06;paraboloid;0.000000032;False;;False;8.40758700425853E-08;9340970.57893398;-1.4801941655439E-11;;0.5;;-5.11506973222911E-19;8.73844821609153E-22;2.95608663879994E-11;0.926072860598359;59689.5992520502;19896.5330840167;1.0857749129872E-06;5.52415040518385E-09;paraboloid;0.000000032;analytical;False;;False;1;514329.00446926;-0.000495072012715241;0.0100782062144664;1.55033171660968E-11;0.5;5,00E-07;5;157;7.29094562176633E-11;1.03992670095004E-19;3.22478945196432E-10;0.98093926588187;1.4403901316462E-07;3.6009753291155E-08;9.9511062861353E-05;9.7169854273404E-05
C:/Users/rlolo/Documents/Thèse/MEB et AFM/AFM/Résultats AFM Dynamo/06062025/Plaque hydrophobique_ethanol_PEI 0.5_Incubation 1h/cell2/force mapp/map-data-2025.06.06-11.56.16.356.jpk-force-map;map-data-2025.06.06-11.56.16.356.jpk-force-map;907;0.142;7.801310208055;[2.5e-05, 2.5e-05];[32, 32];5.7948257610415E-06;paraboloid;0.000000032;False;;False;8.26936807070517E-08;7025933.21860361;-1.39581644631495E-11;;0.5;;-1.42643902733753E-19;6.95776993824285E-22;2.63775850642982E-11;0.941913207041627;-2.18242275048017E-09;-7.27474250160058E-10;1.0984058019139E-06;7.51889406077066E-09;paraboloid;0.000000032;analytical;False;;False;1;474970.673703399;-0.000561864555733255;0.0100177792253238;2.9823054087015E-11;0.5;5,00E-07;5;157;8.41374634704304E-11;1.55331887610672E-19;3.94121666000072E-10;0.972905115570585;2.02957576545338E-06;5.07393941363345E-07;9.9406041987131E-05;9.7183100149432E-05
C:/Users/rlolo/Documents/Thèse/MEB et AFM/AFM/Résultats AFM Dynamo/06062025/Plaque hydrophobique_ethanol_PEI 0.5_Incubation 1h/cell2/force mapp/map-data-2025.06.06-11.56.16.356.jpk-force-map;map-data-2025.06.06-11.56.16.356.jpk-force-map;908;0.142;7.801310208055;[2.5e-05, 2.5e-05];[32, 32];5.821554046598E-06;paraboloid;0.000000032;False;;False;8.59256059243386E-08;15801653.8670021;-1.92122454617297E-12;;0.5;;-4.83676541187664E-19;7.29283247303803E-22;2.70052448110326E-11;0.929327258361095;2.38257378507818E-09;7.94191261692726E-10;1.1256071544714E-06;4.06671674173135E-09;paraboloid;0.000000032;analytical;False;;False;1;533777.330212826;-0.000455484685437544;0.0142937534969809;3.56507019862863E-11;0.5;5,00E-07;5;156;1.20827672407226E-10;1.98473327871845E-19;4.45503454388229E-10;0.962093104104721;1.28108376974904E-07;3.20270942437261E-08;9.9196473305688E-05;9.719161535545E-05
C:/Users/rlolo/Documents/Thèse/MEB et AFM/AFM/Résultats AFM Dynamo/06062025/Plaque hydrophobique_ethanol_PEI 0.5_Incubation 1h/cell2/force mapp/map-data-2025.06.06-11.56.16.356.jpk-force-map;map-data-2025.06.06-11.56.16.356.jpk-force-map;909;0.142;7.801310208055;[2.5e-05, 2.5e-05];[32, 32];7.4321579582026E-06;paraboloid;0.000000032;False;;False;-2.74469287412427E-08;37504.7238379549;8.40539170871966E-11;;0.5;;-2.74907114620731E-19;7.88232946564361E-21;8.87824840024406E-11;0.874209356200782;1.18469919446741E-09;3.94899731489135E-10;2.8152605619431E-06;2.0877011653628E-07;paraboloid;0.000000032;analytical;False;;False;1;46079.0951158297;-0.000141806931098311;0.0100000003578987;-2.60631931617054E-11;0.5;5,00E-07;5;152;1.14396664773873E-10;3.56600815458212E-20;1.88838771299278E-10;0.892053765171208;-3.03042575335114E-08;-7.57606438337785E-09;9.70644406388474E-05;9.7411118443914E-05
C:/Users/rlolo/Documents/Thèse/MEB et AFM/AFM/Résultats AFM Dynamo/06062025/Plaque hydrophobique_ethanol_PEI 0.5_Incubation 1h/cell2/force mapp/map-data-2025.06.06-11.56.16.356.jpk-force-map;map-data-2025.06.06-11.56.16.356.jpk-force-map;910;0.142;7.801310208055;[2.5e-05, 2.5e-05];[32, 32];;;;;;;;;;;;;;;;;;;;;;;;;;;;;;;;;;;;;;;;;;;
C:/Users/rlolo/Documents/Thèse/MEB et AFM/AFM/Résultats AFM Dynamo/06062025/Plaque hydrophobique_ethanol_PEI 0.5_Incubation 1h/cell2/force mapp/map-data-2025.06.06-11.56.16.356.jpk-force-map;map-data-2025.06.06-11.56.16.356.jpk-force-map;911;0.142;7.801310208055;[2.5e-05, 2.5e-05];[32, 32];1.43156376230034E-05;paraboloid;0.000000032;False;;False;-1.63738288740927E-07;15378.4894891835;3.02775853879498E-11;;0.5;;-1.34682454229004E-19;3.18749249367108E-21;5.64578824759757E-11;0.975411749779918;-8.84461570949893E-09;-2.94820523649964E-09;9.7600733634235E-06;4.27121602531417E-07;paraboloid;0.000000032;analytical;False;;False;1;15767.7482351956;0.00043809786446344;0.0278913134944782;-3.04976421665981E-11;0.5;5,00E-07;5;148;4.51166892876369E-11;6.22488239879909E-21;7.88979239194485E-11;0.980257685770437;-9.11948763875716E-09;-2.27987190968929E-09;9.70462947576658E-05;9.7776326168686E-05
C:/Users/rlolo/Documents/Thèse/MEB et AFM/AFM/Résultats AFM Dynamo/06062025/Plaque hydrophobique_ethanol_PEI 0.5_Incubation 1h/cell2/force mapp/map-data-2025.06.06-11.56.16.356.jpk-force-map;map-data-2025.06.06-11.56.16.356.jpk-force-map;912;0.142;7.801310208055;[2.5e-05, 2.5e-05];[32, 32];1.50929340123465E-05;paraboloid;0.000000032;False;;False;-8.8206372055939E-08;13038.0165303103;-1.27777797312252E-10;;0.5;;-1.13992791696336E-19;4.64651583829393E-21;6.81653565845139E-11;0.971866404271872;-2.50670847226557E-08;-8.35569490755189E-09;1.06931270628459E-05;5.09780900419452E-07;paraboloid;0.000000032;analytical;False;;False;1;13196.5131359715;-8.44894727899323E-05;0.0100000000419425;7.92853879164779E-11;0.5;5,00E-07;5;155;7.4508018228972E-12;6.72701252162106E-21;8.20183669772879E-11;0.974301696439737;6.16974915345485E-09;1.54243728836371E-09;9.79852490813458E-05;9.7814644595767E-05
C:/Users/rlolo/Documents/Thèse/MEB et AFM/AFM/Résultats AFM Dynamo/06062025/Plaque hydrophobique_ethanol_PEI 0.5_Incubation 1h/cell2/force mapp/map-data-2025.06.06-11.56.16.356.jpk-force-map;map-data-2025.06.06-11.56.16.356.jpk-force-map;913;0.142;7.801310208055;[2.5e-05, 2.5e-05];[32, 32];1.35671510140212E-05;paraboloid;0.000000032;False;;False;4.98856369789134E-07;23404.1588739896;2.80729130531672E-10;;0.5;;-9.4614002061134E-19;6.41528628459975E-20;2.53284154352375E-10;0.403713304316525;5.07602266788912E-07;1.69200755596304E-07;9.5280813061331E-06;2.77214549401007E-07;paraboloid;0.000000032;analytical;False;;False;1;18562.9589054284;-0.000621501968407962;0.0100013621444743;-4.83172948672158E-12;0.5;5,00E-07;5;141;5.16181177675715E-10;9.63974621114667E-19;9.81822092394883E-10;0.263834919325998;-1.53430671275582E-07;-3.83576678188955E-08;0.000100429285910294;9.7715300525557E-05
C:/Users/rlolo/Documents/Thèse/MEB et AFM/AFM/Résultats AFM Dynamo/06062025/Plaque hydrophobique_ethanol_PEI 0.5_Incubation 1h/cell2/force mapp/map-data-2025.06.06-11.56.16.356.jpk-force-map;map-data-2025.06.06-11.56.16.356.jpk-force-map;914;0.142;7.801310208055;[2.5e-05, 2.5e-05];[32, 32];1.41182977235362E-05;paraboloid;0.000000032;False;;False;-1.21471936853457E-07;15621.6456353017;2.04543626483487E-11;;0.5;;-1.32063619376026E-19;4.50086776695063E-21;6.70885069661759E-11;0.94252213133611;1.27333452451711E-08;4.24444841505704E-09;9.55014988172975E-06;3.63246938585729E-07;paraboloid;0.000000032;analytical;False;;False;1;52477.3163233221;0.00139816524941675;0.0100000000074023;-5.65548240451505E-11;0.5;5,00E-07;5;156;3.77929667570358E-11;2.20161015622367E-20;1.48378238169338E-10;0.938866027601026;8.07187520935013E-09;2.01796880233753E-09;9.80158516562439E-05;9.760791431633E-05
C:/Users/rlolo/Documents/Thèse/MEB et AFM/AFM/Résultats AFM Dynamo/06062025/Plaque hydrophobique_ethanol_PEI 0.5_Incubation 1h/cell2/force mapp/map-data-2025.06.06-11.56.16.356.jpk-force-map;map-data-2025.06.06-11.56.16.356.jpk-force-map;915;0.142;7.801310208055;[2.5e-05, 2.5e-05];[32, 32];1.44225271118793E-05;paraboloid;0.000000032;False;;False;5.67148763216294E-07;6589549.53908262;-2.73814642361972E-11;;0.5;;-1.18799075246442E-17;1.39441840022355E-20;1.18085494461578E-10;0.412420729144277;-7.29215261263474E-08;-2.43071753754491E-08;1.01896655070316E-05;8.29103922917386E-09;paraboloid;0.000000032;analytical;False;;False;1;333580.138012943;-0.000571980103327265;0.0100000000003425;-2.48814895280741E-10;0.5;5,00E-07;5;153;1.76289850196571E-16;1.68351436553286E-19;4.10306515367824E-10;0.890306015579328;1.39858874933895E-07;3.49647187334738E-08;9.8148303151046E-05;9.7553984678216E-05
C:/Users/rlolo/Documents/Thèse/MEB et AFM/AFM/Résultats AFM Dynamo/06062025/Plaque hydrophobique_ethanol_PEI 0.5_Incubation 1h/cell2/force mapp/map-data-2025.06.06-11.56.16.356.jpk-force-map;map-data-2025.06.06-11.56.16.356.jpk-force-map;916;0.142;7.801310208055;[2.5e-05, 2.5e-05];[32, 32];1.39040456787833E-05;paraboloid;0.000000032;False;;False;1.04539776731759E-07;1979110.2959159;-3.00384567450929E-12;;0.5;;-5.49898808074554E-20;1.95398787556396E-21;4.42039350687691E-11;0.889804410420322;1.64881006507492E-09;5.49603355024974E-10;9.21493460482115E-06;1.79042408200452E-08;paraboloid;0.000000032;analytical;False;;False;1;216030.743420083;-0.000532251294941341;0.0100000445775298;2.95034242523125E-11;0.5;5,00E-07;5;151;1.36251832942787E-10;7.3906698251466E-20;2.71857864060369E-10;0.892528648809508;-2.59126534090774E-08;-6.47816335226936E-09;0.000100703191703873;9.7672251428466E-05
C:/Users/rlolo/Documents/Thèse/MEB et AFM/AFM/Résultats AFM Dynamo/06062025/Plaque hydrophobique_ethanol_PEI 0.5_Incubation 1h/cell2/force mapp/map-data-2025.06.06-11.56.16.356.jpk-force-map;map-data-2025.06.06-11.56.16.356.jpk-force-map;917;0.142;7.801310208055;[2.5e-05, 2.5e-05];[32, 32];1.29333121927313E-05;paraboloid;0.000000032;False;;False;2.24156184644838E-08;103598.627441854;2.03664319417898E-11;;0.5;;-2.91746012862666E-19;6.85386259994348E-21;8.27880583172687E-11;0.865515725368839;-9.21731225328123E-09;-3.07243741776041E-09;8.2541118724401E-06;1.14483121611501E-07;paraboloid;0.000000032;analytical;False;;False;1;98402.243729133;-2.28081583919515E-05;0.0101641143822801;3.47776158359032E-11;0.5;5,00E-07;5;147;1.22308385050612E-09;4.19723852254969E-18;2.04871631090048E-09;0.275025366562609;-3.85939495441935E-07;-9.64848738604838E-08;0.000100636962323733;0.0000977356424066
C:/Users/rlolo/Documents/Thèse/MEB et AFM/AFM/Résultats AFM Dynamo/06062025/Plaque hydrophobique_ethanol_PEI 0.5_Incubation 1h/cell2/force mapp/map-data-2025.06.06-11.56.16.356.jpk-force-map;map-data-2025.06.06-11.56.16.356.jpk-force-map;918;0.142;7.801310208055;[2.5e-05, 2.5e-05];[32, 32];1.17473332212243E-05;paraboloid;0.000000032;False;;False;-1.14591746650615E-07;34079.5007192725;-1.34096183219117E-11;;0.5;;-3.25260169223627E-19;3.65619399924499E-21;6.04664700412137E-11;0.924796561284345;2.43786411298635E-08;8.12621370995451E-09;7.0186973993286E-06;2.03201771238911E-07;paraboloid;0.000000032;analytical;False;;False;1;118781.488882785;0.000955409862187884;0.0100158668770167;-1.01965049449214E-10;0.5;5,00E-07;5;155;7.95569162985575E-10;1.88121167751963E-18;1.37157270223624E-09;0.325805822590175;-2.55733044213696E-07;-6.39332610534241E-08;0.000100624189514706;9.7756457354644E-05
C:/Users/rlolo/Documents/Thèse/MEB et AFM/AFM/Résultats AFM Dynamo/06062025/Plaque hydrophobique_ethanol_PEI 0.5_Incubation 1h/cell2/force mapp/map-data-2025.06.06-11.56.16.356.jpk-force-map;map-data-2025.06.06-11.56.16.356.jpk-force-map;919;0.142;7.801310208055;[2.5e-05, 2.5e-05];[32, 32];1.05869471744714E-05;paraboloid;0.000000032;False;;False;3.78607546502331E-08;21479.7360935276;-5.66257732404841E-12;;0.5;;-2.16944418444788E-20;1.45808562745468E-21;3.81848874223125E-11;0.985051217446831;7.57039050368039E-09;2.5234635012268E-09;6.1443749680804E-06;3.36853862339946E-07;paraboloid;0.000000032;analytical;False;;False;1;21897.2413760133;2.47798342751862E-05;0.0100323458258572;-2.97124217831429E-11;0.5;5,00E-07;5;150;7.8970598086723E-10;2.13893444552651E-18;1.46250963946448E-09;0.256242840916352;-2.48496184204273E-07;-6.21240460510682E-08;0.000100666292477795;9.7761661091655E-05
C:/Users/rlolo/Documents/Thèse/MEB et AFM/AFM/Résultats AFM Dynamo/06062025/Plaque hydrophobique_ethanol_PEI 0.5_Incubation 1h/cell2/force mapp/map-data-2025.06.06-11.56.16.356.jpk-force-map;map-data-2025.06.06-11.56.16.356.jpk-force-map;920;0.142;7.801310208055;[2.5e-05, 2.5e-05];[32, 32];5.95356339322705E-06;paraboloid;0.000000032;False;;False;8.40792068096779E-08;15214088.2783837;-1.25674204585452E-11;;0.5;;-3.0980717723642E-19;5.44761871323897E-22;2.33401343467405E-11;0.950982697380322;8.84126770478888E-09;2.94708923492963E-09;1.23235472324705E-06;4.3456511114435E-09;paraboloid;0.000000032;analytical;False;;False;1;574765.088228915;-0.000418538700723956;0.0152922147204851;2.87690508326524E-11;0.5;5,00E-07;5;156;1.57129923791891E-10;3.08979097592826E-19;5.55858882804643E-10;0.946654032448655;5.86413525725698E-08;1.46603381431424E-08;0.000100202213749814;9.7611225785337E-05
C:/Users/rlolo/Documents/Thèse/MEB et AFM/AFM/Résultats AFM Dynamo/06062025/Plaque hydrophobique_ethanol_PEI 0.5_Incubation 1h/cell2/force mapp/map-data-2025.06.06-11.56.16.356.jpk-force-map;map-data-2025.06.06-11.56.16.356.jpk-force-map;921;0.142;7.801310208055;[2.5e-05, 2.5e-05];[32, 32];5.9602099845911E-06;paraboloid;0.000000032;False;;False;8.79762120734023E-08;17343308.5145102;-1.12001867249948E-11;;0.5;;-2.86857137069976E-19;5.91708941868714E-22;2.43250681780897E-11;0.939927888111083;8.9994588728646E-09;2.9998196242882E-09;1.25638652689785E-06;3.856809491803E-09;paraboloid;0.000000032;analytical;False;;False;1;486900.919182012;-0.000640401230840779;0.0100003964656648;5.33212638016586E-11;0.5;5,00E-07;5;155;8.70420674864499E-11;2.43878653185209E-19;4.93840716410878E-10;0.958777167425075;4.2079649485528E-07;1.0519912371382E-07;9.9351166215015E-05;0.0000974044955059
C:/Users/rlolo/Documents/Thèse/MEB et AFM/AFM/Résultats AFM Dynamo/06062025/Plaque hydrophobique_ethanol_PEI 0.5_Incubation 1h/cell2/force mapp/map-data-2025.06.06-11.56.16.356.jpk-force-map;map-data-2025.06.06-11.56.16.356.jpk-force-map;922;0.142;7.801310208055;[2.5e-05, 2.5e-05];[32, 32];5.9643729741999E-06;paraboloid;0.000000032;False;;False;8.75551937564017E-08;18776073.9051124;-1.27792875367579E-11;;0.5;;-7.79101757256528E-19;5.07617953998718E-22;2.25303784699396E-11;0.949286560005515;1.13812207458728E-08;3.79374024862426E-09;1.2642157857644E-06;3.68017067290852E-09;paraboloid;0.000000032;analytical;False;;False;1;472515.731351046;-0.000593167030098341;0.0100608995598092;-5.76441331117008E-11;0.5;5,00E-07;5;156;2.96338553582856E-11;1.61627296456323E-19;4.02028974647752E-10;0.970513112322325;-4.26730220875422E-08;-1.06682555218856E-08;9.9435845208194E-05;9.7325020249732E-05
C:/Users/rlolo/Documents/Thèse/MEB et AFM/AFM/Résultats AFM Dynamo/06062025/Plaque hydrophobique_ethanol_PEI 0.5_Incubation 1h/cell2/force mapp/map-data-2025.06.06-11.56.16.356.jpk-force-map;map-data-2025.06.06-11.56.16.356.jpk-force-map;923;0.142;7.801310208055;[2.5e-05, 2.5e-05];[32, 32];5.9777134636281E-06;paraboloid;0.000000032;False;;False;8.3870643955878E-08;7253884.13606708;-1.45038831230579E-11;;0.5;;-4.30999141379166E-20;6.10750579570161E-22;2.47133684383607E-11;0.94901557407317;2.30468761052207E-08;7.68229203507356E-09;1.27999257024775E-06;7.00701264918291E-09;paraboloid;0.000000032;analytical;False;;False;1;437700.645433529;-0.000637608521349248;0.010001919930828;1.10131013005597E-11;0.5;5,00E-07;5;156;7.71517454605229E-11;1.93926185755963E-19;4.40370509634743E-10;0.961038572817117;5.18287244688237E-06;1.29571811172059E-06;9.9350693148014E-05;9.7266359941608E-05
C:/Users/rlolo/Documents/Thèse/MEB et AFM/AFM/Résultats AFM Dynamo/06062025/Plaque hydrophobique_ethanol_PEI 0.5_Incubation 1h/cell2/force mapp/map-data-2025.06.06-11.56.16.356.jpk-force-map;map-data-2025.06.06-11.56.16.356.jpk-force-map;924;0.142;7.801310208055;[2.5e-05, 2.5e-05];[32, 32];5.9927569942599E-06;paraboloid;0.000000032;False;;False;8.46444092154266E-08;7690666.78303042;-2.02593895022978E-11;;0.5;;1.60658347353316E-20;5.14373682255484E-22;2.26798078090508E-11;0.957727753563992;2.88573370612122E-08;9.61911235373738E-09;1.2960058882316E-06;7.22244830017939E-09;paraboloid;0.000000032;analytical;False;;False;1;446146.578848448;-0.000540573673558205;0.0100001807997469;-6.44511163217693E-11;0.5;5,00E-07;5;157;9.13853386900271E-12;1.19757460127218E-19;3.46059908292217E-10;0.973864946051451;6.32949103168049E-07;1.58237275792012E-07;9.9351166215015E-05;9.7233245251538E-05
C:/Users/rlolo/Documents/Thèse/MEB et AFM/AFM/Résultats AFM Dynamo/06062025/Plaque hydrophobique_ethanol_PEI 0.5_Incubation 1h/cell2/force mapp/map-data-2025.06.06-11.56.16.356.jpk-force-map;map-data-2025.06.06-11.56.16.356.jpk-force-map;925;0.142;7.801310208055;[2.5e-05, 2.5e-05];[32, 32];5.9916216334575E-06;paraboloid;0.000000032;False;;False;8.60728718584318E-08;13078197.0674711;-1.73831110019342E-12;;0.5;;-5.15091126925736E-19;6.90881584152138E-22;2.62846263841078E-11;0.929279435368201;1.917539532364E-09;6.39179844121332E-10;1.2944920738284E-06;4.82281373869595E-09;paraboloid;0.000000032;analytical;False;;False;1;443046.623660068;-0.000651516798217382;0.0109071960310196;8.35754966300626E-11;0.5;5,00E-07;5;156;1.18969196608513E-10;2.05144690854491E-19;4.52929013041217E-10;0.961440376149225;3.69676025667765E-07;9.24190064169412E-08;9.9535189278404E-05;9.7219053241508E-05
C:/Users/rlolo/Documents/Thèse/MEB et AFM/AFM/Résultats AFM Dynamo/06062025/Plaque hydrophobique_ethanol_PEI 0.5_Incubation 1h/cell2/force mapp/map-data-2025.06.06-11.56.16.356.jpk-force-map;map-data-2025.06.06-11.56.16.356.jpk-force-map;926;0.142;7.801310208055;[2.5e-05, 2.5e-05];[32, 32];6.01198716785055E-06;paraboloid;0.000000032;False;;False;8.34000137214712E-08;7678858.01383388;1.09547317542182E-10;;0.5;;-5.58906499279437E-19;7.13731254375839E-21;8.4482616814102E-11;0.544355692863228;6.40570830562345E-07;2.13523610187448E-07;1.3143135811703E-06;6.50639464950589E-09;paraboloid;0.000000032;analytical;False;;False;1;426981.267966568;-0.000635564039640553;0.0100016200067247;6.55289723573136E-11;0.5;5,00E-07;5;156;7.05628813946293E-11;1.85695295133039E-19;4.30923769515026E-10;0.958772057929537;1.5550217135022E-07;3.8875542837555E-08;9.9292978973892E-05;9.7227568447526E-05
C:/Users/rlolo/Documents/Thèse/MEB et AFM/AFM/Résultats AFM Dynamo/06062025/Plaque hydrophobique_ethanol_PEI 0.5_Incubation 1h/cell2/force mapp/map-data-2025.06.06-11.56.16.356.jpk-force-map;map-data-2025.06.06-11.56.16.356.jpk-force-map;927;0.142;7.801310208055;[2.5e-05, 2.5e-05];[32, 32];6.00862839214345E-06;paraboloid;0.000000032;False;;False;8.47015434268608E-08;6855120.39120169;2.07449527838857E-10;;0.5;;2.97073194821725E-20;2.78469994372835E-20;1.66874202431902E-10;0.21604696548448;6.67007075061715E-07;2.22335691687238E-07;1.3125159265665E-06;6.71589537354495E-09;paraboloid;0.000000032;analytical;False;;False;1;432406.285515412;-0.000631905047375023;0.0100000482603003;1.58602811571171E-11;0.5;5,00E-07;5;157;7.76133950030923E-12;1.99749368784547E-19;4.46933293439353E-10;0.959245748521812;6.81623686965924E-07;1.70405921741481E-07;9.9556004226448E-05;9.7187830819442E-05
C:/Users/rlolo/Documents/Thèse/MEB et AFM/AFM/Résultats AFM Dynamo/06062025/Plaque hydrophobique_ethanol_PEI 0.5_Incubation 1h/cell2/force mapp/map-data-2025.06.06-11.56.16.356.jpk-force-map;map-data-2025.06.06-11.56.16.356.jpk-force-map;928;0.142;7.801310208055;[2.5e-05, 2.5e-05];[32, 32];6.0095981794955E-06;paraboloid;0.000000032;False;;False;5.05121838349973E-08;307229.308929815;1.88906453312287E-11;;0.5;;-2.63988879835424E-19;4.12542456221066E-21;6.42294680206107E-11;0.775965312560674;-3.54187503193731E-08;-1.18062501064577E-08;1.3180035037781E-06;4.47447877237828E-08;paraboloid;0.000000032;analytical;False;;False;1;418373.194894448;-0.000178195467711157;0.0100000701132136;8.48632881305834E-11;0.5;5,00E-07;5;163;2.51098006782532E-10;2.14136118846392E-19;4.62748440133937E-10;0.967678552214702;-1.59571662935182E-07;-3.98929157337955E-08;9.951437433036E-05;0.0000972152687055
C:/Users/rlolo/Documents/Thèse/MEB et AFM/AFM/Résultats AFM Dynamo/06062025/Plaque hydrophobique_ethanol_PEI 0.5_Incubation 1h/cell2/force mapp/map-data-2025.06.06-11.56.16.356.jpk-force-map;map-data-2025.06.06-11.56.16.356.jpk-force-map;929;0.142;7.801310208055;[2.5e-05, 2.5e-05];[32, 32];5.99935627892385E-06;paraboloid;0.000000032;False;;False;8.30009453787443E-08;7241632.93289851;-1.44966084539024E-11;;0.5;;-6.10871381135179E-23;6.03683598323483E-22;2.45699735108421E-11;0.946215704507502;2.70953670265219E-08;9.03178900884064E-09;1.30170634559365E-06;7.3122440128809E-09;paraboloid;0.000000032;analytical;False;;False;1;426592.71214425;-0.000530481294898934;0.0100005100271744;-8.52949270641487E-11;0.5;5,00E-07;5;157;2.5407106808684E-11;9.2011362833439E-20;3.03333748259964E-10;0.976268053219464;9.12413183746051E-08;2.28103295936513E-08;9.9616556802576E-05;9.7190669221448E-05
C:/Users/rlolo/Documents/Thèse/MEB et AFM/AFM/Résultats AFM Dynamo/06062025/Plaque hydrophobique_ethanol_PEI 0.5_Incubation 1h/cell2/force mapp/map-data-2025.06.06-11.56.16.356.jpk-force-map;map-data-2025.06.06-11.56.16.356.jpk-force-map;930;0.142;7.801310208055;[2.5e-05, 2.5e-05];[32, 32];5.9993326255738E-06;paraboloid;0.000000032;False;;False;8.64436268759585E-08;20154642.4171465;-1.06807415180083E-11;;0.5;;1.93742288109227E-22;5.1294212289105E-22;2.2648225601381E-11;0.945800149979363;7.16209797842834E-09;2.38736599280945E-09;1.3022030659447E-06;3.65663137086679E-09;paraboloid;0.000000032;analytical;False;;False;1;457789.549956671;-0.000621754588486234;0.0100000583025626;-6.16282035763869E-11;0.5;5,00E-07;5;156;6.97294466510491E-11;1.96111927484219E-19;4.42845263590138E-10;0.959607942949303;1.43920469528525E-06;3.59801173821311E-07;9.9529512474392E-05;9.7190669221448E-05
C:/Users/rlolo/Documents/Thèse/MEB et AFM/AFM/Résultats AFM Dynamo/06062025/Plaque hydrophobique_ethanol_PEI 0.5_Incubation 1h/cell2/force mapp/map-data-2025.06.06-11.56.16.356.jpk-force-map;map-data-2025.06.06-11.56.16.356.jpk-force-map;931;0.142;7.801310208055;[2.5e-05, 2.5e-05];[32, 32];5.9858502160453E-06;paraboloid;0.000000032;False;;False;8.69689495344813E-08;15060322.1415631;-1.32459691518546E-11;;0.5;;-3.70034283473636E-19;6.82246689748563E-22;2.61198524067148E-11;0.936082973357714;1.98182009270822E-08;6.60606697569407E-09;1.29077849787055E-06;4.2918462237037E-09;paraboloid;0.000000032;analytical;False;;False;1;496241.387423947;-0.000465325098187178;0.0151333098287162;9.91799720889787E-11;0.5;5,00E-07;5;157;1.49029197989897E-10;1.92809024309194E-19;4.39100244032264E-10;0.964719434145401;8.34706266147177E-07;2.08676566536794E-07;9.9649671492646E-05;9.7171746541408E-05
C:/Users/rlolo/Documents/Thèse/MEB et AFM/AFM/Résultats AFM Dynamo/06062025/Plaque hydrophobique_ethanol_PEI 0.5_Incubation 1h/cell2/force mapp/map-data-2025.06.06-11.56.16.356.jpk-force-map;map-data-2025.06.06-11.56.16.356.jpk-force-map;932;0.142;7.801310208055;[2.5e-05, 2.5e-05];[32, 32];5.9696713246111E-06;paraboloid;0.000000032;False;;False;8.85941707504216E-08;21867307.6034954;-2.04229804494079E-11;;0.5;;-2.31666710217548E-19;7.80515018672318E-22;2.79376988793336E-11;0.926012089731654;1.1740711016079E-08;3.91357033869299E-09;1.2751909401876E-06;3.28759508002771E-09;paraboloid;0.000000032;analytical;False;;False;1;443723.101271006;-0.00062560271219874;0.0101292456072454;1.17369366810921E-10;0.5;5,00E-07;5;157;2.5818385945908E-10;2.58682771180715E-19;5.08608662117266E-10;0.964393742492185;1.26936173473549E-06;3.17340433683871E-07;9.9674270976698E-05;9.7169854273404E-05
C:/Users/rlolo/Documents/Thèse/MEB et AFM/AFM/Résultats AFM Dynamo/06062025/Plaque hydrophobique_ethanol_PEI 0.5_Incubation 1h/cell2/force mapp/map-data-2025.06.06-11.56.16.356.jpk-force-map;map-data-2025.06.06-11.56.16.356.jpk-force-map;933;0.142;7.801310208055;[2.5e-05, 2.5e-05];[32, 32];5.9626226262962E-06;paraboloid;0.000000032;False;;False;8.84705909922755E-08;24254479.8733079;-1.53724681587486E-11;;0.5;;-1.06609425731513E-18;6.93565289134168E-22;2.63356277528022E-11;0.931310729362565;5.44460064583135E-09;1.81486688194378E-09;1.2674799480713E-06;3.0952347979657E-09;paraboloid;0.000000032;analytical;False;;False;1;459050.552704874;-0.000586256565690429;0.0103550697639933;-1.29060488673073E-12;0.5;5,00E-07;5;156;6.15500286115408E-11;1.69135303905181E-19;4.11260627710921E-10;0.963068738925599;9.64290975010528E-07;2.41072743752632E-07;9.960898773056E-05;9.7175531077416E-05
C:/Users/rlolo/Documents/Thèse/MEB et AFM/AFM/Résultats AFM Dynamo/06062025/Plaque hydrophobique_ethanol_PEI 0.5_Incubation 1h/cell2/force mapp/map-data-2025.06.06-11.56.16.356.jpk-force-map;map-data-2025.06.06-11.56.16.356.jpk-force-map;934;0.142;7.801310208055;[2.5e-05, 2.5e-05];[32, 32];5.9476737090646E-06;paraboloid;0.000000032;False;;False;8.58403888905813E-08;13781762.2740523;-1.73722267250698E-11;;0.5;;-1.1421978228436E-18;5.85027391742251E-22;2.41873394928473E-11;0.940859220938679;-4.5572177633135E-09;-1.51907258777117E-09;1.2508279896361E-06;4.65342276458229E-09;paraboloid;0.000000032;analytical;False;;False;1;473449.600845328;-0.000530851506433979;0.0114989947757412;2.77038647311556E-11;0.5;5,00E-07;5;157;8.32610296863356E-11;1.61856920565151E-19;4.02314454829989E-10;0.969233840914939;-5.13969984532611E-07;-1.28492496133153E-07;9.968467845072E-05;9.7180261747426E-05
C:/Users/rlolo/Documents/Thèse/MEB et AFM/AFM/Résultats AFM Dynamo/06062025/Plaque hydrophobique_ethanol_PEI 0.5_Incubation 1h/cell2/force mapp/map-data-2025.06.06-11.56.16.356.jpk-force-map;map-data-2025.06.06-11.56.16.356.jpk-force-map;935;0.142;7.801310208055;[2.5e-05, 2.5e-05];[32, 32];5.94367629290615E-06;paraboloid;0.000000032;False;;False;9.19696443235089E-08;28089481.4583925;-1.81381684277339E-11;;0.5;;-2.44881161232717E-18;7.03643232589482E-22;2.65262743820063E-11;0.933063317735832;-4.30773765090249E-09;-1.43591255030083E-09;1.2522944973392E-06;2.78455937867624E-09;paraboloid;0.000000032;analytical;False;;False;1;448562.493110203;-0.000628672237021552;0.0110189128427515;9.05598953729854E-11;0.5;5,00E-07;5;157;1.47384230110335E-10;1.97603611684504E-19;4.44526277833498E-10;0.966742065036511;4.10387682219857E-07;1.02596920554964E-07;9.9565938633469E-05;9.7164650536393E-05
C:/Users/rlolo/Documents/Thèse/MEB et AFM/AFM/Résultats AFM Dynamo/06062025/Plaque hydrophobique_ethanol_PEI 0.5_Incubation 1h/cell2/force mapp/map-data-2025.06.06-11.56.16.356.jpk-force-map;map-data-2025.06.06-11.56.16.356.jpk-force-map;936;0.142;7.801310208055;[2.5e-05, 2.5e-05];[32, 32];5.93572876728935E-06;paraboloid;0.000000032;False;;False;-6.60783476346162E-07;2793.78769654223;2.87813948964559E-11;;0.5;;-1.36035991786442E-20;3.54717708559231E-21;5.95581823563506E-11;0.90335259134303;2.41785656797897E-08;8.05952189326324E-09;1.2392378481116E-06;7.50960312582847E-07;paraboloid;0.000000032;analytical;False;;False;1;387347.997266143;0.00679424874734451;0.0100000005686881;-5.23393843561157E-10;0.5;5,00E-07;5;153;4.05939256250942E-18;7.57754458825642E-20;2.75273402061594E-10;0.970025591749415;1.24031213785202E-07;3.10078034463005E-08;9.9628383477601E-05;9.7176004144417E-05
C:/Users/rlolo/Documents/Thèse/MEB et AFM/AFM/Résultats AFM Dynamo/06062025/Plaque hydrophobique_ethanol_PEI 0.5_Incubation 1h/cell2/force mapp/map-data-2025.06.06-11.56.16.356.jpk-force-map;map-data-2025.06.06-11.56.16.356.jpk-force-map;937;0.142;7.801310208055;[2.5e-05, 2.5e-05];[32, 32];8.78226752570655E-06;paraboloid;0.000000032;False;;False;-1.06241793978418E-06;1125.54177074608;4.77665847105752E-10;;0.5;;-1.25094550408121E-17;1.50774256064236E-20;1.22790169013743E-10;0.724334711223689;2.69968863327159E-08;8.99896211090531E-09;4.4479567024944E-06;1.52397414147816E-06;paraboloid;0.000000032;analytical;False;;False;1;250.969642567299;-0.00134491413797803;0.327065439387728;2.89297710783757E-10;0.5;5,00E-07;5;144;4.84172774739942E-10;6.69890338562061E-19;8.1846828806134E-10;0.425303581422473;1.31690920046377E-07;3.29227300115943E-08;9.51958925495164E-05;9.7365230944817E-05
C:/Users/rlolo/Documents/Thèse/MEB et AFM/AFM/Résultats AFM Dynamo/06062025/Plaque hydrophobique_ethanol_PEI 0.5_Incubation 1h/cell2/force mapp/map-data-2025.06.06-11.56.16.356.jpk-force-map;map-data-2025.06.06-11.56.16.356.jpk-force-map;938;0.142;7.801310208055;[2.5e-05, 2.5e-05];[32, 32];1.10173435319812E-05;paraboloid;0.000000032;False;;False;4.50894163047416E-08;40052.7827881483;2.51805225136282E-12;;0.5;;-6.53306881713268E-21;7.16422805880961E-22;2.6766075653352E-11;0.990714898700987;-2.86811496034323E-09;-9.5603832011441E-10;6.4779345104855E-06;2.24746380291967E-07;paraboloid;0.000000032;analytical;False;;False;1;31519.1248328151;-0.000499793789160485;0.0100000000047141;-7.63668252738682E-11;0.5;5,00E-07;5;159;-2.25528912065906E-17;7.02969118624442E-21;8.38432536716248E-11;0.969283637052244;1.05451365917859E-08;2.63628414794647E-09;9.65575561499618E-05;9.7613591120342E-05
C:/Users/rlolo/Documents/Thèse/MEB et AFM/AFM/Résultats AFM Dynamo/06062025/Plaque hydrophobique_ethanol_PEI 0.5_Incubation 1h/cell2/force mapp/map-data-2025.06.06-11.56.16.356.jpk-force-map;map-data-2025.06.06-11.56.16.356.jpk-force-map;939;0.142;7.801310208055;[2.5e-05, 2.5e-05];[32, 32];1.21579553780923E-05;paraboloid;0.000000032;False;;False;-5.16244572659393E-08;27562.1997044938;-8.81286507178859E-12;;0.5;;-4.61150015832649E-20;8.4461256501548E-22;2.90622188591216E-11;0.99303049936298;2.12448596091484E-08;7.08161986971613E-09;7.5982517822537E-06;3.08362728372545E-07;paraboloid;0.000000032;analytical;False;;False;1;21843.2545500614;0.00029632700300682;0.0646453000541766;-8.88186168761019E-11;0.5;5,00E-07;5;150;1.00522283355465E-10;4.90290854886537E-20;2.21425123887633E-10;0.869036808893954;-1.19481794987342E-08;-2.98704487468354E-09;9.76756162832214E-05;0.0000977356424066
C:/Users/rlolo/Documents/Thèse/MEB et AFM/AFM/Résultats AFM Dynamo/06062025/Plaque hydrophobique_ethanol_PEI 0.5_Incubation 1h/cell2/force mapp/map-data-2025.06.06-11.56.16.356.jpk-force-map;map-data-2025.06.06-11.56.16.356.jpk-force-map;940;0.142;7.801310208055;[2.5e-05, 2.5e-05];[32, 32];1.23728224099465E-05;paraboloid;0.000000032;False;;False;-2.87184594790528E-07;13624.8786369666;1.88567072949504E-11;;0.5;;-1.77178175804723E-19;2.70794608866244E-21;5.20379293271978E-11;0.963586752816152;3.92672422950036E-09;1.30890807650012E-09;7.6549252089735E-06;3.77971029487461E-07;paraboloid;0.000000032;analytical;False;;False;1;137760.237169154;0.00255451161972058;0.010000000007403;-6.04404093976403E-11;0.5;5,00E-07;5;161;3.38172437164173E-12;3.15356811886588E-20;1.775828854047E-10;0.95889124592303;5.84904684411259E-09;1.46226171102815E-09;9.81912668222213E-05;9.7576691894264E-05
C:/Users/rlolo/Documents/Thèse/MEB et AFM/AFM/Résultats AFM Dynamo/06062025/Plaque hydrophobique_ethanol_PEI 0.5_Incubation 1h/cell2/force mapp/map-data-2025.06.06-11.56.16.356.jpk-force-map;map-data-2025.06.06-11.56.16.356.jpk-force-map;941;0.142;7.801310208055;[2.5e-05, 2.5e-05];[32, 32];1.2321494640338E-05;paraboloid;0.000000032;False;;False;7.27523249696679E-09;42361.9439769721;1.65366047664255E-10;;0.5;;-6.81470620227558E-20;8.36543734325282E-21;9.14627647912134E-11;0.877780272376422;-2.92961112616599E-07;-9.7653704205533E-08;7.7255068055227E-06;2.03033161776335E-07;paraboloid;0.000000032;analytical;False;;False;1;39935.0580567145;-0.000175156521912627;0.0100000352506635;6.1868955068602E-13;0.5;5,00E-07;5;156;8.7756506346627E-11;4.23613250384865E-20;2.0581867028646E-10;0.878425592316091;-3.08728382985289E-08;-7.71820957463223E-09;0.000100061239783516;9.751330091613E-05
C:/Users/rlolo/Documents/Thèse/MEB et AFM/AFM/Résultats AFM Dynamo/06062025/Plaque hydrophobique_ethanol_PEI 0.5_Incubation 1h/cell2/force mapp/map-data-2025.06.06-11.56.16.356.jpk-force-map;map-data-2025.06.06-11.56.16.356.jpk-force-map;942;0.142;7.801310208055;[2.5e-05, 2.5e-05];[32, 32];1.19481028564487E-05;paraboloid;0.000000032;False;;False;-4.87816787426099E-07;6309.30087701714;7.37154503621371E-11;;0.5;;-4.96841823579262E-20;3.40145692994243E-21;5.83220106815808E-11;0.972425982852829;1.02724957822367E-07;3.42416526074558E-08;7.339626052807E-06;6.87179843607385E-07;paraboloid;0.000000032;analytical;False;;False;1;4312.56362745377;0.00186399427073947;0.18047321648168;-3.79921436590249E-11;0.5;5,00E-07;5;159;1.6997635632162E-11;2.06733839534716E-20;1.43782418791282E-10;0.920510155939464;4.48374365520843E-09;1.12093591380211E-09;0.000100742929331957;0.0000975464156062
C:/Users/rlolo/Documents/Thèse/MEB et AFM/AFM/Résultats AFM Dynamo/06062025/Plaque hydrophobique_ethanol_PEI 0.5_Incubation 1h/cell2/force mapp/map-data-2025.06.06-11.56.16.356.jpk-force-map;map-data-2025.06.06-11.56.16.356.jpk-force-map;943;0.142;7.801310208055;[2.5e-05, 2.5e-05];[32, 32];1.21458921695668E-05;paraboloid;0.000000032;False;;False;3.12820274700094E-08;213263.782683808;1.91055200194367E-10;;0.5;;-3.16070890192066E-18;2.99681600493562E-20;1.73113142335746E-10;0.376830376916204;3.15005928513293E-08;1.05001976171098E-08;7.4344759865075E-06;6.04036039739853E-08;paraboloid;0.000000032;analytical;False;;False;1;110726.858161256;3.94542718435004E-05;0.0427506680526578;-1.07199069550794E-10;0.5;5,00E-07;5;162;3.21243387528516E-10;3.15117706485609E-19;5.61353459493757E-10;0.630496597617182;-8.54817027592295E-08;-2.13704256898074E-08;9.81287723962722E-05;9.7478767025057E-05
C:/Users/rlolo/Documents/Thèse/MEB et AFM/AFM/Résultats AFM Dynamo/06062025/Plaque hydrophobique_ethanol_PEI 0.5_Incubation 1h/cell2/force mapp/map-data-2025.06.06-11.56.16.356.jpk-force-map;map-data-2025.06.06-11.56.16.356.jpk-force-map;944;0.142;7.801310208055;[2.5e-05, 2.5e-05];[32, 32];1.10920644647892E-05;paraboloid;0.000000032;False;;False;-8.15025932128877E-08;53914.103628536;6.56152641951783E-12;;0.5;;-9.00613771983989E-20;3.75541624160631E-21;6.12814510403132E-11;0.937761346451938;9.09968528467228E-10;3.03322842822409E-10;6.36972043400675E-06;1.703607805935E-07;paraboloid;0.000000032;analytical;False;;False;1;74304.344783818;0.000240606495032304;0.0100049818607817;7.91308914783666E-12;0.5;5,00E-07;5;153;4.73065080964651E-10;7.15758941519429E-19;8.46025378767936E-10;0.509552004996235;-1.72987603854392E-07;-4.32469009635979E-08;0.000100562690804576;9.7623998594364E-05
C:/Users/rlolo/Documents/Thèse/MEB et AFM/AFM/Résultats AFM Dynamo/06062025/Plaque hydrophobique_ethanol_PEI 0.5_Incubation 1h/cell2/force mapp/map-data-2025.06.06-11.56.16.356.jpk-force-map;map-data-2025.06.06-11.56.16.356.jpk-force-map;945;0.142;7.801310208055;[2.5e-05, 2.5e-05];[32, 32];9.92690044132615E-06;paraboloid;0.000000032;False;;False;-2.16425013685051E-07;10352.1438388958;-2.42401839480994E-11;;0.5;;-2.9720669141393E-20;9.30642387000857E-21;9.64698080749027E-11;0.944416670805372;1.25017290621253E-07;4.16724302070843E-08;5.4685041437517E-06;5.71063313641308E-07;paraboloid;0.000000032;analytical;False;;False;1;2640.99085488398;0.000494904018153854;0.240683180199353;-1.74011236196748E-10;0.5;5,00E-07;5;144;5.78001519624468E-11;7.42207442859245E-20;2.72434844111256E-10;0.738917087083179;2.7843204424466E-08;6.96080110611651E-09;0.000100599590030654;9.7675562897473E-05
C:/Users/rlolo/Documents/Thèse/MEB et AFM/AFM/Résultats AFM Dynamo/06062025/Plaque hydrophobique_ethanol_PEI 0.5_Incubation 1h/cell2/force mapp/map-data-2025.06.06-11.56.16.356.jpk-force-map;map-data-2025.06.06-11.56.16.356.jpk-force-map;946;0.142;7.801310208055;[2.5e-05, 2.5e-05];[32, 32];5.8342795489249E-06;paraboloid;0.000000032;False;;False;8.19502425364263E-08;10162879.8315518;-1.36900152435037E-11;;0.5;;-1.68547725041039E-19;7.72763597878265E-22;2.77986258271567E-11;0.938675807539565;-1.17574025650206E-08;-3.9191341883402E-09;1.1162404278516E-06;5.94882671910355E-09;paraboloid;0.000000032;analytical;False;;False;1;479849.025762103;-0.000581145274604317;0.0105362141169648;2.29754198856329E-11;0.5;5,00E-07;5;157;1.00587188256412E-10;2.41881599873266E-19;4.91814599085129E-10;0.961863492422616;-2.3362246277574E-07;-5.84056156939349E-08;0.000100168152925742;9.758426096628E-05
C:/Users/rlolo/Documents/Thèse/MEB et AFM/AFM/Résultats AFM Dynamo/06062025/Plaque hydrophobique_ethanol_PEI 0.5_Incubation 1h/cell2/force mapp/map-data-2025.06.06-11.56.16.356.jpk-force-map;map-data-2025.06.06-11.56.16.356.jpk-force-map;947;0.142;7.801310208055;[2.5e-05, 2.5e-05];[32, 32];5.8235882347023E-06;paraboloid;0.000000032;False;;False;9.24002420659413E-08;23267976.8000638;-2.22431633226219E-11;;0.5;;-1.07304367063336E-18;8.47512460556415E-22;2.91120672669671E-11;0.922632733828969;1.92662541680004E-08;6.42208472266679E-09;1.1262221415727E-06;3.22002722749711E-09;paraboloid;0.000000032;analytical;False;;False;1;456733.32373037;-0.000792039678636456;0.0100002114912673;1.77855735349939E-10;0.5;5,00E-07;5;154;2.05038953298846E-10;5.18883789788802E-19;7.20335886783938E-10;0.920623151307619;7.3911194231153E-07;1.84777985577882E-07;9.9526201005385E-05;9.7360973341808E-05
C:/Users/rlolo/Documents/Thèse/MEB et AFM/AFM/Résultats AFM Dynamo/06062025/Plaque hydrophobique_ethanol_PEI 0.5_Incubation 1h/cell2/force mapp/map-data-2025.06.06-11.56.16.356.jpk-force-map;map-data-2025.06.06-11.56.16.356.jpk-force-map;948;0.142;7.801310208055;[2.5e-05, 2.5e-05];[32, 32];5.80137773900535E-06;paraboloid;0.000000032;False;;False;8.79737673322674E-08;15231538.3305917;-2.37473205109145E-11;;0.5;;2.38189913188553E-20;5.77025254219736E-22;2.40213499666388E-11;0.946631369892589;-1.36687127130303E-08;-4.55623757101011E-09;1.1038460724254E-06;4.25516781714603E-09;paraboloid;0.000000032;analytical;False;;False;1;458295.685471603;-0.000628156819587033;0.0100015567669799;1.72383856227608E-11;0.5;5,00E-07;5;156;7.26334970003003E-11;2.22580908582686E-19;4.71784811733788E-10;0.956381730060652;5.17101293619287E-06;1.29275323404822E-06;9.9702654996758E-05;9.7258790869592E-05
C:/Users/rlolo/Documents/Thèse/MEB et AFM/AFM/Résultats AFM Dynamo/06062025/Plaque hydrophobique_ethanol_PEI 0.5_Incubation 1h/cell2/force mapp/map-data-2025.06.06-11.56.16.356.jpk-force-map;map-data-2025.06.06-11.56.16.356.jpk-force-map;949;0.142;7.801310208055;[2.5e-05, 2.5e-05];[32, 32];5.7847021272201E-06;paraboloid;0.000000032;False;;False;8.627934204456E-08;9162125.96551052;-1.9256421461551E-11;;0.5;;-2.20831424403301E-19;7.45262060864658E-22;2.72994882894288E-11;0.931805906122308;5.6887622586711E-08;1.8962540862237E-08;1.0882348613924E-06;5.83702060991862E-09;paraboloid;0.000000032;analytical;False;;False;1;472013.750235524;-0.000586704659805714;0.0101126984516413;3.32224045664405E-11;0.5;5,00E-07;5;157;7.77280325205331E-11;1.8168042298716E-19;4.26239865553611E-10;0.968071690109595;4.93809224694983E-07;1.23452306173746E-07;9.9697924326748E-05;9.7236083653544E-05
C:/Users/rlolo/Documents/Thèse/MEB et AFM/AFM/Résultats AFM Dynamo/06062025/Plaque hydrophobique_ethanol_PEI 0.5_Incubation 1h/cell2/force mapp/map-data-2025.06.06-11.56.16.356.jpk-force-map;map-data-2025.06.06-11.56.16.356.jpk-force-map;950;0.142;7.801310208055;[2.5e-05, 2.5e-05];[32, 32];5.7847021272201E-06;paraboloid;0.000000032;False;;False;8.84633123235115E-08;29642787.024012;-1.62194601665537E-11;;0.5;;6.02325599579902E-23;1.33115424434208E-21;3.64849865608045E-11;0.847220052468031;-9.77134645206996E-09;-3.25711548402332E-09;1.0875252608909E-06;2.49166446678569E-09;paraboloid;0.000000032;analytical;False;;False;1;359459.770628238;-0.00131055469113307;0.0100000000106609;-6.06857299884529E-11;0.5;5,00E-07;5;151;1.76574772159676E-11;1.26134546897913E-18;1.12309637564152E-09;0.810110202704796;3.16372041114499E-05;7.90930102786246E-06;9.954275835042E-05;9.7220945509512E-05
C:/Users/rlolo/Documents/Thèse/MEB et AFM/AFM/Résultats AFM Dynamo/06062025/Plaque hydrophobique_ethanol_PEI 0.5_Incubation 1h/cell2/force mapp/map-data-2025.06.06-11.56.16.356.jpk-force-map;map-data-2025.06.06-11.56.16.356.jpk-force-map;951;0.142;7.801310208055;[2.5e-05, 2.5e-05];[32, 32];5.7726862253947E-06;paraboloid;0.000000032;False;;False;8.64664329255223E-08;13209466.3958154;-2.35199395342338E-11;;0.5;;-5.99895365323703E-19;6.34529858358921E-22;2.51898761084472E-11;0.943677181046836;1.40272177554088E-08;4.67573925180294E-09;1.07681029331825E-06;4.7356243998764E-09;paraboloid;0.000000032;analytical;False;;False;1;486505.176013871;-0.000540892427877979;0.0100381774330869;-1.26999053280118E-12;0.5;5,00E-07;5;157;7.31699686860302E-11;1.443225996217E-19;3.79898143746057E-10;0.973564583024038;3.52691330125671E-07;8.81728325314177E-08;9.966102510067E-05;9.7189723087446E-05
C:/Users/rlolo/Documents/Thèse/MEB et AFM/AFM/Résultats AFM Dynamo/06062025/Plaque hydrophobique_ethanol_PEI 0.5_Incubation 1h/cell2/force mapp/map-data-2025.06.06-11.56.16.356.jpk-force-map;map-data-2025.06.06-11.56.16.356.jpk-force-map;952;0.142;7.801310208055;[2.5e-05, 2.5e-05];[32, 32];5.764786006478E-06;paraboloid;0.000000032;False;;False;8.51178785624368E-08;14387565.8286988;-2.24381476777214E-11;;0.5;;-1.81939778488369E-19;7.47565822858569E-22;2.73416499659141E-11;0.931190764295546;-2.7598659360713E-08;-9.19955312023765E-09;1.06805855379975E-06;4.83476668279353E-09;paraboloid;0.000000032;analytical;False;;False;1;487214.020981452;-0.00046482344157917;0.015434862644929;1.33244366141697E-10;0.5;5,00E-07;5;157;1.57351472042646E-10;1.7654662153746E-19;4.20174513193578E-10;0.968106259075445;-9.51486702428032E-08;-2.37871675607008E-08;9.9608514663559E-05;9.7174584943414E-05
C:/Users/rlolo/Documents/Thèse/MEB et AFM/AFM/Résultats AFM Dynamo/06062025/Plaque hydrophobique_ethanol_PEI 0.5_Incubation 1h/cell2/force mapp/map-data-2025.06.06-11.56.16.356.jpk-force-map;map-data-2025.06.06-11.56.16.356.jpk-force-map;953;0.142;7.801310208055;[2.5e-05, 2.5e-05];[32, 32];5.7603864833687E-06;paraboloid;0.000000032;False;;False;7.93705592058232E-08;3818049.61656264;-2.19679332210594E-11;;0.5;;-1.51327822225163E-19;7.02928378772068E-22;2.65127965098378E-11;0.949844200399241;7.41319180759457E-08;2.47106393586486E-08;1.06465247139255E-06;1.11889984525175E-08;paraboloid;0.000000032;analytical;False;;False;1;580028.069037156;-0.000320087872796285;0.0100000282091931;-9.04275172838208E-11;0.5;5,00E-07;5;158;5.38087959933536E-12;8.798884959661E-20;2.96629144887366E-10;0.98336228290156;1.05781867340409E-07;2.64454668351023E-08;9.9576819174492E-05;9.7175531077416E-05
C:/Users/rlolo/Documents/Thèse/MEB et AFM/AFM/Résultats AFM Dynamo/06062025/Plaque hydrophobique_ethanol_PEI 0.5_Incubation 1h/cell2/force mapp/map-data-2025.06.06-11.56.16.356.jpk-force-map;map-data-2025.06.06-11.56.16.356.jpk-force-map;954;0.142;7.801310208055;[2.5e-05, 2.5e-05];[32, 32];5.75241530440185E-06;paraboloid;0.000000032;False;;False;8.18752848189243E-08;4529826.21983834;-2.06470428107376E-11;;0.5;;-2.07748924227987E-19;6.28445401808336E-22;2.50688133306771E-11;0.952820920836098;-116138.711540112;-38712.903846704;1.057769346528E-06;9.48287792772418E-09;paraboloid;0.000000032;analytical;False;;False;1;426473.885169423;-0.000509452711461357;0.0100026376249998;6.64103911271388E-12;0.5;5,00E-07;5;158;7.63731360322835E-11;1.13806110710162E-19;3.37351612876184E-10;0.974694815572507;2.13794146607072E-07;5.3448536651768E-08;9.9612772266568E-05;9.7165596670395E-05
C:/Users/rlolo/Documents/Thèse/MEB et AFM/AFM/Résultats AFM Dynamo/06062025/Plaque hydrophobique_ethanol_PEI 0.5_Incubation 1h/cell2/force mapp/map-data-2025.06.06-11.56.16.356.jpk-force-map;map-data-2025.06.06-11.56.16.356.jpk-force-map;955;0.142;7.801310208055;[2.5e-05, 2.5e-05];[32, 32];5.7417476435293E-06;paraboloid;0.000000032;False;;False;8.75481355836669E-08;44784307.9032175;-2.07104789283303E-11;;0.5;;-3.06854922746906E-18;5.75046160263204E-22;2.39801201052706E-11;0.944200486973945;4.46569813918319E-09;1.4885660463944E-09;1.0456588313024E-06;2.40218157706358E-09;paraboloid;0.000000032;analytical;False;;False;1;481864.477532744;-0.000551284576579766;0.0100000965839317;2.68892961648743E-11;0.5;5,00E-07;5;157;8.35379598481961E-11;1.50391565175456E-19;3.87803513619276E-10;0.972739915714179;2.23153883206336E-05;5.57884708015841E-06;9.9626964276598E-05;0.0000971679620054
C:/Users/rlolo/Documents/Thèse/MEB et AFM/AFM/Résultats AFM Dynamo/06062025/Plaque hydrophobique_ethanol_PEI 0.5_Incubation 1h/cell2/force mapp/map-data-2025.06.06-11.56.16.356.jpk-force-map;map-data-2025.06.06-11.56.16.356.jpk-force-map;956;0.142;7.801310208055;[2.5e-05, 2.5e-05];[32, 32];5.7358343060168E-06;paraboloid;0.000000032;False;;False;8.77781710329635E-08;41805109.3030746;-2.37477566605652E-11;;0.5;;-1.26660437680862E-22;7.41443577944981E-22;2.72294615801521E-11;0.925462844577285;-5.22222609068207E-08;-1.74074203022736E-08;1.03976914713995E-06;2.20876469791648E-09;paraboloid;0.000000032;analytical;False;;False;1;594176.062529971;-0.000403266640551984;0.0166361807482788;7.49164099177146E-11;0.5;5,00E-07;5;156;1.04909910200312E-10;2.25270347090718E-19;4.74626534330644E-10;0.95817614292952;-4.42506184009164E-07;-1.10626546002291E-07;9.9577765308494E-05;9.7176477211418E-05
C:/Users/rlolo/Documents/Thèse/MEB et AFM/AFM/Résultats AFM Dynamo/06062025/Plaque hydrophobique_ethanol_PEI 0.5_Incubation 1h/cell2/force mapp/map-data-2025.06.06-11.56.16.356.jpk-force-map;map-data-2025.06.06-11.56.16.356.jpk-force-map;957;0.142;7.801310208055;[2.5e-05, 2.5e-05];[32, 32];5.7273664066989E-06;paraboloid;0.000000032;False;;False;8.76681049144063E-08;37142067.4344296;-1.9014998233158E-11;;0.5;;-3.74724816479995E-23;1.10592649702792E-21;3.32554731890545E-11;0.900616819649581;4.60973458725647E-09;1.53657819575216E-09;1.03234199522425E-06;2.23653725877432E-09;paraboloid;0.000000032;analytical;False;;False;1;582741.998224299;-0.000428233799216917;0.0157917894432649;8.93414404660398E-11;0.5;5,00E-07;5;157;1.14218269196493E-10;2.69070612538672E-19;5.18720167854184E-10;0.958482865318221;4.03468067714503E-08;1.00867016928626E-08;9.9592903452526E-05;9.7164177469392E-05
C:/Users/rlolo/Documents/Thèse/MEB et AFM/AFM/Résultats AFM Dynamo/06062025/Plaque hydrophobique_ethanol_PEI 0.5_Incubation 1h/cell2/force mapp/map-data-2025.06.06-11.56.16.356.jpk-force-map;map-data-2025.06.06-11.56.16.356.jpk-force-map;958;0.142;7.801310208055;[2.5e-05, 2.5e-05];[32, 32];5.69630955808325E-06;paraboloid;0.000000032;False;;False;8.41609420470461E-08;7942121.38580854;-1.89490798072634E-11;;0.5;;-1.11614088239244E-19;5.50335686273129E-22;2.3459234562814E-11;0.946467553937968;1460.03320920179;486.677736400598;1.0003863193067E-06;6.48720482284033E-09;paraboloid;0.000000032;analytical;False;;False;1;363734.084542063;-0.00110416077145884;0.0100000815395042;1.88688236282855E-11;0.5;5,00E-07;5;155;4.24500304908434E-11;9.42500649375214E-19;9.70824726392573E-10;0.868286866262925;2.08006215677955E-06;5.20015539194887E-07;9.9818083345002E-05;9.7171273474407E-05
C:/Users/rlolo/Documents/Thèse/MEB et AFM/AFM/Résultats AFM Dynamo/06062025/Plaque hydrophobique_ethanol_PEI 0.5_Incubation 1h/cell2/force mapp/map-data-2025.06.06-11.56.16.356.jpk-force-map;map-data-2025.06.06-11.56.16.356.jpk-force-map;959;0.142;7.801310208055;[2.5e-05, 2.5e-05];[32, 32];5.6941571032287E-06;paraboloid;0.000000032;False;;False;9.03919723807391E-08;11195137.6258075;-2.28009986106615E-11;;0.5;;-2.93545966859179E-19;6.00469452121183E-22;2.45044782054461E-11;0.947336170677288;-4.98903993083966E-08;-1.66301331027989E-08;1.0036977883137E-06;5.44623541902401E-09;paraboloid;0.000000032;analytical;False;;False;1;458330.54570301;-0.000594506692284672;0.0104990780825871;-4.74075804110866E-11;0.5;5,00E-07;5;158;5.93883603256055E-11;1.76314994176503E-19;4.1989879039657E-10;0.969601867807311;-1.41149708147112E-07;-3.5287427036778E-08;9.955221969044E-05;9.7169854273404E-05
C:/Users/rlolo/Documents/Thèse/MEB et AFM/AFM/Résultats AFM Dynamo/06062025/Plaque hydrophobique_ethanol_PEI 0.5_Incubation 1h/cell2/force mapp/map-data-2025.06.06-11.56.16.356.jpk-force-map;map-data-2025.06.06-11.56.16.356.jpk-force-map;960;0.142;7.801310208055;[2.5e-05, 2.5e-05];[32, 32];5.70733201920655E-06;paraboloid;0.000000032;False;;False;8.58826028820704E-08;15077237.5233843;-2.01326878791941E-11;;0.5;;-2.67211072567585E-19;6.36167070923115E-22;2.52223526048447E-11;0.937477281697618;1.70597250084626E-08;5.68657500282088E-09;1.0112668603297E-06;4.25678303175658E-09;paraboloid;0.000000032;analytical;False;;False;1;494388.944274759;-0.000487424155276457;0.0136875249230284;8.14720818310579E-11;0.5;5,00E-07;5;157;1.46544375698095E-10;1.7880367386883E-19;4.22851834415827E-10;0.970691807999093;-2.06217153530473E-07;-5.15542883826183E-08;0.0000993913769101;9.7197292159462E-05
C:/Users/rlolo/Documents/Thèse/MEB et AFM/AFM/Résultats AFM Dynamo/06062025/Plaque hydrophobique_ethanol_PEI 0.5_Incubation 1h/cell2/force mapp/map-data-2025.06.06-11.56.16.356.jpk-force-map;map-data-2025.06.06-11.56.16.356.jpk-force-map;961;0.142;7.801310208055;[2.5e-05, 2.5e-05];[32, 32];5.7138366904703E-06;paraboloid;0.000000032;False;;False;8.64922616778609E-08;10276639.4021811;-1.81523598581767E-11;;0.5;;-8.39877484058964E-20;5.35542888900998E-22;2.31417996037689E-11;0.952284546071795;1.05421079181699E-08;3.5140359727233E-09;1.0204443601491E-06;5.762749122507E-09;paraboloid;0.000000032;analytical;False;;False;1;454980.387502918;-0.000537175645342169;0.0108714369924528;2.6419638146802E-11;0.5;5,00E-07;5;157;9.17897467654208E-11;1.61892567184659E-19;4.02358754328347E-10;0.96791959224693;-4.44521047772202E-07;-1.11130261943051E-07;9.9411718791143E-05;9.718688468544E-05
C:/Users/rlolo/Documents/Thèse/MEB et AFM/AFM/Résultats AFM Dynamo/06062025/Plaque hydrophobique_ethanol_PEI 0.5_Incubation 1h/cell2/force mapp/map-data-2025.06.06-11.56.16.356.jpk-force-map;map-data-2025.06.06-11.56.16.356.jpk-force-map;962;0.142;7.801310208055;[2.5e-05, 2.5e-05];[32, 32];5.7267041128975E-06;paraboloid;0.000000032;False;;False;8.76090238523697E-08;44688719.7566726;-1.96105298943238E-11;;0.5;;-3.71286965191942E-19;9.29449704699894E-22;3.04868775820007E-11;0.905016197657443;1.21248271142516E-08;4.04160903808387E-09;1.0305679939705E-06;2.15357938652952E-09;paraboloid;0.000000032;analytical;False;;False;1;493356.747586062;-0.000572288826647621;0.0112113214884098;1.50635140804223E-10;0.5;5,00E-07;5;156;1.68624525883002E-10;2.56921873149955E-19;5.06874612848144E-10;0.957158649754724;6.38554917626889E-07;1.59638729406722E-07;9.935353155002E-05;9.7192561489452E-05
C:/Users/rlolo/Documents/Thèse/MEB et AFM/AFM/Résultats AFM Dynamo/06062025/Plaque hydrophobique_ethanol_PEI 0.5_Incubation 1h/cell2/force mapp/map-data-2025.06.06-11.56.16.356.jpk-force-map;map-data-2025.06.06-11.56.16.356.jpk-force-map;963;0.142;7.801310208055;[2.5e-05, 2.5e-05];[32, 32];5.7357869993167E-06;paraboloid;0.000000032;False;;False;8.28024509427471E-08;6768385.25677749;-1.45846546300284E-11;;0.5;;-2.18983058219516E-19;6.42821091587289E-22;2.53539166912587E-11;0.944187910481624;9.07372020073833E-09;3.02457340024611E-09;1.04043144094135E-06;7.09684822097682E-09;paraboloid;0.000000032;analytical;False;;False;1;459289.555800261;-0.000606979909770006;0.010001824067128;-2.25594467643334E-13;0.5;5,00E-07;5;157;6.63675000961297E-11;1.80922939499059E-19;4.25350372633032E-10;0.967059781865597;4.29457069809836E-07;1.07364267452459E-07;9.9395161446108E-05;9.7173638809412E-05
C:/Users/rlolo/Documents/Thèse/MEB et AFM/AFM/Résultats AFM Dynamo/06062025/Plaque hydrophobique_ethanol_PEI 0.5_Incubation 1h/cell2/force mapp/map-data-2025.06.06-11.56.16.356.jpk-force-map;map-data-2025.06.06-11.56.16.356.jpk-force-map;964;0.142;7.801310208055;[2.5e-05, 2.5e-05];[32, 32];5.7440183651341E-06;paraboloid;0.000000032;False;;False;8.58575797555668E-08;14130583.3788264;-2.06830460834229E-11;;0.5;;-4.15703557570459E-19;7.73308153574157E-22;2.78084187535746E-11;0.926048733480589;-8.76598180223735E-09;-2.92199393407912E-09;1.04842627325825E-06;4.32701236665521E-09;paraboloid;0.000000032;analytical;False;;False;1;484140.119126212;-0.000608020657973891;0.0100186049467506;8.26456672326142E-11;0.5;5,00E-07;5;156;1.35244206323423E-10;2.43262066776158E-19;4.93216044727013E-10;0.95905421136301;1.14962434814161E-07;2.87406087035403E-08;9.941976093016E-05;9.7202022829472E-05
C:/Users/rlolo/Documents/Thèse/MEB et AFM/AFM/Résultats AFM Dynamo/06062025/Plaque hydrophobique_ethanol_PEI 0.5_Incubation 1h/cell2/force mapp/map-data-2025.06.06-11.56.16.356.jpk-force-map;map-data-2025.06.06-11.56.16.356.jpk-force-map;965;0.142;7.801310208055;[2.5e-05, 2.5e-05];[32, 32];5.7582576818642E-06;paraboloid;0.000000032;False;;False;8.60595169200828E-08;18020375.5551406;-1.45752423789519E-11;;0.5;;1.08475873054584E-17;5.3695979283902E-22;2.31723929027414E-11;0.950655723050613;1.92280794578229E-08;6.4093598192743E-09;1.062500016538E-06;4.07817239477761E-09;paraboloid;0.000000032;analytical;False;;False;1;500901.215560052;-0.00055775573473309;0.0107412969608273;-4.33813061357462E-11;0.5;5,00E-07;5;157;4.58685126788642E-11;1.87270036552992E-19;4.32747081507191E-10;0.969391417794511;-1.67370316492178E-07;-4.18425791230445E-08;9.9349747014012E-05;9.7184046283434E-05
C:/Users/rlolo/Documents/Thèse/MEB et AFM/AFM/Résultats AFM Dynamo/06062025/Plaque hydrophobique_ethanol_PEI 0.5_Incubation 1h/cell2/force mapp/map-data-2025.06.06-11.56.16.356.jpk-force-map;map-data-2025.06.06-11.56.16.356.jpk-force-map;966;0.142;7.801310208055;[2.5e-05, 2.5e-05];[32, 32];5.7786468696073E-06;paraboloid;0.000000032;False;;False;8.86222888183088E-08;15035036.9900309;-1.74118507571645E-11;;0.5;;-2.20234064042873E-19;5.60864146340948E-22;2.36825705180191E-11;0.950804407558861;-82594.5058281379;-27531.5019427126;1.0863425933884E-06;4.50799792261266E-09;paraboloid;0.000000032;analytical;False;;False;1;449808.079175394;-0.000652259161767232;0.0100000164071611;3.41418857040887E-11;0.5;5,00E-07;5;156;1.00751300382082E-10;2.29349310757018E-19;4.78904281414375E-10;0.956416886397576;-1.56358523710613E-06;-3.90896309276532E-07;9.9276421628857E-05;9.7170800407406E-05
C:/Users/rlolo/Documents/Thèse/MEB et AFM/AFM/Résultats AFM Dynamo/06062025/Plaque hydrophobique_ethanol_PEI 0.5_Incubation 1h/cell2/force mapp/map-data-2025.06.06-11.56.16.356.jpk-force-map;map-data-2025.06.06-11.56.16.356.jpk-force-map;967;0.142;7.801310208055;[2.5e-05, 2.5e-05];[32, 32];5.7823840989152E-06;paraboloid;0.000000032;False;;False;6.8899921893906E-08;1075127.63641963;-1.81116726361046E-11;;0.5;;-2.27765545186959E-20;9.5196327434848E-22;3.08539020927415E-11;0.945807652633992;-1333.8395909838;-444.613196994601;1.08944118224495E-06;2.41736103748192E-08;paraboloid;0.000000032;analytical;False;;False;1;438597.432221883;-0.000433413762806759;0.0100000000123568;-5.1981173735824E-11;0.5;5,00E-07;5;159;-1.92405233900171E-17;1.52341946149897E-19;3.90310064115566E-10;0.967341184351378;3.21026529663677E-08;8.02566324159193E-09;9.9464702295255E-05;9.718215401543E-05
C:/Users/rlolo/Documents/Thèse/MEB et AFM/AFM/Résultats AFM Dynamo/06062025/Plaque hydrophobique_ethanol_PEI 0.5_Incubation 1h/cell2/force mapp/map-data-2025.06.06-11.56.16.356.jpk-force-map;map-data-2025.06.06-11.56.16.356.jpk-force-map;968;0.142;7.801310208055;[2.5e-05, 2.5e-05];[32, 32];5.7784576428069E-06;paraboloid;0.000000032;False;;False;8.86030643064241E-08;29887824.045803;-1.50482786599556E-11;;0.5;;-2.9462408917017E-23;6.09468459498036E-22;2.46874150023456E-11;0.946289763023432;2.33885414662454E-08;7.79618048874846E-09;1.0844030186843E-06;3.10640656422576E-09;paraboloid;0.000000032;analytical;False;;False;1;491794.360758792;-0.000531779048718394;0.0118354946709167;5.3093326286066E-11;0.5;5,00E-07;5;157;7.7528876395273E-11;1.67901319818229E-19;4.0975763546056E-10;0.968579581685021;1.40844797088254E-07;3.52111992720636E-08;9.9556004226448E-05;9.7148566258359E-05
C:/Users/rlolo/Documents/Thèse/MEB et AFM/AFM/Résultats AFM Dynamo/06062025/Plaque hydrophobique_ethanol_PEI 0.5_Incubation 1h/cell2/force mapp/map-data-2025.06.06-11.56.16.356.jpk-force-map;map-data-2025.06.06-11.56.16.356.jpk-force-map;969;0.142;7.801310208055;[2.5e-05, 2.5e-05];[32, 32];5.7966707223454E-06;paraboloid;0.000000032;False;;False;8.62072332209907E-08;23900641.6085433;-1.30205524187784E-11;;0.5;;-7.37783231579827E-19;7.35659891380304E-22;2.71230509231595E-11;0.934932146624504;1.90875333052554E-08;6.36251110175179E-09;1.1006765235187E-06;3.11001178777285E-09;paraboloid;0.000000032;analytical;False;;False;1;488565.646512583;-0.000542767645625679;0.0120191734141374;2.51216419195835E-11;0.5;5,00E-07;5;156;6.30970751396666E-11;2.06270777674576E-19;4.54170428005364E-10;0.960293844390765;1.89326671912899E-07;4.73316679782248E-08;9.9328932065968E-05;9.7194453757456E-05
C:/Users/rlolo/Documents/Thèse/MEB et AFM/AFM/Résultats AFM Dynamo/06062025/Plaque hydrophobique_ethanol_PEI 0.5_Incubation 1h/cell2/force mapp/map-data-2025.06.06-11.56.16.356.jpk-force-map;map-data-2025.06.06-11.56.16.356.jpk-force-map;970;0.142;7.801310208055;[2.5e-05, 2.5e-05];[32, 32];5.80123581890505E-06;paraboloid;0.000000032;False;;False;8.64343457930502E-08;21263963.7048756;-1.65912582945166E-11;;0.5;;-3.55210588668402E-19;5.67224286892401E-22;2.38164709159943E-11;0.949399547008476;3.23838114783974E-08;1.07946038261325E-08;1.10557276697905E-06;3.7038456930209E-09;paraboloid;0.000000032;analytical;False;;False;1;475668.761333987;-0.000542574341377533;0.01006699831346;3.03096156362602E-11;0.5;5,00E-07;5;157;9.58996561832545E-11;1.46286513886536E-19;3.82474200288772E-10;0.973566982115064;1.38557197399572E-07;3.46392993498929E-08;9.9445306548214E-05;9.7187830819442E-05
C:/Users/rlolo/Documents/Thèse/MEB et AFM/AFM/Résultats AFM Dynamo/06062025/Plaque hydrophobique_ethanol_PEI 0.5_Incubation 1h/cell2/force mapp/map-data-2025.06.06-11.56.16.356.jpk-force-map;map-data-2025.06.06-11.56.16.356.jpk-force-map;971;0.142;7.801310208055;[2.5e-05, 2.5e-05];[32, 32];5.8131807606803E-06;paraboloid;0.000000032;False;;False;8.46583159816077E-08;9004466.0578392;-1.92481987935229E-11;;0.5;;-1.12976854002749E-19;6.18143156375894E-22;2.4862484919571E-11;0.939421802349375;9.62185756320425E-09;3.20728585440142E-09;1.11730482860385E-06;5.89768571908395E-09;paraboloid;0.000000032;analytical;False;;False;1;438814.539953972;-0.000662555240702797;0.0100000041483615;-3.74162249985111E-11;0.5;5,00E-07;5;156;2.71007368740927E-11;2.07111563701545E-19;4.55095115005143E-10;0.958007551035955;8.71852996231169E-07;2.17963249057792E-07;9.9388538508094E-05;9.7184992417436E-05
C:/Users/rlolo/Documents/Thèse/MEB et AFM/AFM/Résultats AFM Dynamo/06062025/Plaque hydrophobique_ethanol_PEI 0.5_Incubation 1h/cell2/force mapp/map-data-2025.06.06-11.56.16.356.jpk-force-map;map-data-2025.06.06-11.56.16.356.jpk-force-map;972;0.142;7.801310208055;[2.5e-05, 2.5e-05];[32, 32];5.8260954898076E-06;paraboloid;0.000000032;False;;False;8.63476037627901E-08;24218656.1378734;-1.89380972455772E-11;;0.5;;-1.19027030391411E-22;5.16715545800986E-22;2.27313780004862E-11;0.948847399314151;1.85554614120875E-08;6.18515380402918E-09;1.1297228373801E-06;3.47497861859125E-09;paraboloid;0.000000032;analytical;False;;False;1;470534.62678252;-0.000624281176877593;0.0100730342516532;-3.28759252163514E-12;0.5;5,00E-07;5;156;5.52268551025625E-11;2.1110770246875E-19;4.5946458238775E-10;0.960370831591366;5.48803831320261E-07;1.37200957830065E-07;9.9368669694052E-05;9.7197292159462E-05
C:/Users/rlolo/Documents/Thèse/MEB et AFM/AFM/Résultats AFM Dynamo/06062025/Plaque hydrophobique_ethanol_PEI 0.5_Incubation 1h/cell2/force mapp/map-data-2025.06.06-11.56.16.356.jpk-force-map;map-data-2025.06.06-11.56.16.356.jpk-force-map;973;0.142;7.801310208055;[2.5e-05, 2.5e-05];[32, 32];5.8326711211215E-06;paraboloid;0.000000032;False;;False;8.68231341373557E-08;11348839.5289531;-1.21574245946409E-11;;0.5;;-1.18682889202414E-19;5.64771582429808E-22;2.37649233625907E-11;0.939352053776723;3.11107858446331E-09;1.0370261948211E-09;1.1380015098976E-06;5.41285651691247E-09;paraboloid;0.000000032;analytical;False;;False;1;483944.22437293;-0.000553387643205498;0.0112379743470244;7.09487281196214E-11;0.5;5,00E-07;5;157;1.03033871266592E-10;1.79324364237844E-19;4.23467075742429E-10;0.969057736917551;2.40702953229357E-07;6.01757383073393E-08;9.9444360414212E-05;9.7190669221448E-05
C:/Users/rlolo/Documents/Thèse/MEB et AFM/AFM/Résultats AFM Dynamo/06062025/Plaque hydrophobique_ethanol_PEI 0.5_Incubation 1h/cell2/force mapp/map-data-2025.06.06-11.56.16.356.jpk-force-map;map-data-2025.06.06-11.56.16.356.jpk-force-map;974;0.142;7.801310208055;[2.5e-05, 2.5e-05];[32, 32];5.9717055127154E-06;paraboloid;0.000000032;False;;False;-2.85801144574819E-07;12124.0182774727;5.07167571061965E-12;;0.5;;-2.19371634999288E-19;4.00947976240758E-21;6.33204529548517E-11;0.965688294613416;5.93056357676869E-09;1.97685452558956E-09;1.363370629174E-06;4.63580805370844E-07;paraboloid;0.000000032;analytical;False;;False;1;3883.15762173356;0.00147067526321147;0.266962050221899;-3.58280172233552E-11;0.5;5,00E-07;5;151;3.97558123311203E-10;5.20956208896039E-19;7.21772962153639E-10;0.431939674370435;-1.17532812643873E-07;-2.93832031609683E-08;9.79338291703476E-05;9.7163704402391E-05
C:/Users/rlolo/Documents/Thèse/MEB et AFM/AFM/Résultats AFM Dynamo/06062025/Plaque hydrophobique_ethanol_PEI 0.5_Incubation 1h/cell2/force mapp/map-data-2025.06.06-11.56.16.356.jpk-force-map;map-data-2025.06.06-11.56.16.356.jpk-force-map;975;0.142;7.801310208055;[2.5e-05, 2.5e-05];[32, 32];6.6388719042257E-06;paraboloid;0.000000032;False;;False;1.50825042037721E-06;2.50674250312777E-05;-2.193466885033E-10;;0.5;;3.46095101386871E-15;8.10199396497622E-20;2.8464001765346E-10;-4.80947126568765E-09;8.61667137388263E-07;2.87222379129421E-07;5.94556856091015E-06;2.59588270144293E-06;paraboloid;0.000000032;analytical;False;;False;1;10.0471750657764;-0.0638856968806336;0.470349612599049;-5.28370392699622E-10;0.5;5,00E-07;5;150;2.79765274542412E-10;4.15144062258379E-19;6.44316740631795E-10;0.628551611739125;-7.85692998018693E-08;-1.96423249504673E-08;9.77467771519431E-05;9.731934344572E-05
C:/Users/rlolo/Documents/Thèse/MEB et AFM/AFM/Résultats AFM Dynamo/06062025/Plaque hydrophobique_ethanol_PEI 0.5_Incubation 1h/cell2/force mapp/map-data-2025.06.06-11.56.16.356.jpk-force-map;map-data-2025.06.06-11.56.16.356.jpk-force-map;976;0.142;7.801310208055;[2.5e-05, 2.5e-05];[32, 32];1.07918797993046E-05;paraboloid;0.000000032;False;;False;-3.43492352177319E-07;7977.90273681366;3.21187784450149E-11;;0.5;;-4.9013482576757E-20;3.19259673727269E-21;5.65030683881211E-11;0.97851352926361;-7.08885451286281E-09;-2.3629515042876E-09;6.28021615741755E-06;6.18877419276038E-07;paraboloid;0.000000032;analytical;False;;False;1;13779.3119550973;0.00121348189908912;0.02458247331871;6.55739549976706E-11;0.5;5,00E-07;5;112;2.16330663514488E-11;7.43539939940542E-21;8.62287620194411E-11;0.970385723837703;4.86942305737662E-10;1.21735576434415E-10;8.73533398585664E-05;9.7233245251538E-05
C:/Users/rlolo/Documents/Thèse/MEB et AFM/AFM/Résultats AFM Dynamo/06062025/Plaque hydrophobique_ethanol_PEI 0.5_Incubation 1h/cell2/force mapp/map-data-2025.06.06-11.56.16.356.jpk-force-map;map-data-2025.06.06-11.56.16.356.jpk-force-map;977;0.142;7.801310208055;[2.5e-05, 2.5e-05];[32, 32];1.05001393797879E-05;paraboloid;0.000000032;False;;False;9.19822546965094E-07;32459.2141610843;4.61671706503346E-11;;0.5;;-1.74865137459623E-18;4.78839425399875E-20;2.18823999003737E-10;0.549910378447781;-4.23770184895509E-08;-1.41256728298503E-08;6.8787641804328E-06;2.6542139964166E-07;paraboloid;0.000000032;analytical;False;;False;1;18250.3882055626;-1.74028295525583E-05;0.0931761421825588;-6.55604506755555E-10;0.5;5,00E-07;5;145;2.06957997505928E-09;1.40587702278812E-17;3.74950266407176E-09;0.107576221353014;-5.73289606767174E-07;-1.43322401691794E-07;0.000100719275981907;9.7550200142208E-05
C:/Users/rlolo/Documents/Thèse/MEB et AFM/AFM/Résultats AFM Dynamo/06062025/Plaque hydrophobique_ethanol_PEI 0.5_Incubation 1h/cell2/force mapp/map-data-2025.06.06-11.56.16.356.jpk-force-map;map-data-2025.06.06-11.56.16.356.jpk-force-map;978;0.142;7.801310208055;[2.5e-05, 2.5e-05];[32, 32];1.20820754311319E-05;paraboloid;0.000000032;False;;False;-2.81313366257447E-08;28949.9543971616;1.13816104346995E-12;;0.5;;-4.38742506271157E-20;8.20701632795634E-22;2.86478905470479E-11;0.991515455310763;-5.0021137994868E-10;-1.6673712664956E-10;7.5213310878911E-06;2.82021534071689E-07;paraboloid;0.000000032;analytical;False;;False;1;31475.5239762797;7.66996488964777E-05;0.0100002608492286;-7.4386766983155E-11;0.5;5,00E-07;5;149;1.60132465348128E-11;1.27166029117937E-20;1.12767916145479E-10;0.954618800316074;-6.31582805605253E-09;-1.57895701401313E-09;9.72707104397262E-05;9.7713881324554E-05
C:/Users/rlolo/Documents/Thèse/MEB et AFM/AFM/Résultats AFM Dynamo/06062025/Plaque hydrophobique_ethanol_PEI 0.5_Incubation 1h/cell2/force mapp/map-data-2025.06.06-11.56.16.356.jpk-force-map;map-data-2025.06.06-11.56.16.356.jpk-force-map;979;0.142;7.801310208055;[2.5e-05, 2.5e-05];[32, 32];1.25016858610189E-05;paraboloid;0.000000032;False;;False;-1.48048567635003E-08;17449.6330829704;-2.13345375985413E-11;;0.5;;-1.29070200342529E-21;1.47918377330121E-21;3.84601582589205E-11;0.98994095408562;3.2537474424925E-08;1.08458248083083E-08;8.0987093626116E-06;4.23694765480892E-07;paraboloid;0.000000032;analytical;False;;False;1;6001.85991539693;7.18850834054152E-05;0.159279043356993;-1.34395503083217E-10;0.5;5,00E-07;5;148;8.85402203384814E-20;1.33513626592432E-20;1.15548096735702E-10;0.936771482860259;1.64217691303548E-08;4.1054422825887E-09;9.80935322812324E-05;9.7652382614424E-05
C:/Users/rlolo/Documents/Thèse/MEB et AFM/AFM/Résultats AFM Dynamo/06062025/Plaque hydrophobique_ethanol_PEI 0.5_Incubation 1h/cell2/force mapp/map-data-2025.06.06-11.56.16.356.jpk-force-map;map-data-2025.06.06-11.56.16.356.jpk-force-map;980;0.142;7.801310208055;[2.5e-05, 2.5e-05];[32, 32];1.21086854499382E-05;paraboloid;0.000000032;False;;False;-1.80088550935198E-07;7144.46371255807;-3.13539303864956E-11;;0.5;;-5.00293844239478E-20;7.20232429758676E-21;8.48665086921028E-11;0.972783012289226;5.38308272026836E-08;1.79436090675612E-08;7.9556065948091E-06;8.35188808957554E-07;paraboloid;0.000000032;analytical;False;;False;1;2341.24765596424;0.000545103613621818;0.20556986384482;-1.02471423988908E-10;0.5;5,00E-07;5;152;1.63775369640808E-11;4.58008757343492E-20;2.14011391599487E-10;0.839151293199005;-4.25592227842052E-09;-1.06398056960513E-09;0.00010072542585292;9.7562026817233E-05
C:/Users/rlolo/Documents/Thèse/MEB et AFM/AFM/Résultats AFM Dynamo/06062025/Plaque hydrophobique_ethanol_PEI 0.5_Incubation 1h/cell2/force mapp/map-data-2025.06.06-11.56.16.356.jpk-force-map;map-data-2025.06.06-11.56.16.356.jpk-force-map;981;0.142;7.801310208055;[2.5e-05, 2.5e-05];[32, 32];7.6548779022734E-06;paraboloid;0.000000032;False;;False;1.62459524665636E-06;5063.09550898655;2.43986564407049E-11;;0.5;;-2.20793387798041E-19;4.01949959765663E-21;6.33995236390356E-11;0.954797307686856;-1.13531837872759E-07;-3.78439459575862E-08;5.321995293542E-06;8.53339948816699E-07;paraboloid;0.000000032;analytical;False;;False;1;5138.03648495823;0.000643798004933808;0.0465983514440685;-9.08347319438E-11;0.5;5,00E-07;5;144;-1.38040001631703E-19;6.94356093573949E-21;8.33280321124859E-11;0.967131464167239;1.41194755144977E-08;3.52986887862444E-09;0.000100161529987728;9.7643867408406E-05
C:/Users/rlolo/Documents/Thèse/MEB et AFM/AFM/Résultats AFM Dynamo/06062025/Plaque hydrophobique_ethanol_PEI 0.5_Incubation 1h/cell2/force mapp/map-data-2025.06.06-11.56.16.356.jpk-force-map;map-data-2025.06.06-11.56.16.356.jpk-force-map;982;0.142;7.801310208055;[2.5e-05, 2.5e-05];[32, 32];5.9491875234678E-06;paraboloid;0.000000032;False;;False;7.98449354196069E-08;7289548.30093857;-2.44812280705385E-10;;0.5;;-5.51651450470195E-19;1.11080617745833E-19;3.33287590146757E-10;0.143502750031348;1.1300575756518E-07;3.76685858550599E-08;1.2315268559953E-06;7.91367461765813E-09;paraboloid;0.000000032;analytical;False;;False;1;489152.086309793;-0.000475499179857841;0.0122993167710299;-6.26471409285062E-10;0.5;5,00E-07;5;156;2.17724431953146E-10;2.60303340315163E-19;5.10199314302913E-10;0.959741982235254;1.25287366189705E-07;3.13218415474261E-08;0.00010049835369244;9.7568649755247E-05
C:/Users/rlolo/Documents/Thèse/MEB et AFM/AFM/Résultats AFM Dynamo/06062025/Plaque hydrophobique_ethanol_PEI 0.5_Incubation 1h/cell2/force mapp/map-data-2025.06.06-11.56.16.356.jpk-force-map;map-data-2025.06.06-11.56.16.356.jpk-force-map;983;0.142;7.801310208055;[2.5e-05, 2.5e-05];[32, 32];5.9477210157647E-06;paraboloid;0.000000032;False;;False;8.87329118193671E-08;10257882.2963517;-1.43698318687732E-11;;0.5;;-4.24844779968759E-19;6.96643746272749E-22;2.63940096664518E-11;0.941085710520216;4.33080989794364E-08;1.44360329931455E-08;1.2495034020333E-06;5.44139392632338E-09;paraboloid;0.000000032;analytical;False;;False;1;469483.998891305;-0.000573949677461461;0.0102585161206959;-3.04100033590174E-11;0.5;5,00E-07;5;156;5.85358215920476E-11;1.64643819098498E-19;4.05763254988051E-10;0.969011991331596;-1.12996563744362E-07;-2.82491409360904E-08;9.9431114538184E-05;9.7346781331778E-05
C:/Users/rlolo/Documents/Thèse/MEB et AFM/AFM/Résultats AFM Dynamo/06062025/Plaque hydrophobique_ethanol_PEI 0.5_Incubation 1h/cell2/force mapp/map-data-2025.06.06-11.56.16.356.jpk-force-map;map-data-2025.06.06-11.56.16.356.jpk-force-map;984;0.142;7.801310208055;[2.5e-05, 2.5e-05];[32, 32];5.95233341902445E-06;paraboloid;0.000000032;False;;False;8.74233902814116E-08;15237528.8040169;-1.53992502641576E-11;;0.5;;-3.21407815405541E-21;4.71113444170857E-22;2.17051478725868E-11;0.95764657026345;-8.27567974888044E-09;-2.75855991629348E-09;1.2553694328457E-06;4.80121457027076E-09;paraboloid;0.000000032;analytical;False;;False;1;434923.180498654;-0.000628117334431884;0.0100008117087479;-9.27881095278863E-11;0.5;5,00E-07;5;156;2.15954073515962E-11;1.5134195528693E-19;3.89026933883671E-10;0.968177062851422;-5.55093715660528E-06;-1.38773428915132E-06;9.9436791342196E-05;9.7260683137596E-05
C:/Users/rlolo/Documents/Thèse/MEB et AFM/AFM/Résultats AFM Dynamo/06062025/Plaque hydrophobique_ethanol_PEI 0.5_Incubation 1h/cell2/force mapp/map-data-2025.06.06-11.56.16.356.jpk-force-map;map-data-2025.06.06-11.56.16.356.jpk-force-map;985;0.142;7.801310208055;[2.5e-05, 2.5e-05];[32, 32];5.96699849605545E-06;paraboloid;0.000000032;False;;False;8.64689504503769E-08;13542106.3890899;-1.99838001513998E-11;;0.5;;-5.29695200551954E-19;4.58106445684162E-22;2.14034213546377E-11;0.955355019619287;7.20274401099273E-09;2.40091467033091E-09;1.26915933592485E-06;4.75157520958235E-09;paraboloid;0.000000032;analytical;False;;False;1;452163.62362184;-0.000640708745500148;0.010347529845877;1.49445075158713E-12;0.5;5,00E-07;5;156;5.56080131122305E-11;1.95484350439854E-19;4.42136122070855E-10;0.961083397392585;3.44458998740597E-08;8.61147496851493E-09;9.935353155002E-05;9.7237029787546E-05
C:/Users/rlolo/Documents/Thèse/MEB et AFM/AFM/Résultats AFM Dynamo/06062025/Plaque hydrophobique_ethanol_PEI 0.5_Incubation 1h/cell2/force mapp/map-data-2025.06.06-11.56.16.356.jpk-force-map;map-data-2025.06.06-11.56.16.356.jpk-force-map;986;0.142;7.801310208055;[2.5e-05, 2.5e-05];[32, 32];5.9714216725148E-06;paraboloid;0.000000032;False;;False;9.1073790393972E-08;9299268.69520225;-1.94732941579016E-11;;0.5;;-4.40380351208593E-19;5.27666280212309E-22;2.29709877935693E-11;0.957731485851487;6.96580172415086E-08;2.32193390805029E-08;1.2807258240993E-06;6.24371373054739E-09;paraboloid;0.000000032;analytical;False;;False;1;447539.233576624;-0.000525696678255109;0.0100000024294015;1.78894756115419E-11;0.5;5,00E-07;5;157;8.10907891732156E-11;1.14587708670389E-19;3.38508062932612E-10;0.976128752354877;1.1385189189313E-07;2.84629729732826E-08;9.9472744434272E-05;9.7245544993564E-05
C:/Users/rlolo/Documents/Thèse/MEB et AFM/AFM/Résultats AFM Dynamo/06062025/Plaque hydrophobique_ethanol_PEI 0.5_Incubation 1h/cell2/force mapp/map-data-2025.06.06-11.56.16.356.jpk-force-map;map-data-2025.06.06-11.56.16.356.jpk-force-map;987;0.142;7.801310208055;[2.5e-05, 2.5e-05];[32, 32];5.9801734120333E-06;paraboloid;0.000000032;False;;False;8.54114847438466E-08;15924025.1647621;-1.71076369855405E-11;;0.5;;-1.11331189488377E-19;6.48169642759382E-22;2.54591760031503E-11;0.940440632634756;1.16867570542794E-08;3.8955856847598E-09;1.2823342519027E-06;4.08443060589468E-09;paraboloid;0.000000032;analytical;False;;False;1;447917.972059424;-0.000643958611593129;0.0100267997220311;2.92974647264565E-11;0.5;5,00E-07;5;156;7.71068113685655E-11;2.11990562227874E-19;4.60424328449175E-10;0.959302790443721;1.95329408077235E-08;4.88323520193089E-09;9.941976093016E-05;9.7232299117536E-05
C:/Users/rlolo/Documents/Thèse/MEB et AFM/AFM/Résultats AFM Dynamo/06062025/Plaque hydrophobique_ethanol_PEI 0.5_Incubation 1h/cell2/force mapp/map-data-2025.06.06-11.56.16.356.jpk-force-map;map-data-2025.06.06-11.56.16.356.jpk-force-map;988;0.142;7.801310208055;[2.5e-05, 2.5e-05];[32, 32];6.0000422260753E-06;paraboloid;0.000000032;False;;False;8.74802343122558E-08;28014709.2954307;-1.61804401858253E-11;;0.5;;-3.12735981132816E-19;6.14683381636273E-22;2.47928090711051E-11;0.938340500238612;1.2595999528449E-09;4.198666509483E-10;1.3040480272486E-06;2.83749171070992E-09;paraboloid;0.000000032;analytical;False;;False;1;471200.730250949;-0.000574459617868126;0.0106387872336919;5.88600311556698E-11;0.5;5,00E-07;5;157;1.14484616267503E-10;1.60904371230307E-19;4.01128871100432E-10;0.973762909944216;4.49455376703625E-07;1.12363844175906E-07;9.9262229618827E-05;9.7213376437496E-05
C:/Users/rlolo/Documents/Thèse/MEB et AFM/AFM/Résultats AFM Dynamo/06062025/Plaque hydrophobique_ethanol_PEI 0.5_Incubation 1h/cell2/force mapp/map-data-2025.06.06-11.56.16.356.jpk-force-map;map-data-2025.06.06-11.56.16.356.jpk-force-map;989;0.142;7.801310208055;[2.5e-05, 2.5e-05];[32, 32];5.999900305975E-06;paraboloid;0.000000032;False;;False;8.54970865029323E-08;10232489.5900782;-2.10932139088163E-11;;0.5;;-1.94872928036165E-19;7.58912523676983E-22;2.75483669874819E-11;0.924054102328477;-2.14341113599652E-09;-7.14470378665508E-10;1.302818053046E-06;5.279696444503E-09;paraboloid;0.000000032;analytical;False;;False;1;498647.092745123;-0.000548861323126157;0.0105186015808292;1.42004780563379E-11;0.5;5,00E-07;5;157;8.69649898128364E-11;1.84230951158474E-19;4.29221331201601E-10;0.96896392675683;-4.46719312900292E-07;-1.11679828225073E-07;9.9513428196358E-05;9.7197292159462E-05
C:/Users/rlolo/Documents/Thèse/MEB et AFM/AFM/Résultats AFM Dynamo/06062025/Plaque hydrophobique_ethanol_PEI 0.5_Incubation 1h/cell2/force mapp/map-data-2025.06.06-11.56.16.356.jpk-force-map;map-data-2025.06.06-11.56.16.356.jpk-force-map;990;0.142;7.801310208055;[2.5e-05, 2.5e-05];[32, 32];6.0122946614012E-06;paraboloid;0.000000032;False;;False;8.58742406144636E-08;11028365.4402922;-1.72385873597651E-11;;0.5;;-2.83960825464186E-19;8.21741584510944E-22;2.86660353818058E-11;0.924790146269712;1.05025714638704E-08;3.50085715462345E-09;1.3154962486728E-06;5.04574636502322E-09;paraboloid;0.000000032;analytical;False;;False;1;476495.833508974;-0.000580067150400633;0.0100008130635133;-9.52633789987613E-11;0.5;5,00E-07;5;157;1.78298939052893E-11;1.73974397145485E-19;4.17102382090399E-10;0.970038933400115;-1.61479011334774E-07;-4.03697528336936E-08;9.9399419049117E-05;9.7219526308509E-05
C:/Users/rlolo/Documents/Thèse/MEB et AFM/AFM/Résultats AFM Dynamo/06062025/Plaque hydrophobique_ethanol_PEI 0.5_Incubation 1h/cell2/force mapp/map-data-2025.06.06-11.56.16.356.jpk-force-map;map-data-2025.06.06-11.56.16.356.jpk-force-map;991;0.142;7.801310208055;[2.5e-05, 2.5e-05];[32, 32];6.02371922947535E-06;paraboloid;0.000000032;False;;False;8.45941163394112E-08;7709933.83388344;-1.59672222639924E-11;;0.5;;-7.09098222552765E-20;5.81500158031512E-22;2.41143143802911E-11;0.954083214558419;1.32249779261093E-08;4.40832597536977E-09;1.3282217509997E-06;6.93373875746036E-09;paraboloid;0.000000032;analytical;False;;False;1;418428.352952033;-0.00055836460092862;0.0103974717290258;7.63127299540966E-11;0.5;5,00E-07;5;157;1.14948178317184E-10;1.28424914406127E-19;3.58364220320789E-10;0.972927572017491;-1.24089804342144E-07;-3.1022451085536E-08;9.9374346498064E-05;9.7209118834487E-05
C:/Users/rlolo/Documents/Thèse/MEB et AFM/AFM/Résultats AFM Dynamo/06062025/Plaque hydrophobique_ethanol_PEI 0.5_Incubation 1h/cell2/force mapp/map-data-2025.06.06-11.56.16.356.jpk-force-map;map-data-2025.06.06-11.56.16.356.jpk-force-map;992;0.142;7.801310208055;[2.5e-05, 2.5e-05];[32, 32];6.02736184538305E-06;paraboloid;0.000000032;False;;False;8.25441931066876E-08;5266694.88876023;-1.40586464350298E-11;;0.5;;-1.08721588655728E-19;7.23277672148052E-22;2.6893822192988E-11;0.938061186552149;-53845.3624644762;-17948.4541548254;1.331202073106E-06;8.64973582812474E-09;paraboloid;0.000000032;analytical;False;;False;1;417187.349919153;-0.000586708790869901;0.0100530125795131;4.93718842027296E-11;0.5;5,00E-07;5;157;1.12148835618923E-10;1.42885841442194E-19;3.78002435762251E-10;0.97010354324247;-1.01232501460948E-06;-2.5308125365237E-07;9.9477475104282E-05;9.7211011102491E-05
C:/Users/rlolo/Documents/Thèse/MEB et AFM/AFM/Résultats AFM Dynamo/06062025/Plaque hydrophobique_ethanol_PEI 0.5_Incubation 1h/cell2/force mapp/map-data-2025.06.06-11.56.16.356.jpk-force-map;map-data-2025.06.06-11.56.16.356.jpk-force-map;993;0.142;7.801310208055;[2.5e-05, 2.5e-05];[32, 32];6.0088412722939E-06;paraboloid;0.000000032;False;;False;8.58744193527201E-08;12079889.390257;-2.01347627862681E-11;;0.5;;-4.96534507537982E-19;4.81817014835564E-22;2.19503306315774E-11;0.957318057968647;-1.30448287643472E-09;-4.3482762547824E-10;1.31305995361765E-06;5.33186121745753E-09;paraboloid;0.000000032;analytical;False;;False;1;475187.827961123;-0.000598930914826509;0.0100100926403909;-2.09011249635818E-11;0.5;5,00E-07;5;157;5.61964250159637E-11;1.85595938880061E-19;4.30808471225975E-10;0.966376039549091;7.88400931509088E-08;1.97100232877272E-08;9.9679001646708E-05;9.7173638809412E-05
C:/Users/rlolo/Documents/Thèse/MEB et AFM/AFM/Résultats AFM Dynamo/06062025/Plaque hydrophobique_ethanol_PEI 0.5_Incubation 1h/cell2/force mapp/map-data-2025.06.06-11.56.16.356.jpk-force-map;map-data-2025.06.06-11.56.16.356.jpk-force-map;994;0.142;7.801310208055;[2.5e-05, 2.5e-05];[32, 32];6.00403964223375E-06;paraboloid;0.000000032;False;;False;8.76445261841752E-08;21490370.4280986;-1.69954339162841E-11;;0.5;;-4.86368985727165E-19;7.90250254074873E-22;2.8111390112815E-11;0.919615926097112;9.25700283800666E-09;3.08566761266889E-09;1.3076906431563E-06;3.24082282736515E-09;paraboloid;0.000000032;analytical;False;;False;1;478836.210071826;-0.000648427696853795;0.0100005279954538;5.10461647117926E-11;0.5;5,00E-07;5;156;1.11253676071754E-10;2.52030984263003E-19;5.02026876036536E-10;0.956742432750043;-1.26259294680571E-06;-3.15648236701427E-07;9.9597634122536E-05;9.7172219608409E-05
C:/Users/rlolo/Documents/Thèse/MEB et AFM/AFM/Résultats AFM Dynamo/06062025/Plaque hydrophobique_ethanol_PEI 0.5_Incubation 1h/cell2/force mapp/map-data-2025.06.06-11.56.16.356.jpk-force-map;map-data-2025.06.06-11.56.16.356.jpk-force-map;995;0.142;7.801310208055;[2.5e-05, 2.5e-05];[32, 32];5.9996637724745E-06;paraboloid;0.000000032;False;;False;8.81760188131814E-08;24958428.8631984;-1.53847213237066E-11;;0.5;;-8.36896274624247E-19;9.24564948391312E-22;3.04066596059369E-11;0.904728450633015;-8.52222726929564E-10;-2.84074242309855E-10;1.3036222669477E-06;2.92207155632968E-09;paraboloid;0.000000032;analytical;False;;False;1;591178.12095933;-0.000368573137583711;0.0178749178350613;1.55128748641048E-10;0.5;5,00E-07;5;156;1.2745929749526E-10;3.23643173003934E-19;5.68896451917161E-10;0.93592334812184;8.96014617712534E-07;2.24003654428133E-07;9.9582495978504E-05;9.7175531077416E-05
C:/Users/rlolo/Documents/Thèse/MEB et AFM/AFM/Résultats AFM Dynamo/06062025/Plaque hydrophobique_ethanol_PEI 0.5_Incubation 1h/cell2/force mapp/map-data-2025.06.06-11.56.16.356.jpk-force-map;map-data-2025.06.06-11.56.16.356.jpk-force-map;996;0.142;7.801310208055;[2.5e-05, 2.5e-05];[32, 32];5.9779973038287E-06;paraboloid;0.000000032;False;;False;8.37951605880318E-08;8810988.25412938;-1.45397985658815E-11;;0.5;;-4.03482823112397E-19;6.99277689488648E-22;2.64438592018761E-11;0.939085558488327;1.20575822517215E-08;4.01919408390718E-09;1.2815773447011E-06;5.99280779263827E-09;paraboloid;0.000000032;analytical;False;;False;1;445126.141323646;-0.000590336844423849;0.0100001301640502;1.9973378674017E-12;0.5;5,00E-07;5;157;6.48252732750468E-11;1.57594793409506E-19;3.96982107165431E-10;0.967703157983548;1.77139709299498E-07;4.42849273248744E-08;9.9709277934772E-05;9.7164650536393E-05
C:/Users/rlolo/Documents/Thèse/MEB et AFM/AFM/Résultats AFM Dynamo/06062025/Plaque hydrophobique_ethanol_PEI 0.5_Incubation 1h/cell2/force mapp/map-data-2025.06.06-11.56.16.356.jpk-force-map;map-data-2025.06.06-11.56.16.356.jpk-force-map;997;0.142;7.801310208055;[2.5e-05, 2.5e-05];[32, 32];5.98081205248465E-06;paraboloid;0.000000032;False;;False;8.04550744405793E-08;1180154.25036796;-2.04611253778371E-11;;0.5;;-2.05800652825477E-20;6.29603168226854E-22;2.5091894472655E-11;0.96532179885764;-2.77644181666971E-08;-9.2548060555657E-09;1.2986077567371E-06;2.35734588003425E-08;paraboloid;0.000000032;analytical;False;;False;1;393618.869077832;-0.000371172803588993;0.0100000449305576;-3.17706069037868E-11;0.5;5,00E-07;5;159;6.87027246760191E-11;6.73546740085949E-20;2.59527790436005E-10;0.97995029236613;2.81375959618561E-07;7.03439899046403E-08;9.9516266598364E-05;9.7184046283434E-05
C:/Users/rlolo/Documents/Thèse/MEB et AFM/AFM/Résultats AFM Dynamo/06062025/Plaque hydrophobique_ethanol_PEI 0.5_Incubation 1h/cell2/force mapp/map-data-2025.06.06-11.56.16.356.jpk-force-map;map-data-2025.06.06-11.56.16.356.jpk-force-map;998;0.142;7.801310208055;[2.5e-05, 2.5e-05];[32, 32];5.965366414902E-06;paraboloid;0.000000032;False;;False;7.57925895256311E-08;2725381.70500711;-1.87487829657428E-11;;0.5;;-1.38952958406658E-19;6.9128552854675E-22;2.62923093041815E-11;0.954926460400625;-3.90323984917786E-09;-1.30107994972595E-09;1.2685206954735E-06;1.32724082385184E-08;paraboloid;0.000000032;analytical;False;;False;1;462044.782280314;-0.000498752587559399;0.0100000599289256;-2.02247794235679E-11;0.5;5,00E-07;5;158;3.90227537703559E-11;1.3736025341229E-19;3.70621442191747E-10;0.971686641017845;2.61146635745512E-07;6.52866589363781E-08;9.9667648038684E-05;9.7169854273404E-05
C:/Users/rlolo/Documents/Thèse/MEB et AFM/AFM/Résultats AFM Dynamo/06062025/Plaque hydrophobique_ethanol_PEI 0.5_Incubation 1h/cell2/force mapp/map-data-2025.06.06-11.56.16.356.jpk-force-map;map-data-2025.06.06-11.56.16.356.jpk-force-map;999;0.142;7.801310208055;[2.5e-05, 2.5e-05];[32, 32];5.95862521013775E-06;paraboloid;0.000000032;False;;False;8.52660459789732E-08;6783961.6352939;-1.39722818146932E-11;;0.5;;-6.21842025286661E-20;7.42138879314267E-22;2.72422260344904E-11;0.936534327777381;4.77473474177435E-09;1.59157824725812E-09;1.2647361594655E-06;7.68667499289E-09;paraboloid;0.000000032;analytical;False;;False;1;479336.494312411;-0.000547898713821144;0.010042398464762;8.67835631836376E-11;0.5;5,00E-07;5;157;1.22433587187829E-10;1.77198050019724E-19;4.20948987431642E-10;0.968290318987875;1.49330006036133E-07;3.73325015090334E-08;9.9598580256538E-05;9.7174584943414E-05
C:/Users/rlolo/Documents/Thèse/MEB et AFM/AFM/Résultats AFM Dynamo/06062025/Plaque hydrophobique_ethanol_PEI 0.5_Incubation 1h/cell2/force mapp/map-data-2025.06.06-11.56.16.356.jpk-force-map;map-data-2025.06.06-11.56.16.356.jpk-force-map;1000;0.142;7.801310208055;[2.5e-05, 2.5e-05];[32, 32];5.9356578072392E-06;paraboloid;0.000000032;False;;False;8.23128406775286E-08;7358735.22833272;-1.68395039898315E-11;;0.5;;-1.59405045360647E-19;9.09748883719174E-22;3.01620437589891E-11;0.931181047147953;1.23132555635554E-08;4.10441852118515E-09;1.2397582218127E-06;6.73825070465594E-09;paraboloid;0.000000032;analytical;False;;False;1;465557.687009708;-0.000538048664949779;0.0106477013685837;7.40755182924694E-11;0.5;5,00E-07;5;157;1.31609375830134E-10;1.64930118297569E-19;4.06115892692675E-10;0.969771922865936;-1.89127685697764E-07;-4.72819214244411E-08;9.9726308346808E-05;9.715850066538E-05
C:/Users/rlolo/Documents/Thèse/MEB et AFM/AFM/Résultats AFM Dynamo/06062025/Plaque hydrophobique_ethanol_PEI 0.5_Incubation 1h/cell2/force mapp/map-data-2025.06.06-11.56.16.356.jpk-force-map;map-data-2025.06.06-11.56.16.356.jpk-force-map;1001;0.142;7.801310208055;[2.5e-05, 2.5e-05];[32, 32];5.9316367377307E-06;paraboloid;0.000000032;False;;False;7.80430331418946E-08;3127786.43711003;-1.3837656177445E-11;;0.5;;-1.74667458240439E-19;9.00736264591761E-22;3.00122685679001E-11;0.932038191840554;2.80799799145265E-09;9.35999330484218E-10;1.2356898456041E-06;1.16146866501621E-08;paraboloid;0.000000032;analytical;False;;False;1;456132.730265419;-0.00053985790590763;0.0100001912914941;-1.78349726108351E-11;0.5;5,00E-07;5;158;8.66698565509916E-11;1.67554422456451E-19;4.09334120806525E-10;0.968164767057685;-3.04985768485971E-07;-7.62464421214927E-08;9.9572088504482E-05;9.7160866000385E-05
C:/Users/rlolo/Documents/Thèse/MEB et AFM/AFM/Résultats AFM Dynamo/06062025/Plaque hydrophobique_ethanol_PEI 0.5_Incubation 1h/cell2/force mapp/map-data-2025.06.06-11.56.16.356.jpk-force-map;map-data-2025.06.06-11.56.16.356.jpk-force-map;1002;0.142;7.801310208055;[2.5e-05, 2.5e-05];[32, 32];;;;;;;;;;;;;;;;;;;;;;;;;;;;;;;;;;;;;;;;;;;
C:/Users/rlolo/Documents/Thèse/MEB et AFM/AFM/Résultats AFM Dynamo/06062025/Plaque hydrophobique_ethanol_PEI 0.5_Incubation 1h/cell2/force mapp/map-data-2025.06.06-11.56.16.356.jpk-force-map;map-data-2025.06.06-11.56.16.356.jpk-force-map;1003;0.142;7.801310208055;[2.5e-05, 2.5e-05];[32, 32];7.10335273915755E-06;paraboloid;0.000000032;False;;False;3.5592228682027E-08;32507.733428588;5.04642715957757E-13;;0.5;;1.6435507436578E-20;5.66136454908418E-22;2.37936221477189E-11;0.994124304048913;-2.89882074018806E-10;-9.66273580062687E-11;2.6102333237097E-06;2.68077721281699E-07;paraboloid;0.000000032;analytical;False;;False;1;28029.4921166505;-0.000462928597088606;0.0100000000000021;-1.00026541320736E-10;0.5;5,00E-07;5;144;-5.35559336974803E-17;1.51431318534138E-20;1.23057433149785E-10;0.933567767567379;-2.38234255507635E-08;-5.95585638769087E-09;9.74339778892617E-05;9.7355769604797E-05
C:/Users/rlolo/Documents/Thèse/MEB et AFM/AFM/Résultats AFM Dynamo/06062025/Plaque hydrophobique_ethanol_PEI 0.5_Incubation 1h/cell2/force mapp/map-data-2025.06.06-11.56.16.356.jpk-force-map;map-data-2025.06.06-11.56.16.356.jpk-force-map;1004;0.142;7.801310208055;[2.5e-05, 2.5e-05];[32, 32];1.00938694393291E-05;paraboloid;0.000000032;False;;False;-2.67676776642939E-08;13310.4523051126;3.33503050293399E-12;;0.5;;-3.61636215333754E-21;8.58519024893114E-22;2.93004953011568E-11;0.994152988773192;-1.08648924083276E-09;-3.62163080277586E-10;5.7620895245723E-06;4.94147606119689E-07;paraboloid;0.000000032;analytical;False;;False;1;7063.10446895792;0.000123362681370569;0.114331338406546;-1.12974384202488E-10;0.5;5,00E-07;5;153;-9.46269445698543E-21;5.04944052957065E-21;7.10594154885238E-11;0.974026181487324;5.03904107313423E-09;1.25976026828356E-09;9.49385780820433E-05;9.7430987257956E-05
C:/Users/rlolo/Documents/Thèse/MEB et AFM/AFM/Résultats AFM Dynamo/06062025/Plaque hydrophobique_ethanol_PEI 0.5_Incubation 1h/cell2/force mapp/map-data-2025.06.06-11.56.16.356.jpk-force-map;map-data-2025.06.06-11.56.16.356.jpk-force-map;1005;0.142;7.801310208055;[2.5e-05, 2.5e-05];[32, 32];9.7688724096421E-06;paraboloid;0.000000032;False;;False;-8.64015137171341E-08;15321.4035056005;-1.84190235254454E-11;;0.5;;-2.65334911530546E-20;2.11033092298539E-21;4.59383382697436E-11;0.980429475911634;6.13489947635683E-08;2.04496649211894E-08;5.2890225235723E-06;4.10501266648276E-07;paraboloid;0.000000032;analytical;False;;False;1;12730.5838132764;0.000684161840675605;0.0829966195093917;-1.16985605399255E-10;0.5;5,00E-07;5;147;1.22171932429603E-09;4.62054895984256E-18;2.14954622184371E-09;0.207714521956877;-3.62000452707457E-07;-9.05001131768643E-08;0.000100712653043893;9.7504785710112E-05
C:/Users/rlolo/Documents/Thèse/MEB et AFM/AFM/Résultats AFM Dynamo/06062025/Plaque hydrophobique_ethanol_PEI 0.5_Incubation 1h/cell2/force mapp/map-data-2025.06.06-11.56.16.356.jpk-force-map;map-data-2025.06.06-11.56.16.356.jpk-force-map;1006;0.142;7.801310208055;[2.5e-05, 2.5e-05];[32, 32];9.59059711031525E-06;paraboloid;0.000000032;False;;False;-8.24378567375255E-08;10817.7978252556;-2.52064399722654E-11;;0.5;;-4.85879764549852E-21;1.79488972367788E-21;4.23661388809256E-11;0.990024393880526;7.37100456153751E-08;2.4570015205125E-08;5.2933747399815E-06;5.8799355599134E-07;paraboloid;0.000000032;analytical;False;;False;1;6916.97365546129;-3.29912124909376E-05;0.0791212509151465;-1.82005844545231E-10;0.5;5,00E-07;5;147;1.70629813529278E-09;9.82500622267445E-18;3.13448659634627E-09;0.157429771660917;-6.19234739021893E-07;-1.54808684755473E-07;0.000100561744670574;9.7491539834084E-05
C:/Users/rlolo/Documents/Thèse/MEB et AFM/AFM/Résultats AFM Dynamo/06062025/Plaque hydrophobique_ethanol_PEI 0.5_Incubation 1h/cell2/force mapp/map-data-2025.06.06-11.56.16.356.jpk-force-map;map-data-2025.06.06-11.56.16.356.jpk-force-map;1007;0.142;7.801310208055;[2.5e-05, 2.5e-05];[32, 32];8.94381990654805E-06;paraboloid;0.000000032;False;;False;-8.85846145511158E-08;11463.7610078584;4.28703833909408E-12;;0.5;;-3.34321370194536E-20;2.05977652623808E-21;4.53847609472395E-11;0.985259731797937;-1.77134794453912E-10;-5.90449314846372E-11;4.57495153891285E-06;5.2567196812767E-07;paraboloid;0.000000032;analytical;False;;False;1;8476.76620202962;0.000281228104837286;0.0589522185767892;-2.64972316925048E-11;0.5;5,00E-07;5;157;2.13680115109142E-11;5.41615062524022E-21;7.35945013247608E-11;0.975773230996695;5.01118534442118E-10;1.25279633610529E-10;0.00010069231116285;9.7583314832278E-05
C:/Users/rlolo/Documents/Thèse/MEB et AFM/AFM/Résultats AFM Dynamo/06062025/Plaque hydrophobique_ethanol_PEI 0.5_Incubation 1h/cell2/force mapp/map-data-2025.06.06-11.56.16.356.jpk-force-map;map-data-2025.06.06-11.56.16.356.jpk-force-map;1008;0.142;7.801310208055;[2.5e-05, 2.5e-05];[32, 32];5.8662588781925E-06;paraboloid;0.000000032;False;;False;9.18699579058394E-08;23679845.1111081;1.23122747073141E-11;;0.5;;-1.5151177707249E-18;7.67377745290755E-22;2.7701583804735E-11;0.93086393169532;-3.24227320054696E-08;-1.08075773351565E-08;1.1605194991452E-06;3.14259525108137E-09;paraboloid;0.000000032;analytical;False;;False;1;511053.26108317;-0.000451204788172328;0.0154909253615912;1.71657741589877E-10;0.5;5,00E-07;5;156;1.69208080813678E-10;1.91716503203988E-19;4.37854431522611E-10;0.967177897827785;1.26357461308204E-07;3.15893653270509E-08;0.000100177614265762;9.7512354782128E-05
C:/Users/rlolo/Documents/Thèse/MEB et AFM/AFM/Résultats AFM Dynamo/06062025/Plaque hydrophobique_ethanol_PEI 0.5_Incubation 1h/cell2/force mapp/map-data-2025.06.06-11.56.16.356.jpk-force-map;map-data-2025.06.06-11.56.16.356.jpk-force-map;1009;0.142;7.801310208055;[2.5e-05, 2.5e-05];[32, 32];5.8508368939599E-06;paraboloid;0.000000032;False;;False;8.27021758737725E-08;5218209.10824841;-1.96725268005876E-11;;0.5;;-5.57352809693083E-20;5.29989170184512E-22;2.3021493656679E-11;0.955822625747887;1.57573044679516E-08;5.25243482265053E-09;1.15122373257555E-06;9.16373135364737E-09;paraboloid;0.000000032;analytical;False;;False;1;461325.420043486;-0.000526789536808113;0.010000304427955;1.15114129051701E-11;0.5;5,00E-07;5;157;4.53033197512519E-11;1.25541558939441E-19;3.54318442844062E-10;0.974259048902156;1.21275677133823E-07;3.03189192834557E-08;9.9569250102476E-05;9.7301839966683E-05
C:/Users/rlolo/Documents/Thèse/MEB et AFM/AFM/Résultats AFM Dynamo/06062025/Plaque hydrophobique_ethanol_PEI 0.5_Incubation 1h/cell2/force mapp/map-data-2025.06.06-11.56.16.356.jpk-force-map;map-data-2025.06.06-11.56.16.356.jpk-force-map;1010;0.142;7.801310208055;[2.5e-05, 2.5e-05];[32, 32];5.8264266367083E-06;paraboloid;0.000000032;False;;False;8.26880326539658E-08;7028829.13451662;-2.18123066893402E-11;;0.5;;-8.09131985184119E-20;7.16011911656403E-22;2.67583988993438E-11;0.936280872890379;1.20023892790197E-08;4.0007964263399E-09;1.12766499592575E-06;6.95573853625428E-09;paraboloid;0.000000032;analytical;False;;False;1;469585.057284973;-0.000584889424884641;0.0100062739790252;8.25579150868318E-11;0.5;5,00E-07;5;157;1.26362583322628E-10;1.85982660179166E-19;4.31257069714997E-10;0.967412901154606;3.25915923766655E-07;8.14789809416637E-08;9.9719685408794E-05;9.723419138554E-05
C:/Users/rlolo/Documents/Thèse/MEB et AFM/AFM/Résultats AFM Dynamo/06062025/Plaque hydrophobique_ethanol_PEI 0.5_Incubation 1h/cell2/force mapp/map-data-2025.06.06-11.56.16.356.jpk-force-map;map-data-2025.06.06-11.56.16.356.jpk-force-map;1011;0.142;7.801310208055;[2.5e-05, 2.5e-05];[32, 32];5.82209807364915E-06;paraboloid;0.000000032;False;;False;8.56081571144752E-08;7036913.88456711;-1.87078735278054E-11;;0.5;;-1.989945902558E-19;5.53187681030645E-22;2.35199421987097E-11;0.95804610417162;3.14808135819144E-08;1.04936045273048E-08;1.1277359559759E-06;7.51174340053209E-09;paraboloid;0.000000032;analytical;False;;False;1;441927.355664283;-0.000555239365162058;0.0100106195945052;-2.16449439393036E-11;0.5;5,00E-07;5;157;7.45913589236518E-11;1.28290519677377E-19;3.58176659872439E-10;0.971437342892979;3.04446257093673E-08;7.61115642734182E-09;9.957114237048E-05;9.7200603628469E-05
C:/Users/rlolo/Documents/Thèse/MEB et AFM/AFM/Résultats AFM Dynamo/06062025/Plaque hydrophobique_ethanol_PEI 0.5_Incubation 1h/cell2/force mapp/map-data-2025.06.06-11.56.16.356.jpk-force-map;map-data-2025.06.06-11.56.16.356.jpk-force-map;1012;0.142;7.801310208055;[2.5e-05, 2.5e-05];[32, 32];5.80582456881475E-06;paraboloid;0.000000032;False;;False;8.57244582945556E-08;17243481.5973348;-1.77296574144308E-11;;0.5;;-4.58331316771732E-19;5.89863648703386E-22;2.4287108693778E-11;0.952698295805461;1.28689540732734E-08;4.28965135775781E-09;1.1091917295367E-06;4.42300130527747E-09;paraboloid;0.000000032;analytical;False;;False;1;500196.22615494;-0.000483971301293564;0.0137258195268073;8.59630906337591E-11;0.5;5,00E-07;5;157;1.00749939426877E-10;1.84056107425339E-19;4.29017607360513E-10;0.964772303398366;2.17569540781415E-07;5.43923851953539E-08;9.9701708862756E-05;9.7203442030475E-05
C:/Users/rlolo/Documents/Thèse/MEB et AFM/AFM/Résultats AFM Dynamo/06062025/Plaque hydrophobique_ethanol_PEI 0.5_Incubation 1h/cell2/force mapp/map-data-2025.06.06-11.56.16.356.jpk-force-map;map-data-2025.06.06-11.56.16.356.jpk-force-map;1013;0.142;7.801310208055;[2.5e-05, 2.5e-05];[32, 32];5.79328829328825E-06;paraboloid;0.000000032;False;;False;8.91767824691997E-08;31258213.8732568;-2.6872781365055E-11;;0.5;;-2.26254080665274E-20;8.45004865406663E-22;2.90689673949155E-11;0.919480535265181;1.38239391135766E-08;4.60797970452554E-09;1.0985950287143E-06;2.60326511436837E-09;paraboloid;0.000000032;analytical;False;;False;1;350991.77426242;-0.000518499515648556;0.0478169573179265;2.70041299411245E-11;0.5;5,00E-07;5;159;5.6616384887223E-11;1.79776229227348E-19;4.24000270315183E-10;0.969486760309689;8.60613126921197E-08;2.15153281730299E-08;9.9650617626648E-05;9.7187357752441E-05
C:/Users/rlolo/Documents/Thèse/MEB et AFM/AFM/Résultats AFM Dynamo/06062025/Plaque hydrophobique_ethanol_PEI 0.5_Incubation 1h/cell2/force mapp/map-data-2025.06.06-11.56.16.356.jpk-force-map;map-data-2025.06.06-11.56.16.356.jpk-force-map;1014;0.142;7.801310208055;[2.5e-05, 2.5e-05];[32, 32];5.78737495577575E-06;paraboloid;0.000000032;False;;False;8.67659249038208E-08;32185026.6233432;-1.70958263155044E-11;;0.5;;-4.45800147827842E-19;7.60597348339228E-22;2.7578929426996E-11;0.932570568038908;2.62272576580163E-08;8.74241921933877E-09;1.09057654304735E-06;2.64320288192626E-09;paraboloid;0.000000032;analytical;False;;False;1;436378.528426794;-0.000715918725013635;0.0101211946829226;8.36223745841909E-11;0.5;5,00E-07;5;156;1.15524492713327E-10;2.30452347205722E-19;4.80054525242417E-10;0.958289016862597;2.98047494021252E-06;7.45118735053131E-07;9.9591011184522E-05;9.7176004144417E-05
C:/Users/rlolo/Documents/Thèse/MEB et AFM/AFM/Résultats AFM Dynamo/06062025/Plaque hydrophobique_ethanol_PEI 0.5_Incubation 1h/cell2/force mapp/map-data-2025.06.06-11.56.16.356.jpk-force-map;map-data-2025.06.06-11.56.16.356.jpk-force-map;1015;0.142;7.801310208055;[2.5e-05, 2.5e-05];[32, 32];5.78401618006865E-06;paraboloid;0.000000032;False;;False;8.3503721473815E-08;7976937.43364456;-1.67406950129091E-11;;0.5;;-1.98459517335783E-19;4.59802285136837E-22;2.14430008426255E-11;0.962753683646968;4.00722510552277E-09;1.33574170184092E-09;1.08849504824295E-06;7.04497381233581E-09;paraboloid;0.000000032;analytical;False;;False;1;399445.265111425;-0.000631407124601901;0.0100002847054553;-1.69244270248284E-11;0.5;5,00E-07;5;157;2.39914388317813E-11;1.37189014596553E-19;3.70390354351397E-10;0.966410184789344;2.15665615593422E-07;5.39164038983554E-08;9.9573980772486E-05;9.7176950278419E-05
C:/Users/rlolo/Documents/Thèse/MEB et AFM/AFM/Résultats AFM Dynamo/06062025/Plaque hydrophobique_ethanol_PEI 0.5_Incubation 1h/cell2/force mapp/map-data-2025.06.06-11.56.16.356.jpk-force-map;map-data-2025.06.06-11.56.16.356.jpk-force-map;1016;0.142;7.801310208055;[2.5e-05, 2.5e-05];[32, 32];5.7636979523757E-06;paraboloid;0.000000032;False;;False;8.39089299477931E-08;8500820.05049507;-2.45419988077882E-11;;0.5;;-1.14175417384003E-19;5.40748283574135E-22;2.32539950024535E-11;0.953133126168452;7.99115170008541E-09;2.6637172333618E-09;1.0670414597476E-06;6.37319598467677E-09;paraboloid;0.000000032;analytical;False;;False;1;443532.910975272;-0.000571003799046319;0.0100406467704169;-2.31533094901082E-13;0.5;5,00E-07;5;157;6.48374349161806E-11;1.43787574805259E-19;3.79193321150648E-10;0.970121327713533;6.07191954918634E-07;1.51797988729659E-07;9.973671582083E-05;9.7188776953444E-05
C:/Users/rlolo/Documents/Thèse/MEB et AFM/AFM/Résultats AFM Dynamo/06062025/Plaque hydrophobique_ethanol_PEI 0.5_Incubation 1h/cell2/force mapp/map-data-2025.06.06-11.56.16.356.jpk-force-map;map-data-2025.06.06-11.56.16.356.jpk-force-map;1017;0.142;7.801310208055;[2.5e-05, 2.5e-05];[32, 32];5.7663944342814E-06;paraboloid;0.000000032;False;;False;8.74748147063104E-08;24104220.3698479;-1.70971010416878E-11;;0.5;;-1.8908093398102E-19;4.7854004522868E-22;2.18755581695343E-11;0.954706405177712;1.86778727391603E-08;6.22595757972009E-09;1.07146463620695E-06;3.36271836530213E-09;paraboloid;0.000000032;analytical;False;;False;1;477534.231256303;-0.000640780836117662;0.0100129222883826;3.78402409779932E-11;0.5;5,00E-07;5;156;5.27733772043634E-11;2.49668554716339E-19;4.9966844478748E-10;0.954094799381381;3.30923016271286E-07;8.27307540678214E-08;9.9498763119327E-05;9.7187830819442E-05
C:/Users/rlolo/Documents/Thèse/MEB et AFM/AFM/Résultats AFM Dynamo/06062025/Plaque hydrophobique_ethanol_PEI 0.5_Incubation 1h/cell2/force mapp/map-data-2025.06.06-11.56.16.356.jpk-force-map;map-data-2025.06.06-11.56.16.356.jpk-force-map;1018;0.142;7.801310208055;[2.5e-05, 2.5e-05];[32, 32];5.74872538179405E-06;paraboloid;0.000000032;False;;False;8.76906678610329E-08;11406013.950537;-1.58018229094771E-11;;0.5;;-1.43992200318724E-19;5.49367247333039E-22;2.34385845846766E-11;0.955185678466932;6.52583593715533E-09;2.17527864571844E-09;1.0562082254247E-06;5.9044838827397E-09;paraboloid;0.000000032;analytical;False;;False;1;444780.453140072;-0.000610425879443976;0.0100605826066814;2.67839706080429E-11;0.5;5,00E-07;5;157;7.45225505719586E-11;1.7972688659564E-19;4.23942079293434E-10;0.965164468637973;4.54126349323331E-07;1.13531587330833E-07;9.9687516852726E-05;9.7169854273404E-05
C:/Users/rlolo/Documents/Thèse/MEB et AFM/AFM/Résultats AFM Dynamo/06062025/Plaque hydrophobique_ethanol_PEI 0.5_Incubation 1h/cell2/force mapp/map-data-2025.06.06-11.56.16.356.jpk-force-map;map-data-2025.06.06-11.56.16.356.jpk-force-map;1019;0.142;7.801310208055;[2.5e-05, 2.5e-05];[32, 32];5.7267987262977E-06;paraboloid;0.000000032;False;;False;8.63028548669269E-08;8996114.60198786;-1.69050339817008E-11;;0.5;;-5.07249576773998E-19;1.00639347937793E-21;3.17237053223284E-11;0.908374744627773;-7.04301841260799E-09;-2.34767280420266E-09;1.0334537026766E-06;5.49602242556625E-09;paraboloid;0.000000032;analytical;False;;False;1;478091.597302389;-0.000569642945149594;0.010388713433822;9.41627496740295E-11;0.5;5,00E-07;5;157;1.08123336010786E-10;1.93330040168712E-19;4.39693120447332E-10;0.966195378507747;1.68715556329913E-07;4.21788890824783E-08;9.9708804867771E-05;9.7164177469392E-05
C:/Users/rlolo/Documents/Thèse/MEB et AFM/AFM/Résultats AFM Dynamo/06062025/Plaque hydrophobique_ethanol_PEI 0.5_Incubation 1h/cell2/force mapp/map-data-2025.06.06-11.56.16.356.jpk-force-map;map-data-2025.06.06-11.56.16.356.jpk-force-map;1020;0.142;7.801310208055;[2.5e-05, 2.5e-05];[32, 32];5.7241495510921E-06;paraboloid;0.000000032;False;;False;8.54507798778541E-08;6920775.82026373;-1.94405316210252E-11;;0.5;;-1.72915371240139E-19;6.73691282369142E-22;2.59555636110862E-11;0.944888964027301;8.53294101326563E-09;2.84431367108854E-09;1.03092279422125E-06;7.30163275126593E-09;paraboloid;0.000000032;analytical;False;;False;1;467250.544131295;-0.000600439529892282;0.0100052313326639;8.66783217674513E-12;0.5;5,00E-07;5;157;9.94798894521714E-11;2.02292281457315E-19;4.49769142402317E-10;0.96431426965998;-1.21403622391948E-06;-3.03509055979869E-07;9.9559788762456E-05;9.7164177469392E-05
C:/Users/rlolo/Documents/Thèse/MEB et AFM/AFM/Résultats AFM Dynamo/06062025/Plaque hydrophobique_ethanol_PEI 0.5_Incubation 1h/cell2/force mapp/map-data-2025.06.06-11.56.16.356.jpk-force-map;map-data-2025.06.06-11.56.16.356.jpk-force-map;1021;0.142;7.801310208055;[2.5e-05, 2.5e-05];[32, 32];5.716533172376E-06;paraboloid;0.000000032;False;;False;8.60218659770257E-08;30731191.2276292;-2.05430486907175E-11;;0.5;;-1.33655956091863E-18;7.46529608744946E-22;2.73226940242895E-11;0.936453291211909;3.82027907938406E-08;1.27342635979469E-08;1.0202551333487E-06;2.69330886423117E-09;paraboloid;0.000000032;analytical;False;;False;1;442508.914855466;-0.000582824220645139;0.0100036731249144;6.91744571854918E-11;0.5;5,00E-07;5;157;1.29980415541445E-10;1.49600927366345E-19;3.86782790938719E-10;0.972336791859768;-3.9347893970009E-07;-9.83697349250224E-08;9.9597634122536E-05;9.7169854273404E-05
C:/Users/rlolo/Documents/Thèse/MEB et AFM/AFM/Résultats AFM Dynamo/06062025/Plaque hydrophobique_ethanol_PEI 0.5_Incubation 1h/cell2/force mapp/map-data-2025.06.06-11.56.16.356.jpk-force-map;map-data-2025.06.06-11.56.16.356.jpk-force-map;1022;0.142;7.801310208055;[2.5e-05, 2.5e-05];[32, 32];5.7016315618445E-06;paraboloid;0.000000032;False;;False;8.42861903527465E-08;6558335.57539713;-1.96545671042708E-11;;0.5;;-4.85279353809116E-20;9.24049587465067E-22;3.03981839501156E-11;0.909719844761933;1.28846036855867E-08;4.29486789519558E-09;1.0065361903197E-06;6.59697443102818E-09;paraboloid;0.000000032;analytical;False;;False;1;457246.47305397;-0.000581333561383519;0.0100008528349809;4.62166469421564E-11;0.5;5,00E-07;5;157;9.70550801669815E-11;1.78343596158273E-19;4.22307466377606E-10;0.966036611566795;6.53718504359426E-07;1.63429626089857E-07;9.9660078966668E-05;9.7170800407406E-05
C:/Users/rlolo/Documents/Thèse/MEB et AFM/AFM/Résultats AFM Dynamo/06062025/Plaque hydrophobique_ethanol_PEI 0.5_Incubation 1h/cell2/force mapp/map-data-2025.06.06-11.56.16.356.jpk-force-map;map-data-2025.06.06-11.56.16.356.jpk-force-map;1023;0.142;7.801310208055;[2.5e-05, 2.5e-05];[32, 32];5.6978943325366E-06;paraboloid;0.000000032;False;;False;8.31451700304791E-08;5550682.19026934;-2.52103197195502E-11;;0.5;;-2.77348730115613E-19;5.62242675450321E-22;2.37116569528644E-11;0.951374545270857;346296.410283064;115432.136761021;1.0031301079125E-06;8.24110603011574E-09;paraboloid;0.000000032;analytical;False;;False;1;441259.98924861;-0.000602932794989785;0.0100000000360143;-5.34871477031207E-11;0.5;5,00E-07;5;157;4.10144067272259E-11;1.64862089761003E-19;4.06032128976271E-10;0.96551965538746;2.19847920873143E-07;5.49619802182857E-08;9.955221969044E-05;0.0000971679620054
;;;;;;;;;;;;;;;;;;;;;;;;;;;;;;;;;;;;;;;;;;;;;;;;5.29E-05;7.19E-05
;;;;;;;;;;;;;;;;;;;;;;;;;;;;;;;;;;;;;;;;;;;;;;;;1.01E-04;9.79E-05
;;;;;;;;;;;;;;;;;;;;;;;;;;;;;;;;;;;;;;;;;;;;;;;;9.83E-05;9.70E-05
;;;;;;;;;;;;;;;;;;;;;;;;;;;;;;;;;;;;;;;;;;;;;;;;3.90E-06;1.50E-06
